mark	distance_bp	cpg_coverage	cpg_methylated	meth_frac_raw	meth_frac_smooth
h3k27ac	0	18	9	0.5	0.22023809523809523
h3k27ac	1	46	8	0.17391304347826086	0.21428571428571427
h3k27ac	2	32	4	0.125	0.23605150214592274
h3k27ac	3	38	12	0.3157894736842105	0.26595744680851063
h3k27ac	4	34	4	0.11764705882352941	0.26959247648902823
h3k27ac	5	28	5	0.17857142857142858	0.26608187134502925
h3k27ac	6	37	13	0.35135135135135137	0.27927927927927926
h3k27ac	7	49	20	0.40816326530612246	0.2824207492795389
h3k27ac	8	37	11	0.2972972972972973	0.2696629213483146
h3k27ac	9	41	14	0.34146341463414637	0.2833333333333333
h3k27ac	10	37	10	0.2702702702702703	0.2887700534759358
h3k27ac	11	46	9	0.1956521739130435	0.27055702917771884
h3k27ac	12	47	10	0.2127659574468085	0.2493368700265252
h3k27ac	13	38	10	0.2631578947368421	0.24093264248704663
h3k27ac	14	42	11	0.2619047619047619	0.23636363636363636
h3k27ac	15	40	7	0.175	0.2436548223350254
h3k27ac	16	49	12	0.24489795918367346	0.2531969309462916
h3k27ac	17	46	10	0.21739130434782608	0.2676767676767677
h3k27ac	18	40	12	0.3	0.25831202046035806
h3k27ac	19	46	15	0.32608695652173914	0.2558139534883721
h3k27ac	20	43	12	0.27906976744186046	0.2774869109947644
h3k27ac	21	52	17	0.3269230769230769	0.2670157068062827
h3k27ac	22	33	5	0.15151515151515152	0.2821917808219178
h3k27ac	23	38	9	0.23684210526315788	0.2710526315789474
h3k27ac	24	35	14	0.4	0.2559366754617414
h3k27ac	25	49	8	0.16326530612244897	0.25
h3k27ac	26	29	11	0.3793103448275862	0.24744897959183673
h3k27ac	27	55	12	0.21818181818181817	0.25
h3k27ac	28	45	9	0.2	0.25
h3k27ac	29	52	12	0.23076923076923078	0.23923444976076555
h3k27ac	30	56	17	0.30357142857142855	0.24449877750611246
h3k27ac	31	45	9	0.2	0.24074074074074073
h3k27ac	32	46	11	0.2391304347826087	0.2463768115942029
h3k27ac	33	41	11	0.2682926829268293	0.25
h3k27ac	34	40	8	0.2	0.25970873786407767
h3k27ac	35	52	15	0.28846153846153844	0.2545454545454545
h3k27ac	36	37	10	0.2702702702702703	0.2717678100263852
h3k27ac	37	47	11	0.23404255319148937	0.25925925925925924
h3k27ac	38	48	15	0.3125	0.25906735751295334
h3k27ac	39	29	8	0.27586206896551724	0.25773195876288657
h3k27ac	40	39	14	0.358974358974359	0.24802110817941952
h3k27ac	41	45	6	0.13333333333333333	0.24802110817941952
h3k27ac	42	49	13	0.2653061224489796	0.24324324324324326
h3k27ac	43	42	8	0.19047619047619047	0.22727272727272727
h3k27ac	44	43	9	0.20930232558139536	0.23036649214659685
h3k27ac	45	37	10	0.2702702702702703	0.22164948453608246
h3k27ac	46	38	7	0.18421052631578946	0.22251308900523561
h3k27ac	47	30	5	0.16666666666666666	0.22486772486772486
h3k27ac	48	59	16	0.2711864406779661	0.23482849604221637
h3k27ac	49	45	12	0.26666666666666666	0.2386058981233244
h3k27ac	50	39	5	0.1282051282051282	0.23872679045092837
h3k27ac	51	45	13	0.28888888888888886	0.2413793103448276
h3k27ac	52	43	12	0.27906976744186046	0.24484536082474226
h3k27ac	53	37	9	0.24324324324324326	0.24266666666666667
h3k27ac	54	41	11	0.2682926829268293	0.23342175066312998
h3k27ac	55	38	8	0.21052631578947367	0.2481012658227848
h3k27ac	56	41	9	0.21951219512195122	0.23846153846153847
h3k27ac	57	46	12	0.2608695652173913	0.22395833333333334
h3k27ac	58	47	9	0.19148936170212766	0.22020725388601037
h3k27ac	59	57	15	0.2631578947368421	0.21502590673575128
h3k27ac	60	40	8	0.2	0.22693266832917705
h3k27ac	61	37	5	0.13513513513513514	0.23671497584541062
h3k27ac	62	39	8	0.20512820512820512	0.2347417840375587
h3k27ac	63	41	9	0.21951219512195122	0.25059101654846333
h3k27ac	64	53	16	0.3018867924528302	0.24812030075187969
h3k27ac	65	54	16	0.2962962962962963	0.2644230769230769
h3k27ac	66	58	14	0.2413793103448276	0.2761904761904762
h3k27ac	67	44	15	0.3409090909090909	0.2810304449648712
h3k27ac	68	33	8	0.24242424242424243	0.28438228438228436
h3k27ac	69	57	19	0.3333333333333333	0.2776470588235294
h3k27ac	70	41	11	0.2682926829268293	0.27058823529411763
h3k27ac	71	46	12	0.2608695652173913	0.2687651331719128
h3k27ac	72	43	11	0.2558139534883721	0.2684085510688836
h3k27ac	73	49	12	0.24489795918367346	0.27610208816705334
h3k27ac	74	54	13	0.24074074074074073	0.26265060240963856
h3k27ac	75	46	10	0.21739130434782608	0.26634382566585957
h3k27ac	76	52	17	0.3269230769230769	0.2665036674816626
h3k27ac	77	43	14	0.32558139534883723	0.26119402985074625
h3k27ac	78	41	9	0.21951219512195122	0.26288659793814434
h3k27ac	79	39	12	0.3076923076923077	0.27461139896373055
h3k27ac	80	42	11	0.2619047619047619	0.26455026455026454
h3k27ac	81	36	7	0.19444444444444445	0.2695417789757412
h3k27ac	82	35	9	0.2571428571428571	0.25205479452054796
h3k27ac	83	52	17	0.3269230769230769	0.2569060773480663
h3k27ac	84	38	4	0.10526315789473684	0.24316939890710382
h3k27ac	85	45	17	0.37777777777777777	0.25135135135135134
h3k27ac	86	37	6	0.16216216216216217	0.26737967914438504
h3k27ac	87	38	10	0.2631578947368421	0.2710526315789474
h3k27ac	88	43	8	0.18604651162790697	0.256
h3k27ac	89	46	15	0.32608695652173914	0.27807486631016043
h3k27ac	90	40	14	0.35	0.27671232876712326
h3k27ac	91	41	12	0.2926829268292683	0.27419354838709675
h3k27ac	92	47	10	0.2127659574468085	0.25857519788918204
h3k27ac	93	37	12	0.32432432432432434	0.2677165354330709
h3k27ac	94	36	14	0.3888888888888889	0.2661290322580645
h3k27ac	95	44	7	0.1590909090909091	0.2560646900269542
h3k27ac	96	45	6	0.13333333333333333	0.24736842105263157
h3k27ac	97	45	12	0.26666666666666666	0.25405405405405407
h3k27ac	98	37	12	0.32432432432432434	0.25133689839572193
h3k27ac	99	39	10	0.2564102564102564	0.2394736842105263
h3k27ac	100	50	11	0.22	0.2486910994764398
h3k27ac	101	37	10	0.2702702702702703	0.2613333333333333
h3k27ac	102	41	12	0.2926829268292683	0.2661498708010336
h3k27ac	103	42	11	0.2619047619047619	0.26463104325699743
h3k27ac	104	46	11	0.2391304347826087	0.2770780856423174
h3k27ac	105	38	9	0.23684210526315788	0.2813299232736573
h3k27ac	106	57	17	0.2982456140350877	0.2828282828282828
h3k27ac	107	43	13	0.3023255813953488	0.29292929292929293
h3k27ac	108	43	16	0.37209302325581395	0.29545454545454547
h3k27ac	109	44	11	0.25	0.3015463917525773
h3k27ac	110	42	12	0.2857142857142857	0.3048780487804878
h3k27ac	111	41	16	0.3902439024390244	0.3194103194103194
h3k27ac	112	42	12	0.2857142857142857	0.3140096618357488
h3k27ac	113	38	11	0.2894736842105263	0.30900243309002434
h3k27ac	114	60	17	0.2833333333333333	0.30861244019138756
h3k27ac	115	54	22	0.4074074074074074	0.31234866828087166
h3k27ac	116	50	13	0.26	0.2988235294117647
h3k27ac	117	40	13	0.325	0.2863849765258216
h3k27ac	118	51	13	0.2549019607843137	0.28199052132701424
h3k27ac	119	37	12	0.32432432432432434	0.28255528255528256
h3k27ac	120	53	14	0.2641509433962264	0.26582278481012656
h3k27ac	121	43	7	0.16279069767441862	0.27455919395465994
h3k27ac	122	34	8	0.23529411764705882	0.2655086848635236
h3k27ac	123	45	13	0.28888888888888886	0.2675
h3k27ac	124	42	12	0.2857142857142857	0.26014319809069214
h3k27ac	125	52	17	0.3269230769230769	0.2512690355329949
h3k27ac	126	46	11	0.2391304347826087	0.25757575757575757
h3k27ac	127	48	13	0.2708333333333333	0.254320987654321
h3k27ac	128	56	14	0.25	0.26034063260340634
h3k27ac	129	28	4	0.14285714285714285	0.26666666666666666
h3k27ac	130	45	10	0.2222222222222222	0.2601010101010101
h3k27ac	131	43	9	0.20930232558139536	0.2595419847328244
h3k27ac	132	51	17	0.3333333333333333	0.25984251968503935
h3k27ac	133	36	13	0.3611111111111111	0.2520775623268698
h3k27ac	134	43	12	0.27906976744186046	0.260752688172043
h3k27ac	135	43	10	0.23255813953488372	0.27034120734908135
h3k27ac	136	36	10	0.2777777777777778	0.2823834196891192
h3k27ac	137	36	6	0.16666666666666666	0.2675324675324675
h3k27ac	138	39	10	0.2564102564102564	0.2570694087403599
h3k27ac	139	54	16	0.2962962962962963	0.24871794871794872
h3k27ac	140	48	15	0.3125	0.2558139534883721
h3k27ac	141	50	11	0.22	0.25129533678756477
h3k27ac	142	40	10	0.25	0.25125628140703515
h3k27ac	143	44	9	0.20454545454545456	0.24874371859296482
h3k27ac	144	40	12	0.3	0.2402088772845953
h3k27ac	145	35	8	0.22857142857142856	0.2421875
h3k27ac	146	48	9	0.1875	0.24473684210526317
h3k27ac	147	39	9	0.23076923076923078	0.2393617021276596
h3k27ac	148	39	9	0.23076923076923078	0.25675675675675674
h3k27ac	149	49	16	0.32653061224489793	0.264
h3k27ac	150	46	11	0.2391304347826087	0.2647058823529412
h3k27ac	151	36	7	0.19444444444444445	0.2821917808219178
h3k27ac	152	38	14	0.3684210526315789	0.2891891891891892
h3k27ac	153	45	16	0.35555555555555557	0.2978723404255319
h3k27ac	154	34	8	0.23529411764705882	0.29526462395543174
h3k27ac	155	39	13	0.3333333333333333	0.30939226519337015
h3k27ac	156	44	13	0.29545454545454547	0.3224932249322493
h3k27ac	157	45	14	0.3111111111111111	0.3108108108108108
h3k27ac	158	32	10	0.3125	0.3018867924528302
h3k27ac	159	49	17	0.3469387755102041	0.3082901554404145
h3k27ac	160	43	14	0.32558139534883723	0.3155216284987277
h3k27ac	161	39	10	0.2564102564102564	0.29873417721518986
h3k27ac	162	46	13	0.2826086956521739	0.3022670025188917
h3k27ac	163	49	15	0.30612244897959184	0.2912621359223301
h3k27ac	164	46	18	0.391304347826087	0.2747524752475248
h3k27ac	165	46	7	0.15217391304347827	0.2647058823529412
h3k27ac	166	47	16	0.3404255319148936	0.27790973871733965
h3k27ac	167	47	10	0.2127659574468085	0.2693208430913349
h3k27ac	168	41	8	0.1951219512195122	0.2616136919315403
h3k27ac	169	47	11	0.23404255319148937	0.2560386473429952
h3k27ac	170	52	19	0.36538461538461536	0.26485148514851486
h3k27ac	171	52	11	0.21153846153846154	0.255
h3k27ac	172	31	7	0.22580645161290322	0.2641975308641975
h3k27ac	173	51	17	0.3333333333333333	0.26277372262773724
h3k27ac	174	36	8	0.2222222222222222	0.26150121065375304
h3k27ac	175	43	11	0.2558139534883721	0.24078624078624078
h3k27ac	176	52	15	0.28846153846153844	0.24069478908188585
h3k27ac	177	47	9	0.19148936170212766	0.24876847290640394
h3k27ac	178	49	11	0.22448979591836735	0.2366412213740458
h3k27ac	179	46	9	0.1956521739130435	0.2390745501285347
h3k27ac	180	48	10	0.20833333333333334	0.24257425742574257
h3k27ac	181	34	11	0.3235294117647059	0.2457002457002457
h3k27ac	182	38	9	0.23684210526315788	0.25245098039215685
h3k27ac	183	32	8	0.25	0.26119402985074625
h3k27ac	184	58	16	0.27586206896551724	0.2641025641025641
h3k27ac	185	55	17	0.3090909090909091	0.27461139896373055
h3k27ac	186	48	12	0.25	0.26884422110552764
h3k27ac	187	43	13	0.3023255813953488	0.2613065326633166
h3k27ac	188	34	7	0.20588235294117646	0.26520681265206814
h3k27ac	189	44	13	0.29545454545454547	0.271356783919598
h3k27ac	190	46	12	0.2608695652173913	0.26631853785900783
h3k27ac	191	38	6	0.15789473684210525	0.26273458445040215
h3k27ac	192	45	13	0.28888888888888886	0.26063829787234044
h3k27ac	193	45	15	0.3333333333333333	0.25935828877005346
h3k27ac	194	40	11	0.275	0.239247311827957
h3k27ac	195	38	8	0.21052631578947367	0.24064171122994651
h3k27ac	196	46	13	0.2826086956521739	0.2335958005249344
h3k27ac	197	32	6	0.1875	0.23821989528795812
h3k27ac	198	42	5	0.11904761904761904	0.22077922077922077
h3k27ac	199	48	13	0.2708333333333333	0.22857142857142856
h3k27ac	200	45	5	0.1111111111111111	0.22337662337662337
h3k27ac	201	46	15	0.32608695652173914	0.23177083333333334
h3k27ac	202	48	9	0.1875	0.245
h3k27ac	203	40	14	0.35	0.2729528535980149
h3k27ac	204	38	6	0.15789473684210525	0.2623376623376623
h3k27ac	205	45	16	0.35555555555555557	0.2766497461928934
h3k27ac	206	48	15	0.3125	0.2770448548812665
h3k27ac	207	45	17	0.37777777777777777	0.2826666666666667
h3k27ac	208	30	4	0.13333333333333333	0.27296587926509186
h3k27ac	209	54	13	0.24074074074074073	0.28498727735368956
h3k27ac	210	31	11	0.3548387096774194	0.2739018087855297
h3k27ac	211	44	10	0.22727272727272727	0.2632978723404255
h3k27ac	212	46	12	0.2608695652173913	0.24932249322493225
h3k27ac	213	50	14	0.28	0.248
h3k27ac	214	39	10	0.2564102564102564	0.2548476454293629
h3k27ac	215	37	8	0.21621621621621623	0.23835616438356164
h3k27ac	216	38	10	0.2631578947368421	0.24581005586592178
h3k27ac	217	36	5	0.1388888888888889	0.24517906336088155
h3k27ac	218	40	12	0.3	0.23714285714285716
h3k27ac	219	35	6	0.17142857142857143	0.23743016759776536
h3k27ac	220	37	11	0.2972972972972973	0.24216524216524216
h3k27ac	221	51	13	0.2549019607843137	0.25885558583106266
h3k27ac	222	37	8	0.21621621621621623	0.2671957671957672
h3k27ac	223	47	12	0.2553191489361702	0.26246719160104987
h3k27ac	224	30	8	0.26666666666666666	0.27877237851662406
h3k27ac	225	54	20	0.37037037037037035	0.2718204488778055
h3k27ac	226	47	11	0.23404255319148937	0.26785714285714285
h3k27ac	227	43	11	0.2558139534883721	0.28641975308641976
h3k27ac	228	45	15	0.3333333333333333	0.2972292191435768
h3k27ac	229	47	11	0.23404255319148937	0.291970802919708
h3k27ac	230	42	9	0.21428571428571427	0.2695214105793451
h3k27ac	231	50	19	0.38	0.27621483375959077
h3k27ac	232	39	14	0.358974358974359	0.2741514360313316
h3k27ac	233	44	10	0.22727272727272727	0.2620320855614973
h3k27ac	234	40	7	0.175	0.26373626373626374
h3k27ac	235	41	12	0.2926829268292683	0.26902173913043476
h3k27ac	236	35	8	0.22857142857142856	0.25139664804469275
h3k27ac	237	36	8	0.2222222222222222	0.24863387978142076
h3k27ac	238	37	9	0.24324324324324326	0.24043715846994534
h3k27ac	239	46	12	0.2608695652173913	0.24324324324324326
h3k27ac	240	40	10	0.25	0.24533333333333332
h3k27ac	241	47	15	0.3191489361702128	0.24281984334203655
h3k27ac	242	44	7	0.1590909090909091	0.23558897243107768
h3k27ac	243	44	9	0.20454545454545456	0.24317617866004962
h3k27ac	244	46	14	0.30434782608695654	0.23057644110275688
h3k27ac	245	43	9	0.20930232558139536	0.23366834170854273
h3k27ac	246	52	9	0.17307692307692307	0.2315270935960591
h3k27ac	247	41	13	0.3170731707317073	0.24019607843137256
h3k27ac	248	42	6	0.14285714285714285	0.25679012345679014
h3k27ac	249	39	11	0.28205128205128205	0.23399014778325122
h3k27ac	250	55	16	0.2909090909090909	0.24317617866004962
h3k27ac	251	46	11	0.2391304347826087	0.2578947368421053
h3k27ac	252	41	15	0.36585365853658536	0.24468085106382978
h3k27ac	253	47	5	0.10638297872340426	0.2578947368421053
h3k27ac	254	40	12	0.3	0.2551546391752577
h3k27ac	255	29	9	0.3103448275862069	0.2440318302387268
h3k27ac	256	37	7	0.1891891891891892	0.24324324324324326
h3k27ac	257	46	12	0.2608695652173913	0.23160762942779292
h3k27ac	258	47	12	0.2553191489361702	0.25136612021857924
h3k27ac	259	44	9	0.20454545454545456	0.2540106951871658
h3k27ac	260	39	9	0.23076923076923078	0.2390745501285347
h3k27ac	261	38	10	0.2631578947368421	0.2398989898989899
h3k27ac	262	46	12	0.2608695652173913	0.25906735751295334
h3k27ac	263	48	15	0.3125	0.2755102040816326
h3k27ac	264	44	7	0.1590909090909091	0.2849604221635884
h3k27ac	265	44	9	0.20454545454545456	0.28388746803069054
h3k27ac	266	36	17	0.4722222222222222	0.28974358974358977
h3k27ac	267	53	20	0.37735849056603776	0.2809278350515464
h3k27ac	268	31	9	0.2903225806451613	0.2807486631016043
h3k27ac	269	51	12	0.23529411764705882	0.29545454545454547
h3k27ac	270	37	12	0.32432432432432434	0.31351351351351353
h3k27ac	271	44	8	0.18181818181818182	0.30423280423280424
h3k27ac	272	34	11	0.3235294117647059	0.27540106951871657
h3k27ac	273	22	6	0.2727272727272727	0.27851458885941643
h3k27ac	274	62	21	0.3387096774193548	0.2620320855614973
h3k27ac	275	44	16	0.36363636363636365	0.26717557251908397
h3k27ac	276	49	8	0.16326530612244897	0.2683544303797468
h3k27ac	277	34	11	0.3235294117647059	0.26666666666666666
h3k27ac	278	48	5	0.10416666666666667	0.2617924528301887
h3k27ac	279	56	19	0.3392857142857143	0.24876847290640394
h3k27ac	280	46	9	0.1956521739130435	0.23383084577114427
h3k27ac	281	44	13	0.29545454545454547	0.2376237623762376
h3k27ac	282	41	9	0.21951219512195122	0.2446043165467626
h3k27ac	283	44	11	0.25	0.26150121065375304
h3k27ac	284	40	9	0.225	0.23232323232323232
h3k27ac	285	51	10	0.19607843137254902	0.24111675126903553
h3k27ac	286	47	17	0.3617021276595745	0.25316455696202533
h3k27ac	287	44	11	0.25	0.24873096446700507
h3k27ac	288	39	3	0.07692307692307693	0.25510204081632654
h3k27ac	289	44	12	0.2727272727272727	0.25
h3k27ac	290	45	18	0.4	0.256
h3k27ac	291	40	7	0.175	0.25268817204301075
h3k27ac	292	42	13	0.30952380952380953	0.2386058981233244
h3k27ac	293	36	6	0.16666666666666666	0.25906735751295334
h3k27ac	294	38	9	0.23684210526315788	0.25
h3k27ac	295	44	15	0.3409090909090909	0.23809523809523808
h3k27ac	296	45	6	0.13333333333333333	0.2422680412371134
h3k27ac	297	52	14	0.2692307692307692	0.24489795918367346
h3k27ac	298	46	9	0.1956521739130435	0.24371859296482412
h3k27ac	299	35	11	0.3142857142857143	0.24189526184538654
h3k27ac	300	50	11	0.22	0.23273657289002558
h3k27ac	301	46	15	0.32608695652173914	0.24611398963730569
h3k27ac	302	42	7	0.16666666666666666	0.2601626016260163
h3k27ac	303	41	9	0.21951219512195122	0.273224043715847
h3k27ac	304	34	9	0.2647058823529412	0.2702702702702703
h3k27ac	305	40	10	0.25	0.27445652173913043
h3k27ac	306	35	15	0.42857142857142855	0.27100271002710025
h3k27ac	307	43	13	0.3023255813953488	0.2853333333333333
h3k27ac	308	39	11	0.28205128205128205	0.29708222811671087
h3k27ac	309	48	12	0.25	0.3133159268929504
h3k27ac	310	47	14	0.2978723404255319	0.3163265306122449
h3k27ac	311	48	14	0.2916666666666667	0.29285714285714287
h3k27ac	312	43	14	0.32558139534883723	0.29411764705882354
h3k27ac	313	40	17	0.425	0.2775229357798165
h3k27ac	314	49	14	0.2857142857142857	0.2843601895734597
h3k27ac	315	63	14	0.2222222222222222	0.2839506172839506
h3k27ac	316	48	15	0.3125	0.29064039408866993
h3k27ac	317	50	7	0.14	0.29280397022332505
h3k27ac	318	34	11	0.3235294117647059	0.2818627450980392
h3k27ac	319	30	9	0.3	0.275
h3k27ac	320	49	17	0.3469387755102041	0.2849740932642487
h3k27ac	321	40	14	0.35	0.26790450928381965
h3k27ac	322	45	14	0.3111111111111111	0.28225806451612906
h3k27ac	323	41	9	0.21951219512195122	0.2632978723404255
h3k27ac	324	49	14	0.2857142857142857	0.25526315789473686
h3k27ac	325	39	6	0.15384615384615385	0.24119241192411925
h3k27ac	326	45	11	0.24444444444444444	0.23497267759562843
h3k27ac	327	38	5	0.13157894736842105	0.22253521126760564
h3k27ac	328	34	7	0.20588235294117646	0.22950819672131148
h3k27ac	329	38	9	0.23684210526315788	0.21367521367521367
h3k27ac	330	37	11	0.2972972972972973	0.2231638418079096
h3k27ac	331	34	7	0.20588235294117646	0.23204419889502761
h3k27ac	332	52	14	0.2692307692307692	0.24193548387096775
h3k27ac	333	34	5	0.14705882352941177	0.24146981627296588
h3k27ac	334	42	10	0.23809523809523808	0.24345549738219896
h3k27ac	335	53	16	0.3018867924528302	0.2416452442159383
h3k27ac	336	48	11	0.22916666666666666	0.25
h3k27ac	337	43	9	0.20930232558139536	0.24358974358974358
h3k27ac	338	39	10	0.2564102564102564	0.2656641604010025
h3k27ac	339	44	12	0.2727272727272727	0.28117359413202936
h3k27ac	340	33	10	0.30303030303030304	0.2814070351758794
h3k27ac	341	54	12	0.2222222222222222	0.29533678756476683
h3k27ac	342	43	16	0.37209302325581395	0.3007915567282322
h3k27ac	343	52	19	0.36538461538461536	0.30446194225721784
h3k27ac	344	42	13	0.30952380952380953	0.30446194225721784
h3k27ac	345	36	13	0.3611111111111111	0.2971576227390181
h3k27ac	346	36	9	0.25	0.3162162162162162
h3k27ac	347	41	12	0.2926829268292683	0.30933333333333335
h3k27ac	348	44	12	0.2727272727272727	0.29427792915531337
h3k27ac	349	39	9	0.23076923076923078	0.29945054945054944
h3k27ac	350	37	14	0.3783783783783784	0.29333333333333333
h3k27ac	351	48	15	0.3125	0.29333333333333333
h3k27ac	352	44	11	0.25	0.29222520107238603
h3k27ac	353	39	14	0.358974358974359	0.2849740932642487
h3k27ac	354	47	14	0.2978723404255319	0.2891246684350133
h3k27ac	355	36	9	0.25	0.27925531914893614
h3k27ac	356	39	11	0.28205128205128205	0.2803234501347709
h3k27ac	357	57	13	0.22807017543859648	0.2891891891891892
h3k27ac	358	30	8	0.26666666666666666	0.27540106951871657
h3k27ac	359	36	10	0.2777777777777778	0.27100271002710025
h3k27ac	360	43	14	0.32558139534883723	0.27154046997389036
h3k27ac	361	43	14	0.32558139534883723	0.2643979057591623
h3k27ac	362	43	10	0.23255813953488372	0.26430517711171664
h3k27ac	363	42	11	0.2619047619047619	0.272264631043257
h3k27ac	364	50	13	0.26	0.2716049382716049
h3k27ac	365	38	8	0.21052631578947367	0.2562189054726368
h3k27ac	366	42	9	0.21428571428571427	0.2549019607843137
h3k27ac	367	56	18	0.32142857142857145	0.24873096446700507
h3k27ac	368	48	13	0.2708333333333333	0.2544987146529563
h3k27ac	369	40	7	0.175	0.24661246612466126
h3k27ac	370	49	15	0.30612244897959184	0.24316939890710382
h3k27ac	371	29	4	0.13793103448275862	0.25824175824175827
h3k27ac	372	37	12	0.32432432432432434	0.2528409090909091
h3k27ac	373	30	5	0.16666666666666666	0.2571428571428571
h3k27ac	374	35	6	0.17142857142857143	0.26512968299711814
h3k27ac	375	40	14	0.35	0.24778761061946902
h3k27ac	376	44	13	0.29545454545454547	0.26239067055393583
h3k27ac	377	46	14	0.30434782608695654	0.24853801169590642
h3k27ac	378	37	9	0.24324324324324326	0.2704225352112676
h3k27ac	379	41	7	0.17073170731707318	0.27900552486187846
h3k27ac	380	33	10	0.30303030303030304	0.26869806094182824
h3k27ac	381	36	7	0.19444444444444445	0.2696629213483146
h3k27ac	382	43	16	0.37209302325581395	0.2561307901907357
h3k27ac	383	42	11	0.2619047619047619	0.26795580110497236
h3k27ac	384	39	10	0.2564102564102564	0.27371273712737126
h3k27ac	385	39	12	0.3076923076923077	0.2724795640326976
h3k27ac	386	57	12	0.21052631578947367	0.2955145118733509
h3k27ac	387	32	12	0.375	0.27851458885941643
h3k27ac	388	48	11	0.22916666666666666	0.2804232804232804
h3k27ac	389	31	9	0.2903225806451613	0.2906666666666667
h3k27ac	390	48	19	0.3958333333333333	0.2906666666666667
h3k27ac	391	41	9	0.21951219512195122	0.3092485549132948
h3k27ac	392	43	12	0.27906976744186046	0.29295774647887324
h3k27ac	393	36	13	0.3611111111111111	0.3072463768115942
h3k27ac	394	39	12	0.3076923076923077	0.29085872576177285
h3k27ac	395	28	10	0.35714285714285715	0.2689075630252101
h3k27ac	396	41	9	0.21951219512195122	0.2804532577903683
h3k27ac	397	38	13	0.34210526315789475	0.2776203966005666
h3k27ac	398	47	8	0.1702127659574468	0.2676056338028169
h3k27ac	399	44	10	0.22727272727272727	0.26536312849162014
h3k27ac	400	37	12	0.32432432432432434	0.2670299727520436
h3k27ac	401	43	11	0.2558139534883721	0.26666666666666666
h3k27ac	402	38	10	0.2631578947368421	0.2559366754617414
h3k27ac	403	42	12	0.2857142857142857	0.2786458333333333
h3k27ac	404	37	13	0.35135135135135137	0.29411764705882354
h3k27ac	405	49	11	0.22448979591836735	0.2846153846153846
h3k27ac	406	42	10	0.23809523809523808	0.286783042394015
h3k27ac	407	52	18	0.34615384615384615	0.2875
h3k27ac	408	51	18	0.35294117647058826	0.28217821782178215
h3k27ac	409	36	8	0.2222222222222222	0.2749391727493917
h3k27ac	410	54	15	0.2777777777777778	0.27889447236180903
h3k27ac	411	37	10	0.2702702702702703	0.2832512315270936
h3k27ac	412	46	11	0.2391304347826087	0.2649350649350649
h3k27ac	413	44	12	0.2727272727272727	0.24517906336088155
h3k27ac	414	36	9	0.25	0.2560646900269542
h3k27ac	415	50	14	0.28	0.2493150684931507
h3k27ac	416	31	5	0.16129032258064516	0.25203252032520324
h3k27ac	417	29	5	0.1724137931034483	0.2564102564102564
h3k27ac	418	44	14	0.3181818181818182	0.2594752186588921
h3k27ac	419	48	11	0.22916666666666666	0.25936599423631124
h3k27ac	420	41	12	0.2926829268292683	0.2545454545454545
h3k27ac	421	28	8	0.2857142857142857	0.27728613569321536
h3k27ac	422	36	11	0.3055555555555556	0.2747875354107649
h3k27ac	423	40	10	0.25	0.2616279069767442
h3k27ac	424	33	8	0.24242424242424243	0.2537764350453172
h3k27ac	425	40	15	0.375	0.2653061224489796
h3k27ac	426	43	8	0.18604651162790697	0.25722543352601157
h3k27ac	427	35	7	0.2	0.2543352601156069
h3k27ac	428	35	5	0.14285714285714285	0.25290697674418605
h3k27ac	429	53	19	0.3584905660377358	0.2619718309859155
h3k27ac	430	31	6	0.1935483870967742	0.2557471264367816
h3k27ac	431	36	10	0.2777777777777778	0.2693409742120344
h3k27ac	432	38	9	0.23684210526315788	0.26740947075208915
h3k27ac	433	44	14	0.3181818181818182	0.2608695652173913
h3k27ac	434	33	11	0.3333333333333333	0.24293785310734464
h3k27ac	435	44	13	0.29545454545454547	0.24641833810888253
h3k27ac	436	45	9	0.2	0.24362606232294617
h3k27ac	437	44	5	0.11363636363636363	0.2556179775280899
h3k27ac	438	39	9	0.23076923076923078	0.24233983286908078
h3k27ac	439	26	6	0.23076923076923078	0.23958333333333334
h3k27ac	440	40	10	0.25	0.23036649214659685
h3k27ac	441	41	14	0.34146341463414637	0.22554347826086957
h3k27ac	442	47	10	0.2127659574468085	0.24641833810888253
h3k27ac	443	58	16	0.27586206896551724	0.2569832402234637
h3k27ac	444	42	9	0.21428571428571427	0.25815217391304346
h3k27ac	445	31	4	0.12903225806451613	0.2548476454293629
h3k27ac	446	25	8	0.32	0.24512534818941503
h3k27ac	447	48	15	0.3125	0.24641833810888253
h3k27ac	448	36	9	0.25	0.26011560693641617
h3k27ac	449	33	7	0.21212121212121213	0.27635327635327633
h3k27ac	450	39	10	0.2564102564102564	0.30376344086021506
h3k27ac	451	37	8	0.21621621621621623	0.30256410256410254
h3k27ac	452	55	20	0.36363636363636365	0.296875
h3k27ac	453	47	16	0.3404255319148936	0.29896907216494845
h3k27ac	454	52	20	0.38461538461538464	0.3005050505050505
h3k27ac	455	43	13	0.3023255813953488	0.30848329048843187
h3k27ac	456	42	11	0.2619047619047619	0.3106060606060606
h3k27ac	457	40	11	0.275	0.2963917525773196
h3k27ac	458	41	10	0.24390243902439024	0.29473684210526313
h3k27ac	459	32	11	0.34375	0.27823691460055094
h3k27ac	460	44	11	0.25	0.28055555555555556
h3k27ac	461	47	12	0.2553191489361702	0.28065395095367845
h3k27ac	462	39	13	0.3333333333333333	0.3002680965147453
h3k27ac	463	35	9	0.2571428571428571	0.30997304582210244
h3k27ac	464	40	13	0.325	0.31398416886543534
h3k27ac	465	49	13	0.2653061224489796	0.3046875
h3k27ac	466	46	20	0.43478260869565216	0.30238726790450926
h3k27ac	467	39	13	0.3333333333333333	0.29894179894179895
h3k27ac	468	40	15	0.375	0.3012658227848101
h3k27ac	469	49	9	0.1836734693877551	0.2915601023017903
h3k27ac	470	40	9	0.225	0.29133858267716534
h3k27ac	471	40	12	0.3	0.27371273712737126
h3k27ac	472	52	15	0.28846153846153844	0.25806451612903225
h3k27ac	473	36	8	0.2222222222222222	0.25745257452574527
h3k27ac	474	39	10	0.2564102564102564	0.2596685082872928
h3k27ac	475	34	10	0.29411764705882354	0.2785515320334262
h3k27ac	476	42	8	0.19047619047619047	0.2684931506849315
h3k27ac	477	37	14	0.3783783783783784	0.2535612535612536
h3k27ac	478	42	8	0.19047619047619047	0.26062322946175637
h3k27ac	479	37	15	0.40540540540540543	0.2621082621082621
h3k27ac	480	46	10	0.21739130434782608	0.2577903682719547
h3k27ac	481	38	6	0.15789473684210525	0.27247191011235955
h3k27ac	482	38	11	0.2894736842105263	0.25
h3k27ac	483	37	10	0.2702702702702703	0.254957507082153
h3k27ac	484	36	9	0.25	0.232620320855615
h3k27ac	485	45	14	0.3111111111111111	0.22888283378746593
h3k27ac	486	41	7	0.17073170731707318	0.23661971830985915
h3k27ac	487	35	8	0.22857142857142856	0.22841225626740946
h3k27ac	488	58	12	0.20689655172413793	0.2188365650969529
h3k27ac	489	39	7	0.1794871794871795	0.22865013774104684
h3k27ac	490	26	6	0.23076923076923078	0.2299168975069252
h3k27ac	491	42	9	0.21428571428571427	0.2388888888888889
h3k27ac	492	39	7	0.1794871794871795	0.23055555555555557
h3k27ac	493	38	13	0.34210526315789475	0.23684210526315788
h3k27ac	494	43	14	0.32558139534883723	0.2537313432835821
h3k27ac	495	40	10	0.25	0.2535612535612536
h3k27ac	496	35	5	0.14285714285714285	0.27246376811594203
h3k27ac	497	40	10	0.25	0.27514792899408286
h3k27ac	498	32	11	0.34375	0.28362573099415206
h3k27ac	499	42	10	0.23809523809523808	0.26047904191616766
h3k27ac	500	36	14	0.3888888888888889	0.27596439169139464
h3k27ac	501	32	6	0.1875	0.2934472934472934
h3k27ac	502	42	17	0.40476190476190477	0.3131868131868132
h3k27ac	503	35	4	0.11428571428571428	0.30919220055710306
h3k27ac	504	43	16	0.37209302325581395	0.30193905817174516
h3k27ac	505	49	15	0.30612244897959184	0.28370786516853935
h3k27ac	506	53	21	0.39622641509433965	0.2978142076502732
h3k27ac	507	27	8	0.2962962962962963	0.27520435967302453
h3k27ac	508	44	8	0.18181818181818182	0.28763440860215056
h3k27ac	509	31	6	0.1935483870967742	0.2903225806451613
h3k27ac	510	42	14	0.3333333333333333	0.28370786516853935
h3k27ac	511	43	9	0.20930232558139536	0.27873563218390807
h3k27ac	512	40	10	0.25	0.2888283378746594
h3k27ac	513	43	17	0.3953488372093023	0.29863013698630136
h3k27ac	514	33	8	0.24242424242424243	0.29838709677419356
h3k27ac	515	45	17	0.37777777777777777	0.27586206896551724
h3k27ac	516	46	17	0.3695652173913043	0.27882037533512066
h3k27ac	517	42	11	0.2619047619047619	0.2917771883289125
h3k27ac	518	38	8	0.21052631578947367	0.2789473684210526
h3k27ac	519	47	7	0.14893617021276595	0.2776349614395887
h3k27ac	520	39	9	0.23076923076923078	0.2707774798927614
h3k27ac	521	44	16	0.36363636363636365	0.259946949602122
h3k27ac	522	46	13	0.2826086956521739	0.2641509433962264
h3k27ac	523	42	10	0.23809523809523808	0.2756756756756757
h3k27ac	524	29	10	0.3448275862068966	0.30140845070422534
h3k27ac	525	50	14	0.28	0.29213483146067415
h3k27ac	526	36	11	0.3055555555555556	0.2742857142857143
h3k27ac	527	37	12	0.32432432432432434	0.2680115273775216
h3k27ac	528	32	12	0.375	0.2861356932153392
h3k27ac	529	40	6	0.15	0.29295774647887324
h3k27ac	530	38	8	0.21052631578947367	0.3003003003003003
h3k27ac	531	43	10	0.23255813953488372	0.29429429429429427
h3k27ac	532	34	14	0.4117647058823529	0.3056379821958457
h3k27ac	533	45	17	0.37777777777777777	0.2944606413994169
h3k27ac	534	28	10	0.35714285714285715	0.3047337278106509
h3k27ac	535	36	9	0.25	0.31671554252199413
h3k27ac	536	41	17	0.4146341463414634	0.32011331444759206
h3k27ac	537	38	10	0.2631578947368421	0.30726256983240224
h3k27ac	538	35	8	0.22857142857142856	0.29577464788732394
h3k27ac	539	41	13	0.3170731707317073	0.27945205479452057
h3k27ac	540	55	15	0.2727272727272727	0.27671232876712326
h3k27ac	541	39	11	0.28205128205128205	0.25142857142857145
h3k27ac	542	42	12	0.2857142857142857	0.2542857142857143
h3k27ac	543	38	7	0.18421052631578946	0.2605042016806723
h3k27ac	544	36	8	0.2222222222222222	0.2556818181818182
h3k27ac	545	26	4	0.15384615384615385	0.2543859649122807
h3k27ac	546	38	11	0.2894736842105263	0.25072886297376096
h3k27ac	547	42	12	0.2857142857142857	0.24584717607973422
h3k27ac	548	36	10	0.2777777777777778	0.25475285171102663
h3k27ac	549	45	12	0.26666666666666666	0.2599118942731278
h3k27ac	550	40	10	0.25	0.2736318407960199
h3k27me3	0	20	15	0.75	0.21794871794871795
h3k27me3	1	42	5	0.11904761904761904	0.20108695652173914
h3k27me3	2	35	4	0.11428571428571428	0.17982456140350878
h3k27me3	3	33	3	0.09090909090909091	0.1717557251908397
h3k27me3	4	26	7	0.2692307692307692	0.18604651162790697
h3k27me3	5	28	3	0.10714285714285714	0.16981132075471697
h3k27me3	6	44	4	0.09090909090909091	0.1864951768488746
h3k27me3	7	34	4	0.11764705882352941	0.1942675159235669
h3k27me3	8	39	11	0.28205128205128205	0.2127659574468085
h3k27me3	9	37	13	0.35135135135135137	0.19825072886297376
h3k27me3	10	35	9	0.2571428571428571	0.2
h3k27me3	11	38	7	0.18421052631578946	0.20114942528735633
h3k27me3	12	48	12	0.25	0.2022792022792023
h3k27me3	13	40	5	0.125	0.19436619718309858
h3k27me3	14	35	5	0.14285714285714285	0.1772853185595568
h3k27me3	15	42	4	0.09523809523809523	0.17679558011049723
h3k27me3	16	37	5	0.13513513513513514	0.18356164383561643
h3k27me3	17	43	9	0.20930232558139536	0.18005540166204986
h3k27me3	18	43	8	0.18604651162790697	0.17415730337078653
h3k27me3	19	36	9	0.25	0.1793478260869565
h3k27me3	20	41	10	0.24390243902439024	0.1837837837837838
h3k27me3	21	44	10	0.22727272727272727	0.1810810810810811
h3k27me3	22	35	2	0.05714285714285714	0.17486338797814208
h3k27me3	23	47	9	0.19148936170212766	0.1685082872928177
h3k27me3	24	44	6	0.13636363636363635	0.16246498599439776
h3k27me3	25	37	4	0.10810810810810811	0.15056818181818182
h3k27me3	26	39	6	0.15384615384615385	0.1544943820224719
h3k27me3	27	39	5	0.1282051282051282	0.1589041095890411
h3k27me3	28	31	6	0.1935483870967742	0.15774647887323945
h3k27me3	29	36	5	0.1388888888888889	0.16120218579234974
h3k27me3	30	48	12	0.25	0.1631578947368421
h3k27me3	31	44	5	0.11363636363636363	0.15608465608465608
h3k27me3	32	37	7	0.1891891891891892	0.16180371352785147
h3k27me3	33	55	9	0.16363636363636364	0.15364583333333334
h3k27me3	34	51	7	0.13725490196078433	0.165374677002584
h3k27me3	35	37	3	0.08108108108108109	0.14933333333333335
h3k27me3	36	38	7	0.18421052631578946	0.16710875331564987
h3k27me3	37	38	4	0.10526315789473684	0.16486486486486487
h3k27me3	38	39	10	0.2564102564102564	0.1643059490084986
h3k27me3	39	36	4	0.1111111111111111	0.17579250720461095
h3k27me3	40	46	12	0.2608695652173913	0.18803418803418803
h3k27me3	41	30	5	0.16666666666666666	0.18911174785100288
h3k27me3	42	38	6	0.15789473684210525	0.1977715877437326
h3k27me3	43	45	10	0.2222222222222222	0.1726027397260274
h3k27me3	44	41	8	0.1951219512195122	0.1702127659574468
h3k27me3	45	36	7	0.19444444444444445	0.17204301075268819
h3k27me3	46	48	9	0.1875	0.17480719794344474
h3k27me3	47	45	2	0.044444444444444446	0.17135549872122763
h3k27me3	48	47	5	0.10638297872340426	0.16966580976863754
h3k27me3	49	42	12	0.2857142857142857	0.16020671834625322
h3k27me3	50	47	9	0.19148936170212766	0.16071428571428573
h3k27me3	51	40	5	0.125	0.1649214659685864
h3k27me3	52	43	9	0.20930232558139536	0.18867924528301888
h3k27me3	53	39	4	0.10256410256410256	0.19946808510638298
h3k27me3	54	41	8	0.1951219512195122	0.1891891891891892
h3k27me3	55	38	9	0.23684210526315788	0.20159151193633953
h3k27me3	56	34	9	0.2647058823529412	0.19946808510638298
h3k27me3	57	52	10	0.19230769230769232	0.2077922077922078
h3k27me3	58	36	7	0.19444444444444445	0.21409921671018275
h3k27me3	59	54	15	0.2777777777777778	0.2071611253196931
h3k27me3	60	39	4	0.10256410256410256	0.2041343669250646
h3k27me3	61	52	14	0.2692307692307692	0.20959595959595959
h3k27me3	62	37	6	0.16216216216216217	0.21164021164021163
h3k27me3	63	49	7	0.14285714285714285	0.2152230971128609
h3k27me3	64	34	7	0.20588235294117646	0.19559228650137742
h3k27me3	65	43	13	0.3023255813953488	0.2086720867208672
h3k27me3	66	34	7	0.20588235294117646	0.19662921348314608
h3k27me3	67	39	9	0.23076923076923078	0.20057306590257878
h3k27me3	68	36	4	0.1111111111111111	0.1924198250728863
h3k27me3	69	45	10	0.2222222222222222	0.1787709497206704
h3k27me3	70	39	7	0.1794871794871795	0.1590909090909091
h3k27me3	71	30	6	0.2	0.164804469273743
h3k27me3	72	43	3	0.06976744186046512	0.1527777777777778
h3k27me3	73	49	5	0.10204081632653061	0.16578947368421051
h3k27me3	74	37	5	0.13513513513513514	0.1589041095890411
h3k27me3	75	40	10	0.25	0.1634349030470914
h3k27me3	76	41	5	0.12195121951219512	0.15567282321899736
h3k27me3	77	56	12	0.21428571428571427	0.1721311475409836
h3k27me3	78	30	5	0.16666666666666666	0.18888888888888888
h3k27me3	79	35	8	0.22857142857142856	0.18059299191374664
h3k27me3	80	48	6	0.125	0.16844919786096257
h3k27me3	81	30	7	0.23333333333333334	0.17819148936170212
h3k27me3	82	43	10	0.23255813953488372	0.16620498614958448
h3k27me3	83	48	4	0.08333333333333333	0.17333333333333334
h3k27me3	84	43	6	0.13953488372093023	0.16710875331564987
h3k27me3	85	43	9	0.20930232558139536	0.16847826086956522
h3k27me3	86	41	5	0.12195121951219512	0.17232375979112272
h3k27me3	87	44	10	0.22727272727272727	0.15591397849462366
h3k27me3	88	37	6	0.16216216216216217	0.18207282913165265
h3k27me3	89	39	5	0.1282051282051282	0.16997167138810199
h3k27me3	90	45	11	0.24444444444444444	0.16905444126074498
h3k27me3	91	32	2	0.0625	0.17696629213483145
h3k27me3	92	33	11	0.3333333333333333	0.1642651296829971
h3k27me3	93	39	1	0.02564102564102564	0.17094017094017094
h3k27me3	94	39	8	0.20512820512820512	0.18155619596541786
h3k27me3	95	48	9	0.1875	0.1744186046511628
h3k27me3	96	35	4	0.11428571428571428	0.1936416184971098
h3k27me3	97	41	9	0.21951219512195122	0.17613636363636365
h3k27me3	98	35	8	0.22857142857142856	0.1873198847262248
h3k27me3	99	42	8	0.19047619047619047	0.1930835734870317
h3k27me3	100	34	9	0.2647058823529412	0.1994219653179191
h3k27me3	101	39	6	0.15384615384615385	0.20738636363636365
h3k27me3	102	34	4	0.11764705882352941	0.2022792022792023
h3k27me3	103	39	10	0.2564102564102564	0.2032967032967033
h3k27me3	104	47	11	0.23404255319148937	0.20533333333333334
h3k27me3	105	41	8	0.1951219512195122	0.20588235294117646
h3k27me3	106	40	7	0.175	0.21739130434782608
h3k27me3	107	48	11	0.22916666666666666	0.22546419098143236
h3k27me3	108	53	11	0.20754716981132076	0.20634920634920634
h3k27me3	109	33	9	0.2727272727272727	0.2103825136612022
h3k27me3	110	33	9	0.2727272727272727	0.21727019498607242
h3k27me3	111	43	9	0.20930232558139536	0.2265193370165746
h3k27me3	112	40	3	0.075	0.2292817679558011
h3k27me3	113	35	10	0.2857142857142857	0.23563218390804597
h3k27me3	114	34	9	0.2647058823529412	0.23119777158774374
h3k27me3	115	43	11	0.2558139534883721	0.23160762942779292
h3k27me3	116	48	12	0.25	0.21487603305785125
h3k27me3	117	39	10	0.2564102564102564	0.21652421652421652
h3k27me3	118	44	10	0.22727272727272727	0.20221606648199447
h3k27me3	119	41	11	0.2682926829268293	0.2032520325203252
h3k27me3	120	39	2	0.05128205128205128	0.19672131147540983
h3k27me3	121	28	1	0.03571428571428571	0.18156424581005587
h3k27me3	122	45	7	0.15555555555555556	0.17318435754189945
h3k27me3	123	42	11	0.2619047619047619	0.17280453257790368
h3k27me3	124	40	8	0.2	0.17134831460674158
h3k27me3	125	40	5	0.125	0.1807909604519774
h3k27me3	126	39	7	0.1794871794871795	0.1972972972972973
h3k27me3	127	39	9	0.23076923076923078	0.2032520325203252
h3k27me3	128	44	11	0.25	0.19414893617021275
h3k27me3	129	37	5	0.13513513513513514	0.18716577540106952
h3k27me3	130	44	10	0.22727272727272727	0.19363395225464192
h3k27me3	131	44	9	0.20454545454545456	0.1925133689839572
h3k27me3	132	49	9	0.1836734693877551	0.19414893617021275
h3k27me3	133	38	5	0.13157894736842105	0.18229166666666666
h3k27me3	134	43	8	0.18604651162790697	0.18848167539267016
h3k27me3	135	36	6	0.16666666666666666	0.18328840970350405
h3k27me3	136	41	10	0.24390243902439024	0.1774193548387097
h3k27me3	137	52	8	0.15384615384615385	0.16997167138810199
h3k27me3	138	35	7	0.2	0.17847025495750707
h3k27me3	139	33	6	0.18181818181818182	0.17579250720461095
h3k27me3	140	45	7	0.15555555555555556	0.181058495821727
h3k27me3	141	30	3	0.1	0.16991643454038996
h3k27me3	142	38	8	0.21052631578947367	0.1737891737891738
h3k27me3	143	37	6	0.16216216216216217	0.17166212534059946
h3k27me3	144	48	10	0.20833333333333334	0.16666666666666666
h3k27me3	145	41	6	0.14634146341463414	0.16927083333333334
h3k27me3	146	44	8	0.18181818181818182	0.17733990147783252
h3k27me3	147	51	9	0.17647058823529413	0.1783132530120482
h3k27me3	148	50	7	0.14	0.17936117936117937
h3k27me3	149	45	8	0.17777777777777778	0.18581907090464547
h3k27me3	150	52	10	0.19230769230769232	0.2
h3k27me3	151	47	10	0.2127659574468085	0.19950124688279303
h3k27me3	152	29	5	0.1724137931034483	0.20603015075376885
h3k27me3	153	50	13	0.26	0.22137404580152673
h3k27me3	154	37	11	0.2972972972972973	0.22418136020151133
h3k27me3	155	40	7	0.175	0.23759791122715404
h3k27me3	156	48	11	0.22916666666666666	0.22894736842105262
h3k27me3	157	45	12	0.26666666666666666	0.23785166240409208
h3k27me3	158	49	10	0.20408163265306123	0.232620320855615
h3k27me3	159	38	12	0.3157894736842105	0.2236842105263158
h3k27me3	160	44	6	0.13636363636363635	0.22615803814713897
h3k27me3	161	40	11	0.275	0.226890756302521
h3k27me3	162	33	7	0.21212121212121213	0.21306818181818182
h3k27me3	163	43	9	0.20930232558139536	0.21159420289855072
h3k27me3	164	27	5	0.18518518518518517	0.19658119658119658
h3k27me3	165	38	9	0.23684210526315788	0.20977011494252873
h3k27me3	166	40	6	0.15	0.20175438596491227
h3k27me3	167	42	8	0.19047619047619047	0.21306818181818182
h3k27me3	168	44	8	0.18181818181818182	0.211864406779661
h3k27me3	169	41	10	0.24390243902439024	0.22015915119363394
h3k27me3	170	34	7	0.20588235294117646	0.22691292875989447
h3k27me3	171	43	13	0.3023255813953488	0.234375
h3k27me3	172	45	9	0.2	0.232620320855615
h3k27me3	173	50	13	0.26	0.25133689839572193
h3k27me3	174	40	12	0.3	0.24202127659574468
h3k27me3	175	45	10	0.2222222222222222	0.23759791122715404
h3k27me3	176	32	5	0.15625	0.2133676092544987
h3k27me3	177	44	15	0.3409090909090909	0.22857142857142856
h3k27me3	178	43	7	0.16279069767441862	0.22872340425531915
h3k27me3	179	41	7	0.17073170731707318	0.22715404699738903
h3k27me3	180	49	5	0.10204081632653061	0.22774869109947643
h3k27me3	181	41	14	0.34146341463414637	0.2268041237113402
h3k27me3	182	41	11	0.2682926829268293	0.2153846153846154
h3k27me3	183	47	13	0.2765957446808511	0.2230971128608924
h3k27me3	184	44	10	0.22727272727272727	0.2193211488250653
h3k27me3	185	38	6	0.15789473684210525	0.22872340425531915
h3k27me3	186	46	11	0.2391304347826087	0.22163588390501318
h3k27me3	187	34	8	0.23529411764705882	0.20789473684210527
h3k27me3	188	43	6	0.13953488372093023	0.195822454308094
h3k27me3	189	42	7	0.16666666666666666	0.1909814323607427
h3k27me3	190	44	12	0.2727272727272727	0.1897018970189702
h3k27me3	191	42	6	0.14285714285714285	0.18256130790190736
h3k27me3	192	50	9	0.18	0.16758241758241757
h3k27me3	193	38	7	0.18421052631578946	0.1671388101983003
h3k27me3	194	30	4	0.13333333333333333	0.16338028169014085
h3k27me3	195	44	8	0.18181818181818182	0.15056818181818182
h3k27me3	196	31	2	0.06451612903225806	0.15249266862170088
h3k27me3	197	32	4	0.125	0.15692307692307692
h3k27me3	198	44	6	0.13636363636363635	0.14714714714714713
h3k27me3	199	41	7	0.17073170731707318	0.1643059490084986
h3k27me3	200	31	5	0.16129032258064516	0.17391304347826086
h3k27me3	201	34	8	0.23529411764705882	0.18497109826589594
h3k27me3	202	46	5	0.10869565217391304	0.18840579710144928
h3k27me3	203	50	13	0.26	0.1994219653179191
h3k27me3	204	36	10	0.2777777777777778	0.2099125364431487
h3k27me3	205	32	6	0.1875	0.22349570200573066
h3k27me3	206	31	5	0.16129032258064516	0.21714285714285714
h3k27me3	207	45	10	0.2222222222222222	0.2433234421364985
h3k27me3	208	38	10	0.2631578947368421	0.2208955223880597
h3k27me3	209	37	11	0.2972972972972973	0.2063953488372093
h3k27me3	210	35	6	0.17142857142857143	0.2028169014084507
h3k27me3	211	33	11	0.3333333333333333	0.20891364902506965
h3k27me3	212	48	5	0.10416666666666667	0.20224719101123595
h3k27me3	213	45	7	0.15555555555555556	0.19113573407202217
h3k27me3	214	43	7	0.16279069767441862	0.1790633608815427
h3k27me3	215	35	8	0.22857142857142856	0.17204301075268819
h3k27me3	216	42	7	0.16666666666666666	0.15968586387434555
h3k27me3	217	43	7	0.16279069767441862	0.16576086956521738
h3k27me3	218	39	7	0.1794871794871795	0.1878453038674033
h3k27me3	219	44	5	0.11363636363636363	0.19662921348314608
h3k27me3	220	43	8	0.18604651162790697	0.21081081081081082
h3k27me3	221	34	5	0.14705882352941177	0.20385674931129477
h3k27me3	222	39	14	0.358974358974359	0.19505494505494506
h3k27me3	223	37	9	0.24324324324324326	0.20273972602739726
h3k27me3	224	49	16	0.32653061224489793	0.21508379888268156
h3k27me3	225	35	3	0.08571428571428572	0.21666666666666667
h3k27me3	226	44	4	0.09090909090909091	0.21584699453551912
h3k27me3	227	40	10	0.25	0.20540540540540542
h3k27me3	228	37	8	0.21621621621621623	0.20108695652173914
h3k27me3	229	45	9	0.2	0.1864406779661017
h3k27me3	230	40	6	0.15	0.1977715877437326
h3k27me3	231	43	11	0.2558139534883721	0.22375690607734808
h3k27me3	232	35	7	0.2	0.21652421652421652
h3k27me3	233	35	8	0.22857142857142856	0.20110192837465565
h3k27me3	234	40	8	0.2	0.1994535519125683
h3k27me3	235	47	14	0.2978723404255319	0.20212765957446807
h3k27me3	236	29	5	0.1724137931034483	0.19680851063829788
h3k27me3	237	49	5	0.10204081632653061	0.20540540540540542
h3k27me3	238	48	9	0.1875	0.20485175202156333
h3k27me3	239	50	9	0.18	0.19072164948453607
h3k27me3	240	43	9	0.20930232558139536	0.17647058823529413
h3k27me3	241	29	9	0.3103448275862069	0.17293233082706766
h3k27me3	242	36	8	0.2222222222222222	0.19852941176470587
h3k27me3	243	57	6	0.10526315789473684	0.19651741293532338
h3k27me3	244	50	9	0.18	0.19796954314720813
h3k27me3	245	37	5	0.13513513513513514	0.19746835443037974
h3k27me3	246	58	17	0.29310344827586204	0.17955112219451372
h3k27me3	247	42	7	0.16666666666666666	0.18341708542713567
h3k27me3	248	42	8	0.19047619047619047	0.1889763779527559
h3k27me3	249	44	9	0.20454545454545456	0.19791666666666666
h3k27me3	250	35	3	0.08571428571428572	0.19338422391857507
h3k27me3	251	33	9	0.2727272727272727	0.16839378238341968
h3k27me3	252	40	5	0.125	0.1618798955613577
h3k27me3	253	53	13	0.24528301886792453	0.15343915343915343
h3k27me3	254	46	5	0.10869565217391304	0.14627659574468085
h3k27me3	255	51	6	0.11764705882352941	0.14745308310991956
h3k27me3	256	39	4	0.10256410256410256	0.13858695652173914
h3k27me3	257	37	4	0.10810810810810811	0.15733333333333333
h3k27me3	258	42	6	0.14285714285714285	0.14958448753462603
h3k27me3	259	32	3	0.09375	0.15942028985507245
h3k27me3	260	28	5	0.17857142857142858	0.17052023121387283
h3k27me3	261	47	13	0.2765957446808511	0.17765042979942694
h3k27me3	262	39	8	0.20512820512820512	0.1813186813186813
h3k27me3	263	30	6	0.2	0.19113573407202217
h3k27me3	264	52	10	0.19230769230769232	0.20165745856353592
h3k27me3	265	42	7	0.16666666666666666	0.20052770448548812
h3k27me3	266	52	8	0.15384615384615385	0.18983957219251338
h3k27me3	267	39	9	0.23076923076923078	0.1827956989247312
h3k27me3	268	33	7	0.21212121212121213	0.1815856777493606
h3k27me3	269	45	8	0.17777777777777778	0.1856763925729443
h3k27me3	270	42	8	0.19047619047619047	0.18716577540106952
h3k27me3	271	37	5	0.13513513513513514	0.19273743016759776
h3k27me3	272	49	9	0.1836734693877551	0.17613636363636365
h3k27me3	273	38	9	0.23684210526315788	0.1737891737891738
h3k27me3	274	39	7	0.1794871794871795	0.17058823529411765
h3k27me3	275	36	7	0.19444444444444445	0.1749271137026239
h3k27me3	276	33	2	0.06060606060606061	0.18235294117647058
h3k27me3	277	32	6	0.1875	0.17791411042944785
h3k27me3	278	34	5	0.14705882352941177	0.1691842900302115
h3k27me3	279	45	10	0.2222222222222222	0.16718266253869968
h3k27me3	280	34	7	0.20588235294117646	0.16109422492401215
h3k27me3	281	35	5	0.14285714285714285	0.1761194029850746
h3k27me3	282	43	7	0.16279069767441862	0.17251461988304093
h3k27me3	283	31	5	0.16129032258064516	0.18005540166204986
h3k27me3	284	42	6	0.14285714285714285	0.17613636363636365
h3k27me3	285	39	8	0.20512820512820512	0.17777777777777778
h3k27me3	286	39	6	0.15384615384615385	0.17886178861788618
h3k27me3	287	53	11	0.20754716981132076	0.18384401114206128
h3k27me3	288	36	7	0.19444444444444445	0.18528610354223432
h3k27me3	289	42	9	0.21428571428571427	0.19008264462809918
h3k27me3	290	44	7	0.1590909090909091	0.20221606648199447
h3k27me3	291	33	7	0.21212121212121213	0.21727019498607242
h3k27me3	292	39	7	0.1794871794871795	0.21021021021021022
h3k27me3	293	38	7	0.18421052631578946	0.19533527696793002
h3k27me3	294	37	12	0.32432432432432434	0.19533527696793002
h3k27me3	295	37	11	0.2972972972972973	0.1951219512195122
h3k27me3	296	27	3	0.1111111111111111	0.1781609195402299
h3k27me3	297	46	4	0.08695652173913043	0.17478510028653296
h3k27me3	298	42	9	0.21428571428571427	0.1752873563218391
h3k27me3	299	29	4	0.13793103448275862	0.15864022662889518
h3k27me3	300	53	5	0.09433962264150944	0.15702479338842976
h3k27me3	301	40	6	0.15	0.15281501340482573
h3k27me3	302	37	7	0.1891891891891892	0.16533333333333333
h3k27me3	303	42	7	0.16666666666666666	0.15718157181571815
h3k27me3	304	47	12	0.2553191489361702	0.15625
h3k27me3	305	37	3	0.08108108108108109	0.15466666666666667
h3k27me3	306	48	9	0.1875	0.15608465608465608
h3k27me3	307	36	5	0.1388888888888889	0.16795865633074936
h3k27me3	308	44	6	0.13636363636363635	0.16062176165803108
h3k27me3	309	44	3	0.06818181818181818	0.15844155844155844
h3k27me3	310	43	7	0.16279069767441862	0.1649214659685864
h3k27me3	311	46	13	0.2826086956521739	0.1503957783641161
h3k27me3	312	41	4	0.0975609756097561	0.16358839050131926
h3k27me3	313	46	11	0.2391304347826087	0.15902964959568733
h3k27me3	314	34	5	0.14705882352941177	0.17438692098092642
h3k27me3	315	45	3	0.06666666666666667	0.1595744680851064
h3k27me3	316	36	10	0.2777777777777778	0.14124293785310735
h3k27me3	317	36	3	0.08333333333333333	0.15835777126099707
h3k27me3	318	40	8	0.2	0.1676470588235294
h3k27me3	319	52	3	0.057692307692307696	0.16470588235294117
h3k27me3	320	24	3	0.125	0.1933534743202417
h3k27me3	321	28	8	0.2857142857142857	0.18098159509202455
h3k27me3	322	45	14	0.3111111111111111	0.19135802469135801
h3k27me3	323	34	4	0.11764705882352941	0.18037974683544303
h3k27me3	324	36	11	0.3055555555555556	0.18446601941747573
h3k27me3	325	31	5	0.16129032258064516	0.18518518518518517
h3k27me3	326	34	6	0.17647058823529413	0.17378048780487804
h3k27me3	327	32	3	0.09375	0.1550632911392405
h3k27me3	328	45	3	0.06666666666666667	0.1557632398753894
h3k27me3	329	39	6	0.15384615384615385	0.15
h3k27me3	330	32	5	0.15625	0.14497041420118342
h3k27me3	331	33	6	0.18181818181818182	0.1411764705882353
h3k27me3	332	39	5	0.1282051282051282	0.1588235294117647
h3k27me3	333	55	12	0.21818181818181817	0.16519174041297935
h3k27me3	334	29	3	0.10344827586206896	0.17117117117117117
h3k27me3	335	36	5	0.1388888888888889	0.1867816091954023
h3k27me3	336	32	9	0.28125	0.19263456090651557
h3k27me3	337	44	5	0.11363636363636363	0.20810810810810812
h3k27me3	338	33	7	0.21212121212121213	0.21787709497206703
h3k27me3	339	47	13	0.2765957446808511	0.22282608695652173
h3k27me3	340	38	9	0.23684210526315788	0.22493224932249323
h3k27me3	341	56	14	0.25	0.22572178477690288
h3k27me3	342	43	13	0.3023255813953488	0.23013698630136986
h3k27me3	343	39	7	0.1794871794871795	0.21957671957671956
h3k27me3	344	37	6	0.16216216216216217	0.20728291316526612
h3k27me3	345	44	12	0.2727272727272727	0.192090395480226
h3k27me3	346	28	3	0.10714285714285714	0.1981981981981982
h3k27me3	347	46	6	0.13043478260869565	0.17455621301775148
h3k27me3	348	26	4	0.15384615384615385	0.18154761904761904
h3k27me3	349	35	3	0.08571428571428572	0.1875
h3k27me3	350	35	12	0.34285714285714286	0.18902439024390244
h3k27me3	351	48	6	0.125	0.19648093841642228
h3k27me3	352	37	9	0.24324324324324326	0.20972644376899696
h3k27me3	353	37	8	0.21621621621621623	0.21690140845070421
h3k27me3	354	36	11	0.3055555555555556	0.22408963585434175
h3k27me3	355	41	8	0.1951219512195122	0.2087912087912088
h3k27me3	356	34	8	0.23529411764705882	0.22346368715083798
h3k27me3	357	52	12	0.23076923076923078	0.2154696132596685
h3k27me3	358	37	6	0.16216216216216217	0.2265193370165746
h3k27me3	359	42	8	0.19047619047619047	0.2077562326869806
h3k27me3	360	42	10	0.23809523809523808	0.21348314606741572
h3k27me3	361	41	7	0.17073170731707318	0.21264367816091953
h3k27me3	362	37	12	0.32432432432432434	0.21385542168674698
h3k27me3	363	35	4	0.11428571428571428	0.20353982300884957
h3k27me3	364	36	9	0.25	0.19877675840978593
h3k27me3	365	26	6	0.23076923076923078	0.189873417721519
h3k27me3	366	36	9	0.25	0.1864951768488746
h3k27me3	367	44	4	0.09090909090909091	0.1608832807570978
h3k27me3	368	30	4	0.13333333333333333	0.1696969696969697
h3k27me3	369	31	5	0.16129032258064516	0.1661631419939577
h3k27me3	370	36	5	0.1388888888888889	0.164804469273743
h3k27me3	371	43	5	0.11627906976744186	0.1568627450980392
h3k27me3	372	48	9	0.1875	0.17134831460674158
h3k27me3	373	37	8	0.21621621621621623	0.16310160427807488
h3k27me3	374	53	10	0.18867924528301888	0.15404699738903394
h3k27me3	375	35	6	0.17142857142857143	0.16541353383458646
h3k27me3	376	43	9	0.20930232558139536	0.18387909319899245
h3k27me3	377	48	4	0.08333333333333333	0.18421052631578946
h3k27me3	378	40	3	0.075	0.18848167539267016
h3k27me3	379	52	12	0.23076923076923078	0.17983651226158037
h3k27me3	380	41	12	0.2926829268292683	0.1891891891891892
h3k27me3	381	31	6	0.1935483870967742	0.18082191780821918
h3k27me3	382	39	10	0.2564102564102564	0.19113573407202217
h3k27me3	383	38	4	0.10526315789473684	0.21246458923512748
h3k27me3	384	38	10	0.2631578947368421	0.2084592145015106
h3k27me3	385	38	5	0.13157894736842105	0.19325153374233128
h3k27me3	386	44	7	0.1590909090909091	0.18960244648318042
h3k27me3	387	32	9	0.28125	0.1697530864197531
h3k27me3	388	30	6	0.2	0.18125
h3k27me3	389	36	6	0.16666666666666666	0.16666666666666666
h3k27me3	390	32	5	0.15625	0.17647058823529413
h3k27me3	391	36	3	0.08333333333333333	0.18092105263157895
h3k27me3	392	34	7	0.20588235294117646	0.17475728155339806
h3k27me3	393	24	3	0.125	0.18122977346278318
h3k27me3	394	38	8	0.21052631578947367	0.18553459119496854
h3k27me3	395	42	8	0.19047619047619047	0.1838006230529595
h3k27me3	396	37	8	0.21621621621621623	0.2018348623853211
h3k27me3	397	30	8	0.26666666666666666	0.2006172839506173
h3k27me3	398	45	9	0.2	0.19822485207100593
h3k27me3	399	35	5	0.14285714285714285	0.19020172910662825
h3k27me3	400	42	10	0.23809523809523808	0.18181818181818182
h3k27me3	401	31	6	0.1935483870967742	0.17058823529411765
h3k27me3	402	38	5	0.13157894736842105	0.16176470588235295
h3k27me3	403	47	7	0.14893617021276595	0.16566265060240964
h3k27me3	404	36	4	0.1111111111111111	0.17177914110429449
h3k27me3	405	36	4	0.1111111111111111	0.15479876160990713
h3k27me3	406	30	5	0.16666666666666666	0.14545454545454545
h3k27me3	407	37	9	0.24324324324324326	0.1572700296735905
h3k27me3	408	29	6	0.20689655172413793	0.15673981191222572
h3k27me3	409	39	4	0.10256410256410256	0.17080745341614906
h3k27me3	410	38	4	0.10526315789473684	0.17704918032786884
h3k27me3	411	45	10	0.2222222222222222	0.19745222929936307
h3k27me3	412	29	4	0.13793103448275862	0.2
h3k27me3	413	39	9	0.23076923076923078	0.20597014925373133
h3k27me3	414	19	3	0.15789473684210525	0.21994134897360704
h3k27me3	415	39	13	0.3333333333333333	0.2208955223880597
h3k27me3	416	38	10	0.2631578947368421	0.20489296636085627
h3k27me3	417	49	12	0.24489795918367346	0.2042042042042042
h3k27me3	418	45	10	0.2222222222222222	0.1901840490797546
h3k27me3	419	32	3	0.09375	0.19476744186046513
h3k27me3	420	37	3	0.08108108108108109	0.1781609195402299
h3k27me3	421	35	5	0.14285714285714285	0.1676300578034682
h3k27me3	422	32	3	0.09375	0.15853658536585366
h3k27me3	423	37	8	0.21621621621621623	0.16352201257861634
h3k27me3	424	43	8	0.18604651162790697	0.16363636363636364
h3k27me3	425	36	6	0.16666666666666666	0.17522658610271905
h3k27me3	426	31	6	0.1935483870967742	0.17933130699088146
h3k27me3	427	35	10	0.2857142857142857	0.1787878787878788
h3k27me3	428	44	5	0.11363636363636363	0.17177914110429449
h3k27me3	429	38	7	0.18421052631578946	0.1640378548895899
h3k27me3	430	33	6	0.18181818181818182	0.1687116564417178
h3k27me3	431	33	3	0.09090909090909091	0.17522658610271905
h3k27me3	432	33	5	0.15151515151515152	0.17484662576687116
h3k27me3	433	34	4	0.11764705882352941	0.18404907975460122
h3k27me3	434	45	9	0.2	0.17777777777777778
h3k27me3	435	36	9	0.25	0.17592592592592593
h3k27me3	436	30	9	0.3	0.17933130699088146
h3k27me3	437	44	8	0.18181818181818182	0.1723076923076923
h3k27me3	438	27	3	0.1111111111111111	0.18597560975609756
h3k27me3	439	42	7	0.16666666666666666	0.17857142857142858
h3k27me3	440	38	5	0.13157894736842105	0.175
h3k27me3	441	29	2	0.06896551724137931	0.15789473684210525
h3k27me3	442	37	9	0.24324324324324326	0.15457413249211358
h3k27me3	443	25	3	0.12	0.1762917933130699
h3k27me3	444	48	10	0.20833333333333334	0.182370820668693
h3k27me3	445	33	4	0.12121212121212122	0.18787878787878787
h3k27me3	446	38	6	0.15789473684210525	0.20359281437125748
h3k27me3	447	39	12	0.3076923076923077	0.1976401179941003
h3k27me3	448	42	9	0.21428571428571427	0.2057142857142857
h3k27me3	449	39	7	0.1794871794871795	0.1897590361445783
h3k27me3	450	33	8	0.24242424242424243	0.2134502923976608
h3k27me3	451	42	8	0.19047619047619047	0.2134502923976608
h3k27me3	452	36	8	0.2222222222222222	0.20180722891566266
h3k27me3	453	30	1	0.03333333333333333	0.20504731861198738
h3k27me3	454	43	14	0.32558139534883723	0.21362229102167182
h3k27me3	455	38	6	0.15789473684210525	0.2175226586102719
h3k27me3	456	29	6	0.20689655172413793	0.21362229102167182
h3k27me3	457	27	7	0.25925925925925924	0.21518987341772153
h3k27me3	458	45	11	0.24444444444444444	0.22530864197530864
h3k27me3	459	41	11	0.2682926829268293	0.20766773162939298
h3k27me3	460	34	5	0.14705882352941177	0.21835443037974683
h3k27me3	461	29	7	0.2413793103448276	0.21739130434782608
h3k27me3	462	38	6	0.15789473684210525	0.20795107033639143
h3k27me3	463	32	6	0.1875	0.20679012345679013
h3k27me3	464	41	10	0.24390243902439024	0.1987179487179487
h3k27me3	465	35	7	0.2	0.20833333333333334
h3k27me3	466	32	5	0.15625	0.21543408360128619
h3k27me3	467	42	10	0.23809523809523808	0.2087227414330218
h3k27me3	468	29	6	0.20689655172413793	0.20241691842900303
h3k27me3	469	34	8	0.23529411764705882	0.20440251572327045
h3k27me3	470	28	9	0.32142857142857145	0.20512820512820512
h3k27me3	471	48	6	0.125	0.21296296296296297
h3k27me3	472	42	6	0.14285714285714285	0.19254658385093168
h3k27me3	473	28	8	0.2857142857142857	0.1871345029239766
h3k27me3	474	29	6	0.20689655172413793	0.17784256559766765
h3k27me3	475	44	10	0.22727272727272727	0.17191977077363896
h3k27me3	476	40	3	0.075	0.1804733727810651
h3k27me3	477	49	8	0.16326530612244897	0.18126888217522658
h3k27me3	478	35	5	0.14285714285714285	0.16809116809116809
h3k27me3	479	34	8	0.23529411764705882	0.16201117318435754
h3k27me3	480	37	7	0.1891891891891892	0.1553672316384181
h3k27me3	481	35	5	0.14285714285714285	0.1638418079096045
h3k27me3	482	48	7	0.14583333333333334	0.1695906432748538
h3k27me3	483	36	5	0.1388888888888889	0.17365269461077845
h3k27me3	484	40	7	0.175	0.17507418397626112
h3k27me3	485	40	6	0.15	0.17065868263473055
h3k27me3	486	37	8	0.21621621621621623	0.1686746987951807
h3k27me3	487	27	5	0.18518518518518517	0.16927899686520376
h3k27me3	488	37	9	0.24324324324324326	0.18429003021148035
h3k27me3	489	34	5	0.14705882352941177	0.1901840490797546
h3k27me3	490	33	4	0.12121212121212122	0.1962025316455696
h3k27me3	491	35	5	0.14285714285714285	0.18808777429467086
h3k27me3	492	48	12	0.25	0.18597560975609756
h3k27me3	493	35	8	0.22857142857142856	0.17295597484276728
h3k27me3	494	30	6	0.2	0.18012422360248448
h3k27me3	495	40	6	0.15	0.20192307692307693
h3k27me3	496	36	6	0.16666666666666666	0.2
h3k27me3	497	27	3	0.1111111111111111	0.19377162629757785
h3k27me3	498	38	8	0.21052631578947367	0.17627118644067796
h3k27me3	499	23	9	0.391304347826087	0.18211920529801323
h3k27me3	500	33	4	0.12121212121212122	0.1750841750841751
h3k27me3	501	27	6	0.2222222222222222	0.16891891891891891
h3k27me3	502	41	4	0.0975609756097561	0.16161616161616163
h3k27me3	503	37	9	0.24324324324324326	0.15282392026578073
h3k27me3	504	35	3	0.08571428571428572	0.13725490196078433
h3k27me3	505	35	4	0.11428571428571428	0.1396103896103896
h3k27me3	506	28	1	0.03571428571428571	0.14332247557003258
h3k27me3	507	42	6	0.14285714285714285	0.1540983606557377
h3k27me3	508	28	5	0.17857142857142858	0.16065573770491803
h3k27me3	509	35	5	0.14285714285714285	0.167192429022082
h3k27me3	510	26	7	0.2692307692307692	0.18006430868167203
h3k27me3	511	39	7	0.1794871794871795	0.1949685534591195
h3k27me3	512	37	11	0.2972972972972973	0.20915032679738563
h3k27me3	513	47	7	0.14893617021276595	0.2129032258064516
h3k27me3	514	29	7	0.2413793103448276	0.22508038585209003
h3k27me3	515	35	7	0.2	0.21904761904761905
h3k27me3	516	30	8	0.26666666666666666	0.21362229102167182
h3k27me3	517	32	7	0.21875	0.20569620253164558
h3k27me3	518	36	9	0.25	0.21548821548821548
h3k27me3	519	30	6	0.2	0.21428571428571427
h3k27me3	520	47	7	0.14893617021276595	0.20557491289198607
h3k27me3	521	30	7	0.23333333333333334	0.2007042253521127
h3k27me3	522	28	6	0.21428571428571427	0.18505338078291814
h3k27me3	523	26	6	0.23076923076923078	0.18466898954703834
h3k27me3	524	28	3	0.10714285714285714	0.17567567567567569
h3k27me3	525	27	6	0.2222222222222222	0.18411552346570398
h3k27me3	526	29	2	0.06896551724137931	0.16433566433566432
h3k27me3	527	42	10	0.23809523809523808	0.16891891891891891
h3k27me3	528	39	5	0.1282051282051282	0.16932907348242812
h3k27me3	529	28	6	0.21428571428571427	0.184375
h3k27me3	530	39	3	0.07692307692307693	0.18354430379746836
h3k27me3	531	38	9	0.23684210526315788	0.19571865443425077
h3k27me3	532	43	9	0.20930232558139536	0.1786833855799373
h3k27me3	533	35	9	0.2571428571428571	0.19169329073482427
h3k27me3	534	23	5	0.21739130434782608	0.19745222929936307
h3k27me3	535	40	8	0.2	0.19935691318327975
h3k27me3	536	34	3	0.08823529411764706	0.18037974683544303
h3k27me3	537	33	8	0.24242424242424243	0.18446601941747573
h3k27me3	538	29	8	0.27586206896551724	0.17363344051446947
h3k27me3	539	36	3	0.08333333333333333	0.18181818181818182
h3k27me3	540	43	4	0.09302325581395349	0.178125
h3k27me3	541	36	9	0.25	0.1829652996845426
h3k27me3	542	37	6	0.16216216216216217	0.1755485893416928
h3k27me3	543	42	11	0.2619047619047619	0.1524390243902439
h3k27me3	544	30	5	0.16666666666666666	0.1702127659574468
h3k27me3	545	31	4	0.12903225806451613	0.17295597484276728
h3k27me3	546	35	6	0.17142857142857143	0.16129032258064516
h3k27me3	547	38	2	0.05263157894736842	0.16117216117216118
h3k27me3	548	37	9	0.24324324324324326	0.14285714285714285
h3k27me3	549	32	3	0.09375	0.13930348258706468
h3k27me3	550	28	4	0.14285714285714285	0.1411764705882353
h3k4me3	0	24	21	0.875	0.3609467455621302
h3k4me3	1	45	13	0.28888888888888886	0.3427230046948357
h3k4me3	2	34	11	0.3235294117647059	0.3472803347280335
h3k4me3	3	27	8	0.2962962962962963	0.3619402985074627
h3k4me3	4	39	8	0.20512820512820512	0.3627450980392157
h3k4me3	5	44	12	0.2727272727272727	0.3141025641025641
h3k4me3	6	26	10	0.38461538461538464	0.3257328990228013
h3k4me3	7	29	14	0.4827586206896552	0.3268608414239482
h3k4me3	8	38	14	0.3684210526315789	0.31875
h3k4me3	9	30	8	0.26666666666666666	0.3215434083601286
h3k4me3	10	40	15	0.375	0.3300970873786408
h3k4me3	11	36	12	0.3333333333333333	0.3238993710691824
h3k4me3	12	38	9	0.23684210526315788	0.3006134969325153
h3k4me3	13	30	6	0.2	0.2786377708978328
h3k4me3	14	42	14	0.3333333333333333	0.2808641975308642
h3k4me3	15	35	11	0.3142857142857143	0.27217125382262997
h3k4me3	16	37	9	0.24324324324324326	0.2565597667638484
h3k4me3	17	35	6	0.17142857142857143	0.25722543352601157
h3k4me3	18	31	9	0.2903225806451613	0.25340599455040874
h3k4me3	19	43	13	0.3023255813953488	0.23809523809523808
h3k4me3	20	52	11	0.21153846153846154	0.23450134770889489
h3k4me3	21	41	10	0.24390243902439024	0.25271739130434784
h3k4me3	22	51	10	0.19607843137254902	0.2702702702702703
h3k4me3	23	32	6	0.1875	0.26861702127659576
h3k4me3	24	49	13	0.2653061224489796	0.2695417789757412
h3k4me3	25	34	15	0.4411764705882353	0.2714285714285714
h3k4me3	26	37	13	0.35135135135135137	0.2801120448179272
h3k4me3	27	37	10	0.2702702702702703	0.2988505747126437
h3k4me3	28	38	12	0.3157894736842105	0.3295774647887324
h3k4me3	29	31	6	0.1935483870967742	0.3352601156069364
h3k4me3	30	48	15	0.3125	0.3209169054441261
h3k4me3	31	42	14	0.3333333333333333	0.3087818696883853
h3k4me3	32	39	19	0.48717948717948717	0.3278236914600551
h3k4me3	33	40	12	0.3	0.32951289398280803
h3k4me3	34	37	11	0.2972972972972973	0.3277310924369748
h3k4me3	35	41	10	0.24390243902439024	0.31142857142857144
h3k4me3	36	47	20	0.425531914893617	0.3100558659217877
h3k4me3	37	24	8	0.3333333333333333	0.27548209366391185
h3k4me3	38	39	8	0.20512820512820512	0.2786885245901639
h3k4me3	39	41	7	0.17073170731707318	0.26170798898071623
h3k4me3	40	50	16	0.32	0.2677595628415301
h3k4me3	41	44	8	0.18181818181818182	0.2410958904109589
h3k4me3	42	43	14	0.32558139534883723	0.2345360824742268
h3k4me3	43	34	4	0.11764705882352941	0.24352331606217617
h3k4me3	44	44	13	0.29545454545454547	0.2552083333333333
h3k4me3	45	46	10	0.21739130434782608	0.23655913978494625
h3k4me3	46	47	11	0.23404255319148937	0.23249299719887956
h3k4me3	47	37	11	0.2972972972972973	0.21787709497206703
h3k4me3	48	39	11	0.28205128205128205	0.23415977961432508
h3k4me3	49	38	6	0.15789473684210525	0.22282608695652173
h3k4me3	50	29	3	0.10344827586206896	0.21448467966573817
h3k4me3	51	44	9	0.20454545454545456	0.20977011494252873
h3k4me3	52	39	11	0.28205128205128205	0.20056497175141244
h3k4me3	53	49	10	0.20408163265306123	0.1994459833795014
h3k4me3	54	37	5	0.13513513513513514	0.20221606648199447
h3k4me3	55	36	7	0.19444444444444445	0.21808510638297873
h3k4me3	56	43	9	0.20930232558139536	0.22888283378746593
h3k4me3	57	46	12	0.2608695652173913	0.22162162162162163
h3k4me3	58	38	7	0.18421052631578946	0.22527472527472528
h3k4me3	59	44	12	0.2727272727272727	0.23733333333333334
h3k4me3	60	35	11	0.3142857142857143	0.2513089005235602
h3k4me3	61	42	9	0.21428571428571427	0.27055702917771884
h3k4me3	62	43	10	0.23255813953488372	0.26358695652173914
h3k4me3	63	48	12	0.25	0.2643979057591623
h3k4me3	64	43	14	0.32558139534883723	0.2620320855614973
h3k4me3	65	38	15	0.39473684210526316	0.2595419847328244
h3k4me3	66	37	7	0.1891891891891892	0.26463104325699743
h3k4me3	67	52	11	0.21153846153846154	0.27848101265822783
h3k4me3	68	36	9	0.25	0.2776349614395887
h3k4me3	69	54	15	0.2777777777777778	0.2692307692307692
h3k4me3	70	42	11	0.2619047619047619	0.24874371859296482
h3k4me3	71	45	16	0.35555555555555557	0.2581453634085213
h3k4me3	72	42	10	0.23809523809523808	0.2608695652173913
h3k4me3	73	44	11	0.25	0.26329113924050634
h3k4me3	74	46	9	0.1956521739130435	0.25333333333333335
h3k4me3	75	38	11	0.2894736842105263	0.266839378238342
h3k4me3	76	44	10	0.22727272727272727	0.24473684210526317
h3k4me3	77	40	11	0.275	0.24331550802139038
h3k4me3	78	34	6	0.17647058823529413	0.23848238482384823
h3k4me3	79	53	19	0.3584905660377358	0.24250681198910082
h3k4me3	80	39	6	0.15384615384615385	0.22826086956521738
h3k4me3	81	36	8	0.2222222222222222	0.23415977961432508
h3k4me3	82	39	8	0.20512820512820512	0.21798365122615804
h3k4me3	83	44	10	0.22727272727272727	0.22666666666666666
h3k4me3	84	39	6	0.15384615384615385	0.21763085399449036
h3k4me3	85	39	11	0.28205128205128205	0.2185792349726776
h3k4me3	86	44	6	0.13636363636363635	0.22105263157894736
h3k4me3	87	42	11	0.2619047619047619	0.2204724409448819
h3k4me3	88	41	13	0.3170731707317073	0.22163588390501318
h3k4me3	89	42	7	0.16666666666666666	0.23342175066312998
h3k4me3	90	50	12	0.24	0.22251308900523561
h3k4me3	91	40	8	0.2	0.22959183673469388
h3k4me3	92	42	10	0.23809523809523808	0.22613065326633167
h3k4me3	93	37	10	0.2702702702702703	0.2205128205128205
h3k4me3	94	44	8	0.18181818181818182	0.2193211488250653
h3k4me3	95	54	11	0.2037037037037037	0.21657754010695188
h3k4me3	96	48	11	0.22916666666666666	0.21951219512195122
h3k4me3	97	33	9	0.2727272727272727	0.22777777777777777
h3k4me3	98	35	5	0.14285714285714285	0.2418478260869565
h3k4me3	99	41	9	0.21951219512195122	0.24517906336088155
h3k4me3	100	35	8	0.22857142857142856	0.2471264367816092
h3k4me3	101	33	11	0.3333333333333333	0.24
h3k4me3	102	45	17	0.37777777777777777	0.23351648351648352
h3k4me3	103	39	8	0.20512820512820512	0.23433242506811988
h3k4me3	104	39	8	0.20512820512820512	0.257372654155496
h3k4me3	105	50	9	0.18	0.2546419098143236
h3k4me3	106	47	10	0.2127659574468085	0.2506527415143603
h3k4me3	107	38	6	0.15789473684210525	0.22950819672131148
h3k4me3	108	47	19	0.40425531914893614	0.22606382978723405
h3k4me3	109	39	8	0.20512820512820512	0.208
h3k4me3	110	39	11	0.28205128205128205	0.23369565217391305
h3k4me3	111	28	5	0.17857142857142858	0.2650273224043716
h3k4me3	112	49	9	0.1836734693877551	0.2689075630252101
h3k4me3	113	38	1	0.02631578947368421	0.26062322946175637
h3k4me3	114	43	17	0.3953488372093023	0.27071823204419887
h3k4me3	115	45	21	0.4666666666666667	0.28493150684931506
h3k4me3	116	29	5	0.1724137931034483	0.28763440860215056
h3k4me3	117	43	15	0.3488372093023256	0.30193905817174516
h3k4me3	118	48	14	0.2916666666666667	0.33238636363636365
h3k4me3	119	42	17	0.40476190476190477	0.301994301994302
h3k4me3	120	35	8	0.22857142857142856	0.28023598820059
h3k4me3	121	38	11	0.2894736842105263	0.2877094972067039
h3k4me3	122	29	9	0.3103448275862069	0.2779291553133515
h3k4me3	123	42	6	0.14285714285714285	0.2814207650273224
h3k4me3	124	33	10	0.30303030303030304	0.26358695652173914
h3k4me3	125	48	13	0.2708333333333333	0.2553191489361702
h3k4me3	126	52	14	0.2692307692307692	0.24415584415584415
h3k4me3	127	47	15	0.3191489361702128	0.23690773067331672
h3k4me3	128	44	11	0.25	0.2562189054726368
h3k4me3	129	43	7	0.16279069767441862	0.24455205811138014
h3k4me3	130	47	9	0.19148936170212766	0.24752475247524752
h3k4me3	131	45	10	0.2222222222222222	0.25129533678756477
h3k4me3	132	43	14	0.32558139534883723	0.23809523809523808
h3k4me3	133	44	8	0.18181818181818182	0.23848238482384823
h3k4me3	134	39	12	0.3076923076923077	0.24266666666666667
h3k4me3	135	34	11	0.3235294117647059	0.24390243902439024
h3k4me3	136	39	8	0.20512820512820512	0.2520107238605898
h3k4me3	137	35	9	0.2571428571428571	0.23809523809523808
h3k4me3	138	49	10	0.20408163265306123	0.23835616438356164
h3k4me3	139	41	8	0.1951219512195122	0.24175824175824176
h3k4me3	140	49	14	0.2857142857142857	0.23577235772357724
h3k4me3	141	48	10	0.20833333333333334	0.23342175066312998
h3k4me3	142	31	5	0.16129032258064516	0.23157894736842105
h3k4me3	143	38	13	0.34210526315789475	0.24316939890710382
h3k4me3	144	39	10	0.2564102564102564	0.2513812154696133
h3k4me3	145	47	9	0.19148936170212766	0.2557471264367816
h3k4me3	146	38	9	0.23684210526315788	0.2514792899408284
h3k4me3	147	35	11	0.3142857142857143	0.2542857142857143
h3k4me3	148	37	10	0.2702702702702703	0.2409972299168975
h3k4me3	149	35	12	0.34285714285714286	0.23796033994334279
h3k4me3	150	38	6	0.15789473684210525	0.23919308357348704
h3k4me3	151	43	9	0.20930232558139536	0.24489795918367346
h3k4me3	152	49	11	0.22448979591836735	0.2413793103448276
h3k4me3	153	31	7	0.22580645161290322	0.23615160349854228
h3k4me3	154	41	8	0.1951219512195122	0.2318840579710145
h3k4me3	155	34	10	0.29411764705882354	0.23011363636363635
h3k4me3	156	40	11	0.275	0.2564102564102564
h3k4me3	157	32	7	0.21875	0.26
h3k4me3	158	37	11	0.2972972972972973	0.26373626373626374
h3k4me3	159	45	7	0.15555555555555556	0.2677595628415301
h3k4me3	160	42	18	0.42857142857142855	0.25857519788918204
h3k4me3	161	48	12	0.25	0.24396782841823056
h3k4me3	162	45	12	0.26666666666666666	0.24736842105263157
h3k4me3	163	43	10	0.23255813953488372	0.2356020942408377
h3k4me3	164	47	10	0.2127659574468085	0.25866666666666666
h3k4me3	165	34	4	0.11764705882352941	0.23746701846965698
h3k4me3	166	39	10	0.2564102564102564	0.23641304347826086
h3k4me3	167	39	7	0.1794871794871795	0.225
h3k4me3	168	38	14	0.3684210526315789	0.21727019498607242
h3k4me3	169	46	11	0.2391304347826087	0.23545706371191136
h3k4me3	170	37	9	0.24324324324324326	0.24864864864864866
h3k4me3	171	37	6	0.16216216216216217	0.2409972299168975
h3k4me3	172	42	7	0.16666666666666666	0.25753424657534246
h3k4me3	173	49	17	0.3469387755102041	0.2594594594594595
h3k4me3	174	43	11	0.2558139534883721	0.25136612021857924
h3k4me3	175	30	5	0.16666666666666666	0.2545931758530184
h3k4me3	176	43	14	0.32558139534883723	0.2653061224489796
h3k4me3	177	43	16	0.37209302325581395	0.25692695214105793
h3k4me3	178	42	7	0.16666666666666666	0.24281984334203655
h3k4me3	179	52	14	0.2692307692307692	0.2557544757033248
h3k4me3	180	48	13	0.2708333333333333	0.2747524752475248
h3k4me3	181	47	5	0.10638297872340426	0.26884422110552764
h3k4me3	182	35	8	0.22857142857142856	0.26865671641791045
h3k4me3	183	51	18	0.35294117647058826	0.2702020202020202
h3k4me3	184	43	16	0.37209302325581395	0.27154046997389036
h3k4me3	185	37	10	0.2702702702702703	0.265625
h3k4me3	186	47	17	0.3617021276595745	0.28835978835978837
h3k4me3	187	36	6	0.16666666666666666	0.29198966408268734
h3k4me3	188	39	11	0.28205128205128205	0.2695417789757412
h3k4me3	189	49	11	0.22448979591836735	0.2540106951871658
h3k4me3	190	41	12	0.2926829268292683	0.25326370757180156
h3k4me3	191	44	12	0.2727272727272727	0.2394736842105263
h3k4me3	192	35	5	0.14285714285714285	0.25133689839572193
h3k4me3	193	46	11	0.2391304347826087	0.2349869451697128
h3k4me3	194	46	12	0.2608695652173913	0.23607427055702918
h3k4me3	195	44	11	0.25	0.24128686327077747
h3k4me3	196	30	9	0.3	0.23626373626373626
h3k4me3	197	48	7	0.14583333333333334	0.25263157894736843
h3k4me3	198	43	10	0.23255813953488372	0.24863387978142076
h3k4me3	199	37	13	0.35135135135135137	0.25136612021857924
h3k4me3	200	35	8	0.22857142857142856	0.25136612021857924
h3k4me3	201	51	15	0.29411764705882354	0.246684350132626
h3k4me3	202	32	6	0.1875	0.25268817204301075
h3k4me3	203	46	13	0.2826086956521739	0.24932249322493225
h3k4me3	204	44	11	0.25	0.2371967654986523
h3k4me3	205	41	10	0.24390243902439024	0.23237597911227154
h3k4me3	206	43	8	0.18604651162790697	0.22311827956989247
h3k4me3	207	40	8	0.2	0.23157894736842105
h3k4me3	208	39	9	0.23076923076923078	0.232
h3k4me3	209	47	9	0.19148936170212766	0.22562674094707522
h3k4me3	210	40	9	0.225	0.24166666666666667
h3k4me3	211	40	11	0.275	0.2535612535612536
h3k4me3	212	41	12	0.2926829268292683	0.2563380281690141
h3k4me3	213	28	5	0.17857142857142858	0.25501432664756446
h3k4me3	214	42	16	0.38095238095238093	0.26744186046511625
h3k4me3	215	34	10	0.29411764705882354	0.27246376811594203
h3k4me3	216	44	10	0.22727272727272727	0.2631578947368421
h3k4me3	217	33	7	0.21212121212121213	0.2614942528735632
h3k4me3	218	42	12	0.2857142857142857	0.254957507082153
h3k4me3	219	41	11	0.2682926829268293	0.23876404494382023
h3k4me3	220	37	7	0.1891891891891892	0.23450134770889489
h3k4me3	221	47	13	0.2765957446808511	0.23770491803278687
h3k4me3	222	33	4	0.12121212121212122	0.24598930481283424
h3k4me3	223	45	11	0.24444444444444444	0.24155844155844156
h3k4me3	224	49	12	0.24489795918367346	0.24043715846994534
h3k4me3	225	39	10	0.2564102564102564	0.24242424242424243
h3k4me3	226	41	12	0.2926829268292683	0.24022346368715083
h3k4me3	227	53	13	0.24528301886792453	0.26301369863013696
h3k4me3	228	22	6	0.2727272727272727	0.25842696629213485
h3k4me3	229	34	7	0.20588235294117646	0.2655367231638418
h3k4me3	230	42	11	0.2619047619047619	0.26495726495726496
h3k4me3	231	40	14	0.35	0.2640449438202247
h3k4me3	232	36	7	0.19444444444444445	0.26956521739130435
h3k4me3	233	47	14	0.2978723404255319	0.25842696629213485
h3k4me3	234	36	9	0.25	0.25
h3k4me3	235	46	13	0.2826086956521739	0.25405405405405407
h3k4me3	236	42	12	0.2857142857142857	0.2356164383561644
h3k4me3	237	33	5	0.15151515151515152	0.24528301886792453
h3k4me3	238	42	6	0.14285714285714285	0.23641304347826086
h3k4me3	239	48	14	0.2916666666666667	0.23224043715846995
h3k4me3	240	35	6	0.17142857142857143	0.23306233062330622
h3k4me3	241	42	12	0.2857142857142857	0.22562674094707522
h3k4me3	242	44	10	0.22727272727272727	0.21727019498607242
h3k4me3	243	34	7	0.20588235294117646	0.2459016393442623
h3k4me3	244	49	14	0.2857142857142857	0.24216524216524216
h3k4me3	245	32	7	0.21875	0.24793388429752067
h3k4me3	246	33	2	0.06060606060606061	0.2410958904109589
h3k4me3	247	49	18	0.3673469387755102	0.23728813559322035
h3k4me3	248	33	9	0.2727272727272727	0.23314606741573032
h3k4me3	249	47	11	0.23404255319148937	0.22792022792022792
h3k4me3	250	44	10	0.22727272727272727	0.2276657060518732
h3k4me3	251	33	6	0.18181818181818182	0.24293785310734464
h3k4me3	252	36	6	0.16666666666666666	0.20648967551622419
h3k4me3	253	44	11	0.25	0.19373219373219372
h3k4me3	254	28	6	0.21428571428571427	0.19533527696793002
h3k4me3	255	40	9	0.225	0.2017291066282421
h3k4me3	256	34	2	0.058823529411764705	0.1994219653179191
h3k4me3	257	45	7	0.15555555555555556	0.20689655172413793
h3k4me3	258	39	10	0.2564102564102564	0.21367521367521367
h3k4me3	259	48	13	0.2708333333333333	0.21138211382113822
h3k4me3	260	32	5	0.15625	0.21703296703296704
h3k4me3	261	38	9	0.23684210526315788	0.225201072386059
h3k4me3	262	47	14	0.2978723404255319	0.23333333333333334
h3k4me3	263	46	9	0.1956521739130435	0.2361111111111111
h3k4me3	264	35	10	0.2857142857142857	0.22253521126760564
h3k4me3	265	43	7	0.16279069767441862	0.23076923076923078
h3k4me3	266	32	7	0.21875	0.22631578947368422
h3k4me3	267	39	11	0.28205128205128205	0.22702702702702704
h3k4me3	268	43	7	0.16279069767441862	0.24193548387096775
h3k4me3	269	41	10	0.24390243902439024	0.2440318302387268
h3k4me3	270	54	11	0.2037037037037037	0.25
h3k4me3	271	37	12	0.32432432432432434	0.2540983606557377
h3k4me3	272	48	15	0.3125	0.24083769633507854
h3k4me3	273	40	12	0.3	0.24867724867724866
h3k4me3	274	34	7	0.20588235294117646	0.24383561643835616
h3k4me3	275	30	8	0.26666666666666666	0.2420749279538905
h3k4me3	276	55	10	0.18181818181818182	0.25071225071225073
h3k4me3	277	39	9	0.23076923076923078	0.23919308357348704
h3k4me3	278	28	5	0.17857142857142858	0.21929824561403508
h3k4me3	279	36	6	0.16666666666666666	0.21613832853025935
h3k4me3	280	41	16	0.3902439024390244	0.21448467966573817
h3k4me3	281	44	10	0.22727272727272727	0.21787709497206703
h3k4me3	282	35	4	0.11428571428571428	0.21329639889196675
h3k4me3	283	39	7	0.1794871794871795	0.21236559139784947
h3k4me3	284	42	10	0.23809523809523808	0.22043010752688172
h3k4me3	285	54	11	0.2037037037037037	0.2140921409214092
h3k4me3	286	42	8	0.19047619047619047	0.20855614973262032
h3k4me3	287	39	7	0.1794871794871795	0.225130890052356
h3k4me3	288	36	9	0.25	0.2328042328042328
h3k4me3	289	38	13	0.34210526315789475	0.22994652406417113
h3k4me3	290	49	9	0.1836734693877551	0.2430167597765363
h3k4me3	291	43	12	0.27906976744186046	0.24719101123595505
h3k4me3	292	35	9	0.2571428571428571	0.2541436464088398
h3k4me3	293	38	8	0.21052631578947367	0.266304347826087
h3k4me3	294	38	12	0.3157894736842105	0.24861878453038674
h3k4me3	295	40	9	0.225	0.26900584795321636
h3k4me3	296	45	11	0.24444444444444444	0.2579710144927536
h3k4me3	297	42	15	0.35714285714285715	0.2631578947368421
h3k4me3	298	32	5	0.15625	0.27113702623906705
h3k4me3	299	29	11	0.3793103448275862	0.25
h3k4me3	300	46	9	0.1956521739130435	0.2507042253521127
h3k4me3	301	32	10	0.3125	0.2540983606557377
h3k4me3	302	39	11	0.28205128205128205	0.2361111111111111
h3k4me3	303	47	7	0.14893617021276595	0.25205479452054796
h3k4me3	304	43	10	0.23255813953488372	0.23641304347826086
h3k4me3	305	56	15	0.26785714285714285	0.25069637883008355
h3k4me3	306	36	7	0.19444444444444445	0.2641509433962264
h3k4me3	307	37	12	0.32432432432432434	0.26558265582655827
h3k4me3	308	32	6	0.1875	0.2853185595567867
h3k4me3	309	37	12	0.32432432432432434	0.2845303867403315
h3k4me3	310	44	18	0.4090909090909091	0.2696629213483146
h3k4me3	311	37	11	0.2972972972972973	0.2841225626740947
h3k4me3	312	39	12	0.3076923076923077	0.2706552706552707
h3k4me3	313	44	10	0.22727272727272727	0.26988636363636365
h3k4me3	314	50	8	0.16	0.2535211267605634
h3k4me3	315	39	13	0.3333333333333333	0.2303206997084548
h3k4me3	316	29	5	0.1724137931034483	0.24269005847953215
h3k4me3	317	33	6	0.18181818181818182	0.23460410557184752
h3k4me3	318	40	7	0.175	0.2318840579710145
h3k4me3	319	32	7	0.21875	0.24107142857142858
h3k4me3	320	36	15	0.4166666666666667	0.2485207100591716
h3k4me3	321	38	9	0.23684210526315788	0.25072886297376096
h3k4me3	322	48	10	0.20833333333333334	0.2569832402234637
h3k4me3	323	41	9	0.21951219512195122	0.2549019607843137
h3k4me3	324	41	16	0.3902439024390244	0.25895316804407714
h3k4me3	325	34	7	0.20588235294117646	0.24722222222222223
h3k4me3	326	48	12	0.25	0.2541436464088398
h3k4me3	327	39	6	0.15384615384615385	0.2577903682719547
h3k4me3	328	38	10	0.2631578947368421	0.2571428571428571
h3k4me3	329	33	10	0.30303030303030304	0.2342857142857143
h3k4me3	330	40	12	0.3	0.2409972299168975
h3k4me3	331	39	9	0.23076923076923078	0.2514124293785311
h3k4me3	332	38	8	0.21052631578947367	0.25139664804469275
h3k4me3	333	41	8	0.1951219512195122	0.25977653631284914
h3k4me3	334	45	12	0.26666666666666666	0.2542372881355932
h3k4me3	335	41	14	0.34146341463414637	0.2541899441340782
h3k4me3	336	43	7	0.16279069767441862	0.26330532212885155
h3k4me3	337	38	13	0.34210526315789475	0.27624309392265195
h3k4me3	338	29	7	0.2413793103448276	0.28296703296703296
h3k4me3	339	44	13	0.29545454545454547	0.28291316526610644
h3k4me3	340	38	12	0.3157894736842105	0.2644628099173554
h3k4me3	341	43	14	0.32558139534883723	0.26170798898071623
h3k4me3	342	43	11	0.2558139534883721	0.25
h3k4me3	343	38	10	0.2631578947368421	0.2568306010928962
h3k4me3	344	47	9	0.19148936170212766	0.25824175824175827
h3k4me3	345	43	6	0.13953488372093023	0.25136612021857924
h3k4me3	346	35	8	0.22857142857142856	0.2547945205479452
h3k4me3	347	35	11	0.3142857142857143	0.24863387978142076
h3k4me3	348	42	13	0.30952380952380953	0.2569832402234637
h3k4me3	349	40	10	0.25	0.2543352601156069
h3k4me3	350	42	15	0.35714285714285715	0.2831858407079646
h3k4me3	351	44	9	0.20454545454545456	0.2997032640949555
h3k4me3	352	30	11	0.36666666666666664	0.29673590504451036
h3k4me3	353	35	5	0.14285714285714285	0.28700906344410876
h3k4me3	354	36	14	0.3888888888888889	0.3
h3k4me3	355	33	13	0.3939393939393939	0.2807017543859649
h3k4me3	356	35	10	0.2857142857142857	0.2896341463414634
h3k4me3	357	36	8	0.2222222222222222	0.2727272727272727
h3k4me3	358	49	17	0.3469387755102041	0.2710843373493976
h3k4me3	359	44	9	0.20454545454545456	0.26299694189602446
h3k4me3	360	30	8	0.26666666666666666	0.2560240963855422
h3k4me3	361	32	6	0.1875	0.2553846153846154
h3k4me3	362	37	5	0.13513513513513514	0.25617283950617287
h3k4me3	363	31	10	0.3225806451612903	0.24262295081967214
h3k4me3	364	38	12	0.3157894736842105	0.22666666666666666
h3k4me3	365	28	8	0.2857142857142857	0.2403846153846154
h3k4me3	366	35	8	0.22857142857142856	0.24193548387096775
h3k4me3	367	30	8	0.26666666666666666	0.2604501607717042
h3k4me3	368	39	3	0.07692307692307693	0.24444444444444444
h3k4me3	369	42	15	0.35714285714285715	0.23300970873786409
h3k4me3	370	30	6	0.2	0.22884012539184953
h3k4me3	371	38	11	0.2894736842105263	0.23197492163009403
h3k4me3	372	35	6	0.17142857142857143	0.234375
h3k4me3	373	32	7	0.21875	0.26198083067092653
h3k4me3	374	38	9	0.23684210526315788	0.2459546925566343
h3k4me3	375	35	9	0.2571428571428571	0.2672955974842767
h3k4me3	376	31	9	0.2903225806451613	0.25949367088607594
h3k4me3	377	32	10	0.3125	0.2694610778443114
h3k4me3	378	38	9	0.23684210526315788	0.2719298245614035
h3k4me3	379	39	15	0.38461538461538464	0.2634730538922156
h3k4me3	380	36	8	0.2222222222222222	0.26666666666666666
h3k4me3	381	53	14	0.2641509433962264	0.27450980392156865
h3k4me3	382	40	10	0.25	0.26975476839237056
h3k4me3	383	30	4	0.13333333333333333	0.275
h3k4me3	384	46	13	0.2826086956521739	0.2768361581920904
h3k4me3	385	43	15	0.3488372093023256	0.2869318181818182
h3k4me3	386	42	11	0.2619047619047619	0.2927536231884058
h3k4me3	387	31	9	0.2903225806451613	0.2886297376093295
h3k4me3	388	33	14	0.42424242424242425	0.29971181556195964
h3k4me3	389	34	11	0.3235294117647059	0.3042168674698795
h3k4me3	390	46	14	0.30434782608695654	0.29607250755287007
h3k4me3	391	38	8	0.21052631578947367	0.2774390243902439
h3k4me3	392	34	9	0.2647058823529412	0.28869047619047616
h3k4me3	393	31	10	0.3225806451612903	0.26822157434402333
h3k4me3	394	42	12	0.2857142857142857	0.26785714285714285
h3k4me3	395	39	4	0.10256410256410256	0.2652439024390244
h3k4me3	396	39	15	0.38461538461538464	0.2625
h3k4me3	397	40	9	0.225	0.26479750778816197
h3k4me3	398	27	9	0.3333333333333333	0.25149700598802394
h3k4me3	399	38	11	0.2894736842105263	0.25225225225225223
h3k4me3	400	30	5	0.16666666666666666	0.2724458204334365
h3k4me3	401	35	10	0.2857142857142857	0.2555205047318612
h3k4me3	402	44	9	0.20454545454545456	0.2563291139240506
h3k4me3	403	41	12	0.2926829268292683	0.24922118380062305
h3k4me3	404	29	8	0.27586206896551724	0.23659305993690852
h3k4me3	405	33	8	0.24242424242424243	0.24382716049382716
h3k4me3	406	39	9	0.23076923076923078	0.23148148148148148
h3k4me3	407	32	8	0.25	0.2268370607028754
h3k4me3	408	34	6	0.17647058823529413	0.21359223300970873
h3k4me3	409	37	9	0.24324324324324326	0.21451104100946372
h3k4me3	410	35	6	0.17142857142857143	0.21656050955414013
h3k4me3	411	33	5	0.15151515151515152	0.23417721518987342
h3k4me3	412	37	7	0.1891891891891892	0.22741433021806853
h3k4me3	413	37	10	0.2702702702702703	0.25075528700906347
h3k4me3	414	30	8	0.26666666666666666	0.25301204819277107
h3k4me3	415	41	15	0.36585365853658536	0.24924924924924924
h3k4me3	416	37	7	0.1891891891891892	0.25
h3k4me3	417	44	16	0.36363636363636365	0.2579710144927536
h3k4me3	418	38	10	0.2631578947368421	0.2619047619047619
h3k4me3	419	36	5	0.1388888888888889	0.2537764350453172
h3k4me3	420	40	7	0.175	0.23125
h3k4me3	421	42	11	0.2619047619047619	0.2356687898089172
h3k4me3	422	28	9	0.32142857142857145	0.2262295081967213
h3k4me3	423	25	4	0.16	0.21843003412969283
h3k4me3	424	30	5	0.16666666666666666	0.2533783783783784
h3k4me3	425	31	7	0.22580645161290322	0.2695035460992908
h3k4me3	426	35	11	0.3142857142857143	0.29304029304029305
h3k4me3	427	26	5	0.19230769230769232	0.275
h3k4me3	428	39	16	0.41025641025641024	0.26480836236933797
h3k4me3	429	26	8	0.3076923076923077	0.27303754266211605
h3k4me3	430	33	15	0.45454545454545453	0.27835051546391754
h3k4me3	431	35	6	0.17142857142857143	0.272108843537415
h3k4me3	432	32	3	0.09375	0.2668918918918919
h3k4me3	433	36	9	0.25	0.24912280701754386
h3k4me3	434	29	8	0.27586206896551724	0.2483221476510067
h3k4me3	435	38	10	0.2631578947368421	0.23745819397993312
h3k4me3	436	28	4	0.14285714285714285	0.23934426229508196
h3k4me3	437	28	8	0.2857142857142857	0.255663430420712
h3k4me3	438	39	11	0.28205128205128205	0.24358974358974358
h3k4me3	439	34	12	0.35294117647058826	0.23003194888178913
h3k4me3	440	41	8	0.1951219512195122	0.23397435897435898
h3k4me3	441	36	9	0.25	0.2476489028213166
h3k4me3	442	39	6	0.15384615384615385	0.24691358024691357
h3k4me3	443	30	4	0.13333333333333333	0.2515527950310559
h3k4me3	444	37	11	0.2972972972972973	0.24358974358974358
h3k4me3	445	35	10	0.2857142857142857	0.2334384858044164
h3k4me3	446	33	9	0.2727272727272727	0.23219814241486067
h3k4me3	447	37	12	0.32432432432432434	0.2563291139240506
h3k4me3	448	24	7	0.2916666666666667	0.26006191950464397
h3k4me3	449	46	6	0.13043478260869565	0.2523364485981308
h3k4me3	450	42	10	0.23809523809523808	0.24842767295597484
h3k4me3	451	32	12	0.375	0.25391849529780564
h3k4me3	452	37	7	0.1891891891891892	0.24281150159744408
h3k4me3	453	35	8	0.22857142857142856	0.23692307692307693
h3k4me3	454	32	8	0.25	0.246875
h3k4me3	455	34	11	0.3235294117647059	0.25483870967741934
h3k4me3	456	31	7	0.22580645161290322	0.22364217252396165
h3k4me3	457	36	8	0.2222222222222222	0.21926910299003322
h3k4me3	458	41	8	0.1951219512195122	0.22408026755852842
h3k4me3	459	32	10	0.3125	0.21739130434782608
h3k4me3	460	35	3	0.08571428571428572	0.21639344262295082
h3k4me3	461	25	3	0.12	0.22591362126245848
h3k4me3	462	33	9	0.2727272727272727	0.2354948805460751
h3k4me3	463	32	6	0.1875	0.24363636363636362
h3k4me3	464	40	12	0.3	0.23076923076923078
h3k4me3	465	27	9	0.3333333333333333	0.2483221476510067
h3k4me3	466	28	9	0.32142857142857145	0.26229508196721313
h3k4me3	467	23	6	0.2608695652173913	0.27184466019417475
h3k4me3	468	43	9	0.20930232558139536	0.27384615384615385
h3k4me3	469	47	11	0.23404255319148937	0.27134146341463417
h3k4me3	470	32	9	0.28125	0.25149700598802394
h3k4me3	471	37	13	0.35135135135135137	0.24068767908309455
h3k4me3	472	48	11	0.22916666666666666	0.24930747922437674
h3k4me3	473	43	12	0.27906976744186046	0.24431818181818182
h3k4me3	474	33	4	0.12121212121212122	0.24925816023738873
h3k4me3	475	43	9	0.20930232558139536	0.24147727272727273
h3k4me3	476	35	12	0.34285714285714286	0.24198250728862974
h3k4me3	477	34	5	0.14705882352941177	0.2392638036809816
h3k4me3	478	32	9	0.28125	0.2367601246105919
h3k4me3	479	47	10	0.2127659574468085	0.24458204334365324
h3k4me3	480	28	11	0.39285714285714285	0.25391849529780564
h3k4me3	481	31	6	0.1935483870967742	0.25477707006369427
h3k4me3	482	38	10	0.2631578947368421	0.28125
h3k4me3	483	35	7	0.2	0.2623456790123457
h3k4me3	484	39	11	0.28205128205128205	0.27414330218068533
h3k4me3	485	30	11	0.36666666666666664	0.25
h3k4me3	486	40	15	0.375	0.2577639751552795
h3k4me3	487	36	4	0.1111111111111111	0.2664576802507837
h3k4me3	488	44	13	0.29545454545454547	0.2652439024390244
h3k4me3	489	35	5	0.14285714285714285	0.26380368098159507
h3k4me3	490	25	7	0.28	0.24605678233438485
h3k4me3	491	35	12	0.34285714285714286	0.2267080745341615
h3k4me3	492	44	9	0.20454545454545456	0.2515527950310559
h3k4me3	493	37	10	0.2702702702702703	0.24213836477987422
h3k4me3	494	21	3	0.14285714285714285	0.2507836990595611
h3k4me3	495	45	10	0.2222222222222222	0.25846153846153846
h3k4me3	496	36	12	0.3333333333333333	0.23100303951367782
h3k4me3	497	40	9	0.225	0.22910216718266255
h3k4me3	498	36	8	0.2222222222222222	0.22784810126582278
h3k4me3	499	31	11	0.3548387096774194	0.23839009287925697
h3k4me3	500	39	4	0.10256410256410256	0.2310126582278481
h3k4me3	501	38	7	0.18421052631578946	0.2262295081967213
h3k4me3	502	30	8	0.26666666666666666	0.2214765100671141
h3k4me3	503	28	8	0.2857142857142857	0.22903225806451613
h3k4me3	504	38	6	0.15789473684210525	0.221875
h3k4me3	505	25	8	0.32	0.24761904761904763
h3k4me3	506	33	6	0.18181818181818182	0.25396825396825395
h3k4me3	507	48	13	0.2708333333333333	0.24695121951219512
h3k4me3	508	41	11	0.2682926829268293	0.24233128834355827
h3k4me3	509	34	11	0.3235294117647059	0.2809667673716012
h3k4me3	510	38	9	0.23684210526315788	0.2877906976744186
h3k4me3	511	43	9	0.20930232558139536	0.29673590504451036
h3k4me3	512	26	6	0.23076923076923078	0.29253731343283584
h3k4me3	513	43	20	0.46511627906976744	0.2852760736196319
h3k4me3	514	38	14	0.3684210526315789	0.2822085889570552
h3k4me3	515	26	7	0.2692307692307692	0.2809667673716012
h3k4me3	516	46	11	0.2391304347826087	0.2883435582822086
h3k4me3	517	32	6	0.1875	0.283987915407855
h3k4me3	518	34	10	0.29411764705882354	0.24923076923076923
h3k4me3	519	43	10	0.23255813953488372	0.25705329153605017
h3k4me3	520	38	10	0.2631578947368421	0.25925925925925924
h3k4me3	521	31	6	0.1935483870967742	0.2611464968152866
h3k4me3	522	37	7	0.1891891891891892	0.2670807453416149
h3k4me3	523	32	15	0.46875	0.26332288401253917
h3k4me3	524	31	9	0.2903225806451613	0.2692307692307692
h3k4me3	525	36	9	0.25	0.25477707006369427
h3k4me3	526	40	10	0.25	0.2515923566878981
h3k4me3	527	31	8	0.25806451612903225	0.25165562913907286
h3k4me3	528	36	10	0.2777777777777778	0.22697368421052633
h3k4me3	529	40	6	0.15	0.21753246753246752
h3k4me3	530	31	5	0.16129032258064516	0.215625
h3k4me3	531	25	4	0.16	0.2197452229299363
h3k4me3	532	34	8	0.23529411764705882	0.2118380062305296
h3k4me3	533	35	7	0.2	0.2066869300911854
h3k4me3	534	48	11	0.22916666666666666	0.20364741641337386
h3k4me3	535	34	10	0.29411764705882354	0.20307692307692307
h3k4me3	536	38	7	0.18421052631578946	0.20958083832335328
h3k4me3	537	44	10	0.22727272727272727	0.2
h3k4me3	538	40	5	0.125	0.21367521367521367
h3k4me3	539	27	4	0.14814814814814814	0.21686746987951808
h3k4me3	540	34	8	0.23529411764705882	0.20760233918128654
h3k4me3	541	45	7	0.15555555555555556	0.21637426900584794
h3k4me3	542	41	13	0.3170731707317073	0.2072072072072072
h3k4me3	543	29	8	0.27586206896551724	0.22018348623853212
h3k4me3	544	44	9	0.20454545454545456	0.23030303030303031
h3k4me3	545	38	10	0.2631578947368421	0.21818181818181817
h3k4me3	546	35	5	0.14285714285714285	0.22115384615384615
h3k4me3	547	34	8	0.23529411764705882	0.2066420664206642
h3k4me3	548	30	8	0.26666666666666666	0.19834710743801653
h3k4me3	549	34	4	0.11764705882352941	0.19696969696969696
h3k4me3	550	27	4	0.14814814814814814	0.18125
