sample	read_id	chrom	region_id	region_start	region_end	alignment_start	alignment_end	mapq	is_reverse	cigar	sequence_length	non_n_bases	read_track_mean	reference_track_mean	mean_delta_read_minus_reference	mean_abs_delta	pearson_read_vs_reference	npz
merged_c1	f3b7ad50-6065-42eb-9687-1820fa22f0f1	chr16	4	4300000	4400000	4259244	4300766	60	True	6S225M3I366M1D10M1D213M1D2M1D4M1I3M2D81M3I70M1D9M1D41M1I4M1I475M2D147M1D5M1I9M1I1M1I71M1I293M1I436M1D120M1D3M2D3M1I442M1I426M2D533M1I145M1D109M1D3M1D296M1I6M3D4M2D5M5D2M1D213M1D43M1I97M1D100M1I5M1I55M1I102M3D48M1D3M1I168M1D55M1I33M1I59M1D143M1I83M1I109M1I156M1D291M4D281M3D105M1D124M1D220M2I90M2D35M3D1071M2D5M1D4M1I4M1D515M5D174M1D630M2D240M1I359M1D683M1I276M2D8M1I16M1I14M1I188M2I10M2D117M3D119M1D5M1D1M1D64M1D23M1I33M1D54M1I33M1D4M1I60M1I65M1D28M2D21M2I36M1D99M2D9M2D8M1I111M1I14M3D11M1I54M1I21M1I1M2I18M1I14M1D6M1I2M1I97M1I39M3D110M1D10M1D157M1D8M1I17M2D5M1D5M1I1M1I39M3D51M2D11M2D3M3I6M2D57M1I29M3I1M1I61M1I6M2D15M1D15M1I33M5D64M1D13M1D15M2I3M2D115M2D2M1D148M1I262M1D1M2D3M1D12M2D133M3D30M1I64M1I129M1D100M1I5M1D31M1D43M1I6M1I87M1I38M1I1M2I10M1I163M2I68M1D3M1I34M1D12M1I10M1D2M1D4M8D109M2I15M1D11M1I77M1I157M1I10M2D144M3D88M1D120M1I193M1D177M1D56M1D152M1D249M1I59M1I353M1D16M1D191M1D571M1I58M1D19M2I168M1I332M1I131M2D419M1I410M1D49M1D4M3I54M1I71M1D59M1D5M2D316M1I330M3I155M1D295M1I133M2I637M4D105M1I2M1I27M2D6M1I75M3I2M2I47M1I3M1D1M1D62M1D99M3D123M4I6M3I171M1I124M2D130M2D102M1D284M1I285M1D260M1I2M1D91M2D76M1D151M3I716M1I3M1D25M3I95M1D112M2I120M1I2M2D168M1D41M2D639M2D120M3D5M1I140M1I3M3I5M2I3M1D82M1D420M1I199M1D56M2I299M3I47M1D11M1D77M2D27M2I116M2D32M1I2M1D11M1I13M1I218M1D675M2D642M1D2M1I4M1D24M3I30M1I38M1D9M1D56M1I18M1D121M1I22M2I1M4D9M2D11M3I26M1I107M2I8M3D70M1D76M1I86M2I19M1I38M1D5M1D2M1I9M1D402M9D136M1D153M1D162M1D159M3D135M3D134M1I11M1I156M1I165M1I81M1D10M3D36M1D76M2D97M1I30M2I720M1D162M1D106M1D10M3D558M1I138M2D179M1D4M1D29M2D72M1D143M1D558M1D3M1D371M1D10M1D1M1D26M1D6M2I5M2D6M2D6M1I48M3D383M1D54M1D944M1I389M5D45M2D12M2D2M1D130M2D1215M1D25M1I3M1D86M1D3M1D450M1D134M1I244M2I176M1D8M1D9M4D4M2D18M2D33M1D4M2I14M3I277M1D84M3I274M1D4M1D16M1I15M1I111M3D32M1I95M1I357M1I283M1D400M3D353M1I65M42S	16384	8234	85.65503787994385	244.625	-158.96996212005615	223.38793087005615	0.4821885813839992	outputs/read_sequence_sensitivity/readseq_001_merged_c1_chr16_4.npz
merged_c1	18ade6af-1852-4619-bfad-eacac1622628	chr16	4	4300000	4400000	4270006	4308039	60	False	1S170M2D95M1D57M2I6M1I87M1D62M2D88M2I66M1I26M2I2M1D32M1I59M1I95M3D190M1I24M1D26M1I3M5D12M1D9M1I42M1D5M1I4M1D25M2I12M1D20M1I78M1I46M2D33M1D6M3D3M1I10M1I8M1I6M1D61M1D4M2D6M2D53M1D5M1I3M1I104M2D8M1D58M1D127M1D9M1I30M2D35M1I1M2I4M1D98M1I27M1I22M1D150M2D18M1I4M1D9M1D6M1I25M1I18M1D39M1I119M1I2M1D71M1D4M4D8M1D53M1D14M1I96M3D57M5D7M1I13M1I217M2D21M1D10M2D5M1I5M1D39M3D9M2D15M2D32M1D119M1D42M1D28M1I116M3D33M1I122M2D3M1I210M1D32M1D5M1D57M1D47M1I80M1I114M1D170M1I313M1I341M1I6M3I258M2I188M1I336M2D21M2D100M1D56M1D3M3I77M1D15M1D4M2D1M1D89M1D346M2I319M1I115M2D151M1I29M1D4M1D132M1D289M1D3M1I10M6I306M2D63M1D2M1D1M1D79M1I68M1D74M1D214M4D1M1D15M1D60M1I3M1D1M3D55M1D10M1I91M2I4M1D33M1D84M1D79M1I2M1I1M2D340M1I150M1D154M1D206M2D418M1I143M1I296M4D173M1D90M1D9M1I21M1D150M1D32M2I9M1D15M1D16M1I11M1I4M1D219M1I2M1D30M2D574M2D11M1D24M2D27M2D69M1D11M2D32M1D2M2D417M1D36M1D59M1I32M1D151M2D126M1I11M1D665M1I228M1I151M2D273M1I274M1D323M1I9M1D17M1D107M1D3M1I20M1I6M1D4M2I190M1D5M1I8M1I15M2I96M2D9M1I294M2D236M1I233M2I15M1I7M1D21M2I2M1D86M1D161M1I341M1D106M1I189M1D430M1I123M1I300M1D30M1D80M2D19M1I2M3D10M6D76M1D1M1D3M2D3M1D35M1D4M1I25M1I138M2D66M1D2M1I8M2I6M1I60M1D5M1D17M1D14M1D1M1D1M1D6M1I10M2D4M1I108M2D35M1D5M1D21M1D20M1I41M1I365M6D294M1I162M1I330M1I109M3D160M1I158M1D42M1I45M1D14M2D170M1D23M1I8M1I51M2D17M1I167M1D357M1I21M3D366M1D3M1D2M1D10M1I262M2I40M2D267M2D13M1I10M2I51M2D19M1D3M1I145M1I3M2D61M3D5M2I12M1D3M1D33M1D8M1I74M3I144M1D237M1I3M2I248M1I104M1D61M1D23M1D4M1D37M5D23M2I10M1D2M1D9M1I58M1D87M2D54M1I30M2D2M2D57M1I3M1D130M1I13M2I15M1D1M2D37M4I42M4I49M3D4M2I99M2D32M2I7M2D15M2D3M3D6M1I24M1I48M2I30M1I36M1D6M1D2M1I35M1D24M4D304M4D190M1I187M1D107M1D7M3D75M1I173M1D116M1D40M1I310M1I248M1I203M1I79M1I500M1I5M2D22M4I2M3I100M1I2M2D2M1I386M1I7M1I3M1D112M2D65M1D327M1D65M1D58M1D184M1D17M1D2M1I215M1D139M1I81M1D14M1I12M1D4M3D24M1D4M1D95M1D5M2I1M1D35M1D4M1D6M1I5M2D70M1D31M1D32M1D2M1D1M2D32M1D172M1D42M1I305M1I100M3I18M1D162M1I60M1D5M1D49M2D58M1D295M2D18M2D18M1I462M1D38M1D31M1I101M1D157M1D98M1I54M1I29M2D4M1I311M1D227M3I165M2I176M1D6M1D74M1I15M1I301M1I30M1D15M1D43M1I485M1I1M1I406M3I17M2I125M1I1M1I25M1D13M1D19M1I18M1I81M1D180M2D5M1I501M8D2M1I39M2I16M1I18M2D6M1D47M1I387M2I21M1I42M1I317M2D352M1I214M2I197M1D15M2I70M2D1M1D3M1D130M1D4M3D17M3D154M1I4M1D16M1D53M1D106M2D67M1I13M1I37M1D16M4D128M3D5M1D2M2I48M2D73M1I223M1D8M1D25M2D3M1D86M1D6M3D18M1I15M1D13M15S	16384	8208	118.59316635131836	244.625	-126.03183364868164	285.23886489868164	-0.0832587784261156	outputs/read_sequence_sensitivity/readseq_002_merged_c1_chr16_4.npz
merged_c1	4d70b3e7-3b6f-4a54-b095-6f10ef691074	chr16	4	4300000	4400000	4270369	4311912	60	False	29S55M1D1M1D48M1D12M1D34M1D6M1D3M1D64M1I1M2I67M1I49M1I2M1D11M1I26M1I5M1I3M1D30M1D37M1D3M1I82M2D5M1D73M1D45M2D3M1D10M2D46M1D6M1I12M1D23M1D2M1I10M1D33M2D110M1I37M2I12M1I89M1D7M1D8M1D7M1I94M1D9M1I69M2D1M1D11M1D23M1D4M1D30M1I5M1I114M1I55M1I46M1I4M4I8M2D4M1I11M1I6M1D11M1I3M1I2M2I4M1D3M2D5M2D9M1I58M1D5M2D3M1D23M2D18M5I19M1D1M1D3M1D6M1I5M2D4M1I18M1I9M1D13M3I5M1I50M1D3M1D3M1D11M2D6M5D18M2D14M6D27M3D6M1D21M1D100M1I34M1D85M1I17M1D4M2D22M1I23M1I9M1I130M1I24M1D3M1D57M6D22M8D59M1D2M4I1M1I35M1I67M1D105M1D7M1D34M1I5M4D2M1D4M2I11M1I2M1D23M6D1M9D16M5D4M1D4M1I63M1I10M2D20M1D30M2I10M1D13M1D43M1D80M1I138M1D69M2I24M2D14M1D38M1D61M3I4M1D83M1D6M2I132M1D3M2I7M1D21M1I20M1I5M1D79M1I44M7D306M1D112M2I90M1D392M1I50M1I76M1D70M1D177M2D280M1D3M1D3M1D5M2D1M1D84M3D26M2D70M1D28M1D20M1D54M1I292M1D6M1D323M1I5M1D17M1D154M2D6M2I124M1D81M1D2M3I28M1D322M1I580M1D24M1I234M1I44M2D5M1D196M1D6M1I4M2I95M3I3M1D2M1D17M3I1M3I396M1D125M1D154M3D283M3I86M2D224M6D20M3D21M1D42M4D1M1D17M1D84M1I90M3I177M6D43M1I128M1D90M1I117M2D317M1I4M1D125M2D15M1I2M1D40M1D70M1I1M2D5M3D7M3I21M1D17M1D15M2D1M1I5M2I6M1I243M1D90M1D32M3I61M1D38M1D8M1D118M1I21M1D262M1D80M1D11M1I63M1I17M1I142M1I10M1D792M3D203M2D3M1D63M4D12M2I221M2I140M1D71M1D410M6D48M1D10M5D16M1D42M1D8M3D41M1I86M1I41M2D31M2D16M1I38M1D133M1D5M1D92M1D1M1D336M1I9M1I53M1D8M3D113M1I13M1D169M2I39M1I89M2I59M1I7M1D38M2D8M1D8M2I3M1I66M2D10M1D224M1D50M3I20M1I48M5I108M1D1M2I25M5I144M3D15M6I8M2D253M3I163M1I10M1D2M1I423M3D139M1I2M3D3M4D1M1D5M2D6M3D2M1D17M1I15M1I115M1I19M1D22M1D40M1D12M1I20M1D69M2D79M1I13M1D11M1D40M3I18M1D61M5I10M2D13M5D11M1I12M2D60M1D40M1I63M2D99M1I196M17D146M2D219M1D2M1I360M1I3M1D14M7D141M1D9M1D145M1I146M2I53M2D9M2D56M1I14M1D17M1I193M3I11M1I37M1I7M1D156M1D32M1I8M1D313M1I336M2I41M3I13M1I4M1D45M2D154M2I6M1D33M1D3M1D30M1I246M4I152M1D125M1I2M1D77M1D23M1I16M1D13M4I7M6D1M1D88M1D80M2D553M1D132M1I12M1I5M1I24M1I3M1I10M3D2M1D29M1D42M3D95M1D17M1I2M2D89M1D54M1D1M1D93M1D4M2D2M4D4M1D2M1I54M1I2M1I73M1D14M1D59M1D6M1D14M4D3M1I53M1I1M2D46M1D4M3D18M1I55M2D14M1I35M1D46M1D5M4I2M1I4M1D21M1D15M3D44M1I16M1I292M1D277M1D30M1D6M1D416M4D1M1D18M1D141M1D407M1I113M1I624M1I40M1D61M1D68M1I12M4D25M1I58M1D42M1I76M1D94M1I2M1D14M2D5M1D113M1I100M1I223M2D129M1D22M3D141M1D168M2D3M1I3M1I53M1D12M1D3M1I1M3I13M3D50M3I89M1D66M3D133M1I127M1D222M4I93M1I20M2I4M1D32M1I3M1D9M5D5M2D3M1D71M1D45M1D37M1I2M1D5M1I5M1I64M3D290M1I24M1D82M1I9M1I77M1D89M1I48M1I32M1I58M4D363M9D147M1D565M2I158M1I3M1D311M1D116M1D64M1D22M1D1M1D9M1I74M1I62M1D164M2D187M1I28M1D178M43D18M1I193M1I25M1I4M1D49M1D12M1I13M3D7M1I5M1D1M2I94M1I31M1D134M1D507M1I2M1D101M1I7M2D47M1D8M1D9M1I5M2I38M1D3M1D54M2I70M1I5M1I67M1D40M2I122M1I22M1I5M3D71M1I117M1I12M1I185M2I3M3D2M2D2M1D11M1I9M1D18M1I9M1D13M1D17M1D2M1D47M1D284M1D164M1I7M1D24M3D529M1I5M1D38M1I86M1I4M1I60M2I117M1I30M1D4M3I2M5I37M2D52M1D3M1D42M2D26M1I4M1D5M1D17M1D5M2D18M1I113M2I48M1I21M1I3M1I165M2D12M1D74M1I14M1I36M1D18M1I16M1D23M2I4M2D40M2D4M1D10M2I51M1D105M1I93M1D3M1D129M2D145M2D6M1D17M1D33M1I35M1I13M1I4M1D17M1D8M1I4M1D5M1I22M1I5M3D2M1D46M1I2M1I497M5D308M1I2M2D324M1I246M1I27M1I92M1D51M1D24M1D18M1I27M1D6M1D15M1D132M1D80M1D39M1D29M1D4M1I5M1D3M3I283M1I3M2D9M2D3M5I16M1D2M3D273M1I136M1I30M1D580M1D36M2D1M1I7M1D52M1D23M1I13M3D1M1I11M3D6M1D1M1D32M1I10M2D19M2D14M1D29M1I2M1I145M2I59M1D6M1I16M1I4M1D50M16S	16384	8209	136.46556615829468	244.625	-108.15943384170532	296.1750588417053	-0.08176863661950177	outputs/read_sequence_sensitivity/readseq_003_merged_c1_chr16_4.npz
merged_c1	6520e671-773d-4e6d-be53-91b9e911dcf3	chr16	4	4300000	4400000	4271142	4304275	60	True	8S225M1D191M3I47M1I86M1D72M2I192M1I286M1D93M2D121M1D31M2D211M1D224M1D23M6D73M1I251M1I3M1I1M2I9M1I33M3D207M1D89M1D12M2D17M1D31M1D393M1D116M1I74M2I84M2I205M1D145M1D158M3D631M10I113M4D197M3D2M2I1116M1I551M2I124M3I770M2D79M1D7M1I423M3I485M2D153M2D588M1I109M1D17M1I349M6D1380M3I554M2D35M1D126M1I152M1I342M1D938M1D556M1I90M10D79M1I108M4D193M1D1M1D225M3I6M1I259M4D122M1I3M1D323M2I76M1D37M1I240M1D457M1I425M1I701M6I112M1D5M2I121M1D8M1I17M3I178M1D1M1D19M2D5M1D4M1D205M2D59M2I2M1I408M15D769M3D277M2I181M2D64M1I2M1D50M1D200M1I122M2I113M1I324M1I396M4I36M1D265M4D293M2I9M4I233M1D97M2I2M3I1M1I94M2I707M1D917M1D265M1D308M3D754M1I19M1D43M1D1211M1D8M1D249M3I120M3D157M1D3M2I30M1D672M1D557M1D199M2D7M1D86M1I64M1D2M2D8M1D251M1I113M2D395M3I398M3I1M1I354M5D15M1D137M1I255M1D256M1D4M1I348M1I94M2D440M1I165M1I574M2D154M1D466M3D314M1I3M1I6M1D120M1I38M2D5M1D118M3D39M29S	16384	8221	86.64487648010254	244.625	-157.98012351989746	252.53481101989746	0.06225396598505911	outputs/read_sequence_sensitivity/readseq_004_merged_c1_chr16_4.npz
merged_c1	199be93b-f530-4f39-b918-f57a4045251c	chr16	4	4300000	4400000	4272743	4307127	60	True	9S173M1I235M4D64M4D1M1D13M1I384M3D23M1D64M2D23M1I64M1I108M1D185M1I143M3D2M3D32M1I84M1D9M1D5M1I16M1D5M6D307M4D541M1D26M2D18M4D28M2D5M1D161M3D367M1D90M1I84M1D133M1D1270M1I155M1I48M1D480M1D5M1D333M1I903M1I155M2D284M3I10M1I770M4D492M3D229M1I4M1I654M2D442M1I274M2I152M2D137M1D195M1I7M1D671M1I215M1I50M1D1M1D646M2D597M1D277M1I164M1D125M1I249M1D143M1D340M1D250M1I422M1D2M2D463M1D235M1I2M2D13M1D4M1D19M2I1M1D7M1D12M3D4M4D2M2D5M1I11M1D3M1D3M1I11M2D11M1D3M1D8M3D2M1I7M1D7M1D5M1D2M1D238M2D4M1D74M1I34M1I5M1D27M1I5M1D2M1D25M1D104M1I17M1I442M10D750M3D301M2D248M5D18M1D159M1I1631M1D82M1I160M1D184M2D719M2D987M1D197M1I1387M1D679M1D530M1D270M1I294M1I631M3I188M1D371M1D24M1I2M1D107M3D48M3D4M1I2M1I9M2I46M3D101M1D6M2D187M1I359M1I79M2I4M1D10M1D269M1I11M1D3M1D17M1D250M1I24M2I81M1D157M1D254M1D1145M1D738M2D616M1D397M1I30M3I1M1I11M1I48M2D539M1I6M1D182M1I103M1I94M2D533M1D639M2I5M1I190M1I133M1I231M6D220M1D5M1D36M1D10M2D8M1D70M11S	16384	8203	77.4728012084961	244.625	-167.1521987915039	254.8084487915039	0.034783976829429866	outputs/read_sequence_sensitivity/readseq_005_merged_c1_chr16_4.npz
merged_c1	b5f38cc2-9ab8-466d-b7b1-e4946fb5e6eb	chr16	4	4300000	4400000	4274997	4305668	60	False	510M14I460M2I308M1I37M1I401M2D220M1D681M3I506M2D1259M2D153M3D1063M6D285M1I249M1I5M1I1390M1I169M7I152M3I318M8I30M1D308M1D626M2D420M1I222M8D270M1I254M1D354M4D150M1I299M1I812M2I425M3I963M2I74M1D54M1I16M1I46M2I54M1I38M1I245M1D363M16D744M2I304M3D383M1D35M1I388M1I586M4D358M4D302M1D120M2I4M1D154M1I148M2D142M2I469M1I272M1I201M2D305M1D115M1D7M1D258M1D75M1I348M2D301M1D1890M1I147M1D932M1D807M1I44M1D283M2D29M2D145M1I60M1D29M1I293M1D61M1D4M1D280M1I37M1D11M1D58M3I1M1I311M1I5M1D189M2D2M1I314M1D204M2I290M1I701M3I457M1I117M2I136M1D485M1I829M1D200M1D12M1I271M1D1M2D87M1I55M2D5M1D8M2D11M1I457M1D62M1I38M10S	16384	8203	86.53259658813477	244.625	-158.09240341186523	259.87365341186523	-0.15228560638374553	outputs/read_sequence_sensitivity/readseq_006_merged_c1_chr16_4.npz
merged_e5b	ab451194-c565-4c5f-acce-a980381ff810	chr16	4	4300000	4400000	4266840	4330354	60	False	10M1D8M1D177M2D3M1I514M1I209M1I147M1I470M1D18M1D27M2I4M1I191M1D429M1I79M1D44M3D2M2D2M1I305M3D389M3D289M1I274M2D198M1D4M1I325M1D43M1D129M1D36M1D4M1D296M1I15M1D59M1I8M1D23M1D116M3D122M1I4M2I63M3D98M1I156M1D72M2D5M2D5M1I54M3D6M1D12M1I14M2D197M2I10M2D36M1I55M1D89M3I62M2I5M1D47M1D88M2D13M2D86M1D2M1I105M6D3M3D201M1D53M1I15M2D142M1I2M2D84M2I105M1D99M2D5M1I15M1D104M1D12M2D10M1I380M5D512M1I24M1D564M4I541M3I123M1I21M1I22M1I45M3I173M1I931M1D679M1I181M1D193M1I68M1D138M2D757M1I143M1I12M3D505M2D116M1D150M1I3M1I286M4D173M1D121M1I151M1D92M2D65M3D1M1D381M1I119M1I3M1D267M1D526M1D342M2D66M1I700M3D13M2D1M1D15M1D4M1D6M2D16M1D9M1D12M3D5M1D115M1D306M1D196M1D286M1I400M1I153M1I5M1I10M2D117M3D99M1I14M1I2M1D392M2D21M1D275M1D85M1D65M1I8M2I23M1D3M1I7M1D6M3I7M1I42M2D101M1D458M1I425M1I292M2D2M1D499M1I10M1I7M1I93M1D4M1D200M1D159M1D24M1D15M2I35M1D506M11D102M1D646M3D405M1D136M1D177M1D12M1I2M2D160M1D238M1D24M2I1112M3I92M1D247M1I180M1D288M1D25M1D552M1D106M2D6M1D148M1D119M1D17M3D127M1I15M1I193M1D3M1D61M1I106M1I112M2I308M2D98M1D1318M5D40M2I197M2D979M1D137M1D339M1D15M1I461M1I475M1I5M1I391M3D835M1D61M1I356M2I573M1D5M2I154M2I15M1D420M1I314M1D13M2I62M2D163M1I574M1I995M1I1M2D220M1D140M1I53M2D37M1D12M3D7M1D6M1I6M1I513M2D5M2I2M1D101M1D185M1D263M1I62M1I803M1D29M1D353M1I7M1D149M1D373M1D216M1D8M2D119M1D14M1D93M1I2M1I16M2I9M1D36M1D14M2I6M1D111M1I21M1I1M1I23M2I2M3D8M1D10M1I38M2D265M1D31M1D161M1D719M1I248M1D123M2I4M2I310M1D44M1D20M1D4M2D10M3D1M1D2M1I4M2D5M1D4M1D122M1I89M1I155M1D438M1D550M1I106M1I4M1D68M1I167M1D1247M1D147M1I206M1D2M1D12M2I467M1D51M1D38M1D83M1I25M1D1M2I319M2I141M1D204M1I42M1I4M2D23M1D60M1I6M5D113M2I18M1I172M1I69M2I2M1I292M1I10M2D43M1D95M1I95M1D153M1D49M1D23M1I29M1D104M1D153M1D52M1D25M1D221M2D57M2I7M1I48M2D20M2D78M1D106M3D19M1D4M3I6M2I5M1D7M1D3M4I3M1D119M1D59M1D92M2D3M1D186M1D54M1I7M1D36M1D55M1D230M2D61M1I24M1I120M1D3M1D9M1D79M1I134M1D10M1D241M2D155M2D22M1I87M2I1M1D3M2D1M1D10M1D23M1D3M1D125M1I4M2D354M1D72M1D6M1D3M1I3M1I301M3I3M1D273M1I52M1I67M1D3M2I90M1I2M1D3M1D96M1I3M1I41M1D132M1D74M1D18M1D39M1I4M1D47M1I2M1I3M1D22M1D54M1I5M1D8M1D4M1I107M3I4M4D9M1D10M1D2M3I3M1I6M1I2M1D20M1I78M3D369M1I220M1D170M1D180M1D183M1I158M1I178M1D146M3D18M4I175M2D2M1I4M1D38M1D80M1I2M1I5M1D245M1D51M2I46M1D87M1D303M1D82M2I3M1D20M3D2M1D2M2I118M1I97M1D49M1I57M1D110M1D68M1D2M1I3M1I4M1I136M1D26M1D186M1I301M1D33M1D24M1I51M1D463M1I21M2D5M1D3M2D2M2D4M1D5M3I6M1I8M1D149M1D176M2D359M1I3M1D3M2I4M1D432M1I6M1D14M2D316M2D202M1D1M1D176M1D4M1D231M1I66M1D98M1I25M1D73M1I9M1D4M1D45M1D5M3D211M2D1M2D6M2I5M2I5M1I6M2D6M1I22M2D4M1I1M5D2M1D7M2D8M10D2M1D6M5D5M1D1M1D4M10D3M1D4M3D4M3D9M1D10M7I1M1I7M1D10M3D8M2D3M2D2M2D3M1D9M1D3M3I3M2I8M1I11M4D7M1D1M2I22M1I15M1D9M2D9M2D1M7D5M1D10M1I7M4I9M2D1M1I15M1I3M1I6M6I3M1I6M1D64M1D5M2D106M1D115M1D294M1I28M1I149M1D1M1D2M1I412M1I488M1D36M1D5M	16384	8193	60.429494857788086	244.625	-184.1955051422119	232.5236301422119	-0.12771252446561082	outputs/read_sequence_sensitivity/readseq_007_merged_e5b_chr16_4.npz
merged_e5b	5190cc30-0df1-4488-86f7-eed9f84762cb	chr16	4	4300000	4400000	4267339	4309101	60	True	5M1D4M1I17M4I11M1D4M1D81M2D43M1D4M1D5M1D2M1I36M2I6M1D25M1D3M1D17M1D50M2D1M1I7M1D47M1I2M1I7M1D16M2D7M1D2M2I15M3D13M3I7M1D5M1D2M2D11M1D7M1I14M3D23M1I7M1I6M1I28M10D45M2I12M2D3M1I19M6D4M1D3M2D3M2D2M2D14M1I5M2D1M1D16M3D7M1I13M2I3M1I19M1I2M1D2M1D10M2D14M5D189M3I21M1I9M4I16M1D5M4D2M1D3M5I2M2D6M6D6M1D1M1D9M9D12M2D6M1I3M1D4M2D7M1I23M2I5M1I9M1D17M1D5M1D7M2D7M2D50M2D18M1I67M1I8M2D23M3D2M2D3M2D99M3D50M1D2M1I12M3D34M1I72M5I1M1I46M1D68M3I2M2D56M1I3M1D3M2D126M1D10M1D152M1D1M3D30M2D5M1I12M1D3M1I4M1I248M1D24M5D14M1D13M1I1M1I2M3D188M1D4M2I93M1D25M3I20M3D5M1D3M1D7M2D5M1I23M1D3M1D30M1D26M3D1M1D2M2D10M1D3M2I7M1D1M1D13M6D2M2D4M1D3M1D15M1D4M1D4M1I5M3D32M2I4M1I1M2D5M1I2M1D10M1D7M1I73M1I12M1I4M2I3M2I3M1I16M1I3M1I2M1D37M1D28M1D10M1D61M1D1M1D4M1D3M3I17M2D2M3D2M1D19M1I12M1D24M2I3M1D33M1D25M1I12M2D14M2D2M2D1M2D7M2I22M1I7M1I15M2I12M1I10M1I7M2D32M1D7M1D7M1D16M2I6M1I22M1D13M2D8M1D4M2D50M1I11M3D9M2D5M1D3M1I11M4D22M3D4M2D5M2D8M2D14M1D16M2D6M1D4M1D4M1I5M3D1M2D4M1D5M1I26M2D2M1I6M2I13M3D7M4D4M2I6M1D8M2D5M2D2M1I2M1D27M2D26M2D36M1D10M2I37M1D11M1D1M2D9M2D2M1I3M2D19M1D14M2D2M4I9M6D35M1D10M1D31M1D9M2D14M1D15M4D3M1D5M1I6M2D2M2D5M3D9M2D12M1D10M2D12M2D16M1D16M1I7M1D53M1D1M2D3M1I5M1I9M1I18M3D21M1I2M2D14M1I26M2D3M1D6M1I16M1I28M1I10M2I4M1D1M3D20M3I36M1D6M1I13M2D2M1D17M2D11M1I7M1D23M2I6M2D16M4D2M1D11M1D27M1D42M2I1M1I2M1I5M1I21M1I7M4D3M2I5M1D25M1D15M3D2M1D7M1I10M2I17M1D4M4D12M4D22M4I18M1D12M1D10M1D49M1D7M5D2M1D35M2I13M1D16M2D1M2D26M1I10M2D9M1D12M1I28M1I13M2D4M1D1M2D3M1I17M1I25M1I7M1D4M1D6M2D16M1D1M3D3M1D23M1D3M1D5M1D42M1I6M1I7M3D8M1I76M2D6M2I3M2I5M4D6M1I9M1I18M1D16M1I4M6D21M2D5M1I15M1D19M2D2M1D37M1D2M1D6M7D14M1D13M2I1M1I10M1I33M1D14M1D36M1I2M1D7M1D36M1I8M1I3M1I40M4D3M2D17M1D5M1D6M1I3M2D2M1I2M1D17M1D8M2D10M4D8M2D8M5D9M1I23M1I37M2I5M1I2M1D16M2D10M5D9M1I18M2D3M1D2M1D30M1I15M2D4M1I15M2I5M2D5M4D13M1D42M1D10M1D12M2I11M1D12M1D13M1I11M1D2M2D11M2D6M1D1M1D11M1I35M1I5M1D2M1D30M2I7M1D17M4I16M1D12M1I4M1D5M2D1M1I5M3D18M1I39M1I17M2D19M1I21M1D3M3D2M1D8M1I1M2D17M1D16M4D8M8D122M1D19M1D17M2D44M1D76M1D22M1I46M7D60M1D24M1I1M1I10M1I1M2D13M2D12M2D23M1D325M1D1M1D40M1D25M1I4M2D7M4D22M2D5M4D2M1D17M1D11M2I3M2I21M1I18M1I1M2D10M1I3M2D39M1D5M1D6M7I178M2D130M1D14M1D10M3I2M1D14M4D5M3D14M1D5M2D8M1D3M1D6M1D4M1D2M4D19M4D6M1I13M2D7M1D10M1D12M1I2M2D56M3D3M1I15M2D9M1D12M1I18M1I1M2D3M1I34M4D15M2D10M2D22M1D2M1I13M1I5M1I36M2D132M2D28M1D50M1I43M1D32M1D1M1D8M2I4M2D17M2I131M2D6M1D11M2D6M1D3M1D8M1I12M3I25M1D35M1D46M1I49M1I1M1I1M3D1M1I8M1D33M1D28M1I6M1I15M2D3M2I8M1I136M4D20M1I11M2I3M2D151M1D3M1D31M2I1M1D40M1D154M13D17M2D8M1D30M3D99M4I112M1D2M2I11M1I1M2D24M2I7M1I7M1D9M1I5M1D22M1I6M1D2M1D48M3I11M1D18M1D6M3D49M1D1M2D8M3D3M1D13M1I72M1I149M3D34M1D2M1I30M2I2M1I14M1I58M1I2M3I3M1D6M1D21M2I6M1I16M3I3M1D6M1D5M1D3M1D24M2D4M1D3M3D25M2I2M2I5M1I2M1D18M1D12M2D3M1D2M1I9M1D1M2I20M1I10M1I5M1D4M1I6M3I1M1D8M2I6M2D4M1D26M1D12M1D7M1D3M1D17M1I12M1D7M1I6M1D4M1D3M2D136M1D60M3I123M1I156M2D48M1D33M1D52M1I18M3D86M1D109M2D101M1D74M1I213M1D14M2D6M1I5M1D28M4D12M1D3M2D23M1D13M1I4M1D8M1I4M1I17M1D6M1D15M1D1M1D30M2D30M2D40M3D2M1I9M1I26M1D1M1D6M3D105M3D15M2I11M3D7M4D42M1D29M1D12M1D12M1I5M1I12M1I7M1I8M1I2M1D9M1D5M1D16M3D2M1D6M1D27M1I17M1I2M3D4M2D19M1I3M1D13M1D23M3D2M1D2M1D3M1I10M2I5M2D1M2D39M2D1M2D4M1D19M2D16M1D5M2D4M1I5M1D4M1I20M1D6M4I34M1D1M1D13M2D3M2D2M1I9M1I39M1I1M1I36M4I1M1D10M1D20M1I2M1I19M1I8M1I32M1I18M1D5M1D26M2D17M1D2M1I23M1D3M4D59M1D8M1D10M2D5M1I14M1I2M1I2M2D14M1D1M1D2M1I5M1D7M1I1M2D4M1D5M5D4M1D5M1D8M1D5M1I11M1D4M3D6M2D8M1D4M1D3M1I8M1I9M4D9M2D7M1D3M1D9M1I55M3D33M5D47M1I30M2D41M1D81M1I62M1D3M3D3M2D14M7D1M1D3M1D6M1D9M4D96M4D4M1D57M2D2M1D7M3D4M1D1M1D1M1D154M2I19M1D7M2D3M2I1M1D9M1D9M1D4M1I31M1I2M1D16M3D2M1D8M1D11M1D41M6D11M1D6M4D2M4D4M2D18M4I6M5I21M2I33M1I24M1I14M1D2M1D70M8D38M1D1M1D3M1D12M1D15M1D10M1D2M1D18M3I32M1D25M1D129M2D2M2D33M1I2M1D5M1D20M1D4M2D111M1I19M2D103M1I21M1I5M1D3M2I29M2I34M1I8M2I6M1I26M1I9M1I21M1I4M1D3M1I22M1I13M1I1M2D8M2D13M1D6M3D5M1I20M1D15M2I22M1I1M1I9M1D31M5D5M1D3M1I18M1D40M3D9M1I22M1D4M1D2M1D61M4D98M1D24M1D4M2D34M2I27M1I9M1I15M7I69M1I36M1I27M3D12M3D33M6D26M1I4M1I48M2D133M2I99M1D43M2I11M1D19M1D4M13D46M1D58M1I10M1D2M1D23M1D1M3I1M3I31M1D3M2I8M1D7M1D2M1D3M1D4M1I25M1I4M2I23M1D22M3D5M1D5M1D3M1D1M1D37M1I5M1I3M3D5M1D10M1D8M1I11M2I2M1D3M1D17M2I4M2D2M3D3M2D2M1I16M2I7M1D6M1I5M1D25M2D42M1D3M1D5M2D8M4D9M1I6M1I3M4I2M1I22M1D4M1D19M1D6M5D7M1I3M1D12M1D1M4D7M1D30M2I2M1D100M1I18M1I9M3D12M2D13M1I6M1I2M4D11M1I9M1D3M2I10M1I19M3D3M1D2M1D9M2D18M1D67M4D12M1I12M1D1M1D74M1D37M1I146M2D25M1I16M1D6M1I13M3D3M2D24M1I6M1I5M1D12M1D35M1D12M7D3M1I9M1D22M2I4M1I22M1I2M3I5M1D37M2D5M1I10M1D5M1I2M3I2M1D6M1I3M1D20M2D3M1I3M1I6M3D27M1I20M1D2M1D8M1D45M1D6M1I15M2D54M1D7M2D12M1D101M3D11M1I5M3D18M3D9M1I6M3D5M1D6M5D2M2D1M3D30M1I16M2D7M3I8M2I140M2D2M1D25M1D8M2I58M1D59M3D2M1D20M1D87M1I14M2I32M1D91M2D270M1I80M3I8M2I2M1D3M1D88M1D1M2D9M1I3M1D8M2I5M1D7M1I3M1I3M1I10M3D4M1D12M1D5M1I1M1I63M1I17M1D37M1D34M1D4M1I61M1D37M1D8M5D4M1I5M1D6M3D4M1D20M1I3M2D24M1D14M1I5M2D4M1I10M1D8M1D1M2D2M1I4M1D12M1D34M1I3M1I5M1D5M1D17M1D2M1D12M1D12M1D7M2I25M1D12M3D48M1D11M1I18M1I2M2I16M2D43M8I8M2I4M1D10M7D35M1D1M1D13M2D28M3I11M1D161M1D5M1D9M2I197M14D144M1D10M2I3M1D70M1D121M2D1M1D108M2I130M1I9M1I11M2D23M2D94M2D35M2D26M1I1M1I4M1D31M2D37M1D7M2D165M4D21M2D2M1I10M2I55M1D5M1I50M2D3M1D3M1I22M2D26M1D2M1I1M1I3M7D18M3D3M4D2M1D21M2D9M1D3M1D9M2D5M1D9M1I5M4D12M5D7M1D8M1D8M1D32M1D10M2D23M1D30M2D17M1D4M1I6M6D6M1I10M5I13M2D16M3D14M5D16M4D20M4D2M1D35M1D6M1I2M1D10M6D2M1I7M7D4M1I5M1D6M3D9M3D28M1D68M1D1M1D70M3D49M1D100M2I9M2I10M2I120M1I11M1D175M3D5M1D10M4D38M1D5M1I12M1I4M1I2M1I4M1I26M1D8M1D101M2D2M1D35M4D8M1D94M1D7M4D9M3D21M5I109M1D87M1D71M1I29M1I15M1I6M1I6M1D24M7I52M1I2M1I13M2D19M1D8M2D8M1I2M2D3M1I24M2I33M4D5M1D35M1I26M2I36M1D21M1D19M2D5M1I7M1D7M3D1M1D43M3D98M3I31M1D414M1D3M1D5M1I3M1I10M1D42M2D6M1D3M1D16M1I6M1I14M2I8M2I11M2D22M2I43M1D2M1D11M1I1M2D3M2D3M1D4M2D13M3D18M2D5M1I25M1I1M4I28M1D13M1D6M1D7M1I4M1D3M2D15M1D8M2D10M1D5M1D23M1I1M3D22M3D10M2D5M2D4M1I6M1D16M1I10M2D3M1D4M1D20M2D7M2D4M1D7M1D3M2I39M2D1M1D10M1D4M1D5M1I3M1D3M1D4M1I15M1I3M1D4M2D15M1D4M1D4M1D14M1D11M1D3M4D4M1D22M4D19M1D3M1D8M1I2M1D5M1D25M2D22M1D7M1D15M1D11M3I1M1I3M1D4M1I2M3I20M1I4M2D7M1D4M1D10M1D2M1I7M1D1M1D4M2D3M1D14M2I8M1I18M2D4M1I11M1D4M1I2M1D18M1D8M1I3M1I4M1D20M1D5M2D11M2D4M2D3M1D13M1D9M1D1M3I2M1D11M1D3M1I11M1D15M1D5M5I3M1D5M3D13M2D10M1D32M1D8M1I1M2D28M5D10M1D113M9D127M3D11M2I16M2D98M5D37M8D20M2D131M1D12M1D6M1D35M1I19M4D83M1I16M2I54M1I15M1I130M3D5M1I11M1I16M2D25M2D3M3D6M2I4M2D2M1D8M1I3M1D11M1I3M2D45M1D2M1D10M1D62M1D2M2D21M1D10M1D21M1D9M1I8M2D156M1D21M1I2M2I45M2I45M1D46M1I136M2D1M1I25M1I277M1D284M1D25M1D20M1I5M1D4M3D3M1D11M1D3M1I13M1I9M2D11M1D22M2D1M1I3M1D10M1D6M2D34M1I7M2I15M1D33M1D5M1D1M1D18M1I2M2D4M5D15M4D17M1D3M3D4M1D2M1D17M2I20M2D18M1I1M6D7M1I3M2I8M3D8M1I2M1D6M1D25M1I4M2D4M1D27M1D5M2D18M1D5M2D9M1I3M1D7M1D8M1I3M1I3M2D5M1I3M1D36M4D5M1I13M1I7M1D8M2I10M1D9M1I43M2D6M2I69M1D13M1I25M2D2M1D2M2D102M1I3M2D1M1D93M1I38M9D14M1D66M1I2M1D34M1D3M1D10M1I8M2D27M1D5M1I6M2D10M1I3M2I2M2D5M1D2M1D11M1I14M2I15M2D6M2D5M3D3M1D16M1I5M2D1M1I2M1I4M1D11M1D11M1I32M1D6M1D5M1I6M1I8M1I6M1D2M2D18M2D7M1D20M1I3M4D5M1I21M2I58M2D15M3D143M1D114M2D35M1D10M1D6M1D4M1D5M7D23M1I4M1D4M1I2M1I22M2D6M1D9M1D17M2D1M1I4M1D7M5D2M1I2M2D38M1I23M1I2M2D2M1I13M1I4M2D6M3D12M2D13M1D5M1I1M1I18M1D1M5D4M4D1M1D5M1D9M1D4M1D5M2D12M1I1M5D2M3D30M1D9M2I13M2D20M1D3M1D11M1D11M1D16M2D8M3I2M1D18M1I8M2D8M3D10M1I34M2I3M1I8M1D2M2I26M4D1M1D22M2D7M1I20M2I1M1D5M1D73M3D15M1D177M1I6M2D2M1D29M1D3M1D17M2D11M5D19M1D6M4D11M1D3M1D16M1I2M2I54M1D60M2D3M1I16M2D3M1I18M2D3M4D9M1D21M1I3M1I35M2D21M2D5M2D2M10D36M1D17M1D73M2I54M1D7M1I18M2D55M3D113M3D18M8D1M4D7M4D2M1D33M2D5M1D3M5D6M1I20M1D163M1D1M1D68M1D22M1D49M1D5M1D15M3D14M1I37M1D78M1I96M3D6M1D3M1D4M1D3M1D79M1D30M1I6M1D24M1I3M1D3M1D8M1I3M1D18M1D10M1I3M1I19M1I2M2D7M1I3M1D2M1D5M1D21M3I14M1D2M2I10M1D27M3I136M1D22M4I120M1D2M3D16M2D3M1D7M1I40M2D22M1D3M1D8M1D27M1D36M1D2M2D49M6D119M4D19M2D36M4D136M1D7M1I2M1I1M1I3M1D15M3D1M6D36M2D11M1I8M1I2M1I30M2D4M1D2M2D1M2D65M3D49M2I18M3I9M2D127M1D18M2D15M1D2M1D4M3I4M2I26M3D9M1I2M1D2M2I9M3D6M1D16M1I3M2D4M1I2M1D2M1D16M4D7M1D6M2D2M1I16M1D5M1D12M1I12M3I11M1I17M1I24M1I26M4D18M1D5M1I3M1I101M1D110M6D10M1D53M4D20M1D5M3D5M1D59M1I62M4I5M2D40M1D11M1D29M1I83M1I9M1D6M1I3M1D4M3D3M1D1M2D3M1I9M3I14M2I1M1I2M1I8M1D25M1I3M2I10M1D6M2D4M3D6M1D5M1D17M2D16M2D4M3D2M1D4M1D2M2D7M1D24M2D17M1I38M2D6M1D11M1I8M2D7M2D1M1D13M1D8M1I8M4D2M1D13M1I2M1D39M2I1M1D13M1D13M2D21M3D6M1D5M1I29M1D2M6D2M1D2M2D5M1D6M1D14M2I2M1D9M2D3M1I1M2D8M1D17M1D44M3D12M1I17M1D10M2D3M3D3M1D6M8D49M1D108M2D10M7D72M1D3M1D17M1I15M2D6M1D7M3D2M1D4M1D14M1D42M1I7M2D18M1I14M2D4M2D7M1D11M4I132M1D26M3I126M2D9M1I25M2D1M1D20M1I8M1I9M1I1M1I20M1D10M2I2M1I20M1D6M1D22M2I2M1D33M2D3M1D19M2I7M3I19M1D17M1D182M5D10M1D5M6D15M1I3M1I2M1D7M2D12M1D3M1D1M1D102M1D3M1D8M2D5M3D149M2D2M2D9M2I6M1I9M2D4M1D5M1D25M1I4M1I9M1D56M2I17M2D1M1I6M2D4M1D23M3I13M1I5M1D2M1D9M3D24M1I13M1D21M1I15M1D11M2I4M1I9M5D18M2D16M1D8M1I8M1I4M3D4M3D2M1I6M1I8M1I14M1I26M1I16M1I22M3I18M1I3M1D2M1D3M1D40M4D3M1D14M3D13M1D7M1I3M2I4M2D1M1D7M1D6M1I2M2D11M1I3M1D11M1D5M5D11M5D6M1D2M1D8M3D60M2D8M3D10M1D3M2D5M2D5M1D3M3I32M3D7M1I4M2D2M1D17M1I5M1D2M1D39M1D37M2D14M1I5M1I49M1D6M1D1M2D8M2D3M4D6M2D6M2D3M1D2M1D5M2I22M1D30M1D13M1D4M1D9M1I29M1D2M2I3M1D5M2D4M5D11M1D7M2D13M1I7M1D7M1D7M2I3M1I3M1D25M1D8M1D11M1I8M7D12M1D14M1D2M1D1M1D3M1I6M1D3M1D5M1D3M2D60M11D27M1I49M3I6M1I19M1I43M1D23M1D9M1D6M1D24M1I5M1I8M1I2M2D8M1D14M1D16M3D14M3D2M1D8M7D2M1D44M2D3M4D23M1I4M1D26M2D22M1I8M1I3M2I20M1D149M4D94M5D3M1D22M1D134M1D6M1D28M1I14M2D25M1I53M1D36M1D31M2D109M3I219M3D15M682S	16384	8874	93.58381986618042	244.625	-151.04118013381958	200.24039888381958	0.5885758902208348	outputs/read_sequence_sensitivity/readseq_008_merged_e5b_chr16_4.npz
merged_e5b	89867c28-56a5-451f-b449-03888f8d1dd0	chr16	4	4300000	4400000	4279842	4306414	60	True	1877S84M1D41M1I7M1I22M2D136M1D3M1D50M1I1M3I10M2D2M1D101M1I54M2I108M1D96M3D10M1I26M6D50M1I1M1I6M6D9M2I16M1I5M1I2M2I24M1D16M1D45M1I3M2I5M6I64M2D11M1D1M1D117M1D21M2D3M1D20M2I58M1I3M1I31M2D4M3I4M1I6M1D54M1D2M2D12M1D14M1I2M1I4M1I5M1I37M2I18M1D11M2I2M1D91M1I57M1D8M1D12M2D128M1I369M4I448M2I36M1I6M1I52M1I24M4D100M1I5M1D17M1D24M3I90M1D61M4I334M1I2M1D288M1I1M1I107M1D223M1I6M1D9M1I27M1I4M1I4M1I3M2D1M1D271M1I131M1I65M1D366M1D78M2D136M1D53M1D1M1D11M1I46M1D7M1D82M1D20M2D16M1D15M1I6M1D9M3D86M1D366M1D13M1D142M1D312M2I31M1D12M2D30M1D6M2D1M1D102M4I3M2D5M2I9M1I64M1I33M1I7M1I14M2I19M1I342M1I2M1D108M1I12M1I163M1I9M1D66M1I213M1D5M1D424M1I15M1I60M1D63M1I49M1D6M1D144M1D36M1I3M1D4M1D5M1I97M1D93M3D5M5D11M1D32M1D6M2D72M1I3M1D7M1I8M1D16M1D1M2D91M1I6M2D78M2D460M3D115M5I84M1D2M1I257M2I296M1D27M1D5M1I272M5I364M1D6M2D2M1D37M1D30M1I28M1D3M1D13M1D8M1D1M1D174M1I20M1I71M1D283M2I8M2I131M1I206M2I96M1D7M1D121M2D6M6D1M1D120M1I14M2I292M3D60M1I130M4D2M1D124M1D25M1I3M2D73M1I662M1D67M2D34M2D11M1D2M1D4M1I6M1I2M1I2M1D294M8D3M1D73M1D2M1D3M1D34M3D3M1D13M1D17M1I4M1D3M1I41M1I5M1I75M1D52M1I58M4I161M2D9M1I28M5D43M2I3M2D122M2I4M1D3M1D11M2D306M3I491M1D152M9I13M1I97M2D95M1D178M1D1000M1I1M1I185M3D152M1D26M1I11M2D345M1D112M1I12M1D75M2D32M1I282M1I112M1D1M1D6M1I9M1D42M1I5M1D3M1D2M1D48M1D23M1D5M2I17M1I76M1D2M1D55M1D351M1I9M1I169M1D106M1I5M1I1M1I26M1I19M1I102M1I59M1D6M1D131M1D8M2I273M1D10M1I67M1D15M1D86M1D106M1D10M1D7M2D83M1D2M2D367M1D19M1D19M1I8M3I4M1I5M2D34M1I59M1D341M1D238M7I88M1D67M1I20M1D30M1D3M1D1M1D6M3D2M1D1M1D10M1D22M1I7M3I1M1I197M1D355M1D3M2I165M1I145M1I115M2D195M1I117M2I68M1D38M1I1M2D30M2D7M3I7M1D61M1D24M1D42M2D2M2D10M1D4M1D317M3I224M1I104M1D149M1D22M3D31M1I1M2D2M1I101M1D92M1D154M1D138M1I153M1I108M1D60M1D16M1D28M1D54M1D34M1I124M1I242M1D5M1I3M1D144M1D573M3I1M2D5M1I4M1I181M1I8M2D7M28S	16384	8220	82.3366003036499	244.625	-162.2883996963501	267.3352746963501	-0.038627690635932264	outputs/read_sequence_sensitivity/readseq_009_merged_e5b_chr16_4.npz
merged_e5b	64e58604-e7a2-4364-a689-ef65e278ff4b	chr16	4	4300000	4400000	4280056	4319309	60	True	104M1I46M1D202M1D8M1I168M1I19M4D206M1D113M1D4M1I545M1D23M1D28M1D94M1D2M1D18M3D339M1D211M1D70M1D9M2I265M1D122M2D8M1D26M2D139M1I3M2D6M2D137M1D356M1I221M1D31M2D1M1D44M1D20M2I1M1D77M1D11M1D5M2I1M1I184M1D827M2I132M2D3M1D83M1D10M1I8M4I1M1D6M1I270M1D32M1I56M1D3M1I78M1D187M2D105M1D41M3I15M5I408M1I131M1D16M1I21M2I3M1D61M1I11M1D457M1D424M1D769M1I8M1D7M1D23M1D68M2D2M1D160M1D108M1I9M1I6M1D7M3D30M1I15M1D66M1D91M1D2M1D44M1D2M2D9M1D112M1D148M1I148M6D468M1I590M1D214M1D25M1D9M2D47M1D58M1D2M3D3M1D250M1D7M1I47M1D48M1I10M1D456M1I206M1I258M2I3M1I378M1I4M2D23M1I21M1D41M1I3M1I49M1D10M1I1M1I1M1I4M2I84M1I69M2D12M1D10M1I44M2D12M1I4M2I1M2I55M2D313M1I451M1D128M1I178M1I5M1D16M1D192M1D24M1I141M1D2M1D154M1D3M2I6M1I45M1D43M1D36M3D16M1D100M1D4M1I5M2D1M1I27M1D291M4D379M1I1M1I436M1D928M3I320M1D119M2D115M1D3M1D208M1D85M1I150M1I2M2D191M1I328M1I14M2D24M1I1M1I308M1I487M1I73M2I218M1D60M2D126M1I35M1D48M1D292M4D51M1I59M1D175M1D94M1D11M2I70M1I286M2D18M1D110M1I282M1D50M1I330M1D100M1D44M1D3M1D610M3I4M1I66M3D30M1I66M4D636M2D228M6D316M1I14M1I23M1D319M1D75M2D69M1D105M1D195M1I14M1I6M1I9M1I39M1D147M2I118M1I77M1I79M1D3M1D152M1I565M1D215M2I47M2D6M2I2M1I164M1D161M1I2M1I31M1D69M2I23M1D2M1D56M1I4M2I97M1D13M2D1M1D36M3D94M2D5M1I57M1I34M3D104M1D260M1D42M2D37M1D3M2D56M1I4M1D58M1I25M1D42M1D40M1I3M1D9M1I9M2D61M1D4M1I75M1I161M1D57M1D51M1D37M1I2M1D10M2I2M2I12M2D3M2D2M3D26M1D57M1I7M5D498M2D636M2I12M1D4M1I4M1I2M1D2M1D81M1I17M1I181M1D7M1D3M1I11M1D11M1D162M1D21M1D10M1D137M2D19M1D4M1I48M1I8M1I152M3D7M1I3M1I293M1D244M1I103M1D292M1I231M2I1M1D68M2D184M1D69M2I9M1I77M3I14M1I266M3I158M1I1M2I289M1I175M2D375M1D2M1D210M3I4M6D1M2D1M1D187M1D309M3I23M1D164M3D33M1D11M1I56M1D54M1I6M2D32M1D22M1D91M1D10M1D200M1D178M1D201M1D12M2D2M1D2M3D28M1I31M3D7M1I34M1D102M1D1M1D6M3I5M1D5M1I10M1D48M1I22M2I51M1I114M1D80M1D190M3D97M2D81M1I238M1D108M1I7M1I1M1I41M1D35M1D89M1D10M1D16M2D174M3D5M2D2M3D2M2D44M1D42M1D7M3D62M2D35M1I34M1D59M1D140M1I49M1I6M2D145M1D15M1D65M1D18M1D134M4D24M1I5M1I6M1D37M1I42M1D128M1D6M2I19M1I3M1I16M1I167M1D10M2D1M1D4M2D74M1I44M1D6M1D39M4D20M2D28M1I4M1I118M1D165M1D19M1D10M1D5M4D4M1D9M1I7M1D1M1D29M4D6M1I31M1D4M1I21M3I1M1D51M1D160M1I7M1D9M1I3M1D11M2D6M1I26M2I12M4D7M1D14M2I26M1D20M2D105M1D83M1D12M1I6M1D2M1D64M2I10M1D77M2D4M1D58M1S	16384	8193	190.1218113899231	244.625	-54.503188610076904	352.5813136100769	-0.031956149507061715	outputs/read_sequence_sensitivity/readseq_010_merged_e5b_chr16_4.npz
merged_e5b	8fdc9d8b-0755-44f7-b58e-91372fad0895	chr16	4	4300000	4400000	4281315	4316528	60	False	35S44M1I134M1I2M1I1M1I21M2D66M2I6M2D10M3D1M1D83M4D125M1I80M1D90M2D92M1D6M1D1M2D3M5D20M4D7M2D76M1D210M1D55M2D98M7D11M1I11M4D23M1I4M3I5M3D3M5D6M2D7M1I14M1D3M1D12M6D6M2I26M2I75M2D38M1D5M2D54M1D82M1D171M1I164M1I206M1D13M2I57M1D1M1D12M1D6M1I29M1D31M2D18M1I3M2I7M1I32M2D23M1I11M1I9M1I8M2D6M1D9M1I9M1I3M3D22M2D3M1I11M1I3M1I10M2D4M1D191M2D2M1D7M1I12M1I53M1D107M1I67M1D20M1I12M1D14M1I3M1D23M2D2M1I2M1I65M3I103M1D13M1I8M1D78M1D5M1I64M1D23M2D45M1D9M1I2M1I2M1I6M1D34M1I8M1D24M3D17M1D61M3D10M1I69M1D6M1D2M1D82M1D3M3I68M1I10M2I60M1I12M2D18M2I4M2I8M1I3M2I336M1D6M2D33M1D5M2D47M1D2M1D9M1D13M1D115M1I29M1I195M1I35M1D9M1D133M1D3M3D23M2D93M2D27M4I1M1I185M1D15M1D173M5D18M5D34M2I170M1D201M2I5M2I48M1I22M2D140M1D7M2D2M1I112M1D1M1D2M1I19M8D27M1D85M2D2M1D6M4D147M4D17M1I7M1I6M1D16M1D3M1D6M1I9M1D2M1D41M1D10M1D5M6D1M1D4M1D16M4I2M1D17M1D5M1D35M1I4M1D5M1D2M1D34M1D18M3I5M1D3M1I11M1D56M2D5M2D39M1I57M1I22M1D33M1D6M1D7M1D5M3D8M3D7M3D42M2I54M1D41M1D5M1D8M2I46M1D65M1I56M1I5M1D57M3D126M3I173M14D448M9D5M1I162M3D94M3D44M5D2M3D86M2D17M1D19M5D123M1D18M5I41M1I22M1I28M1D88M3D10M4D21M3D1M2D8M2I9M1D40M1I15M1I15M2D4M2D18M1D11M1I28M1D7M1D3M1D7M1D6M3D2M1D5M1I3M1I209M1I3M1D4M1I29M2I5M2D25M1I9M1D8M1D11M1D7M4D2M1D4M1D13M2D131M1I11M1D16M1D137M5D4M1D20M3D3M1D5M1I2M1D292M4D19M3D2M2D7M1I4M2D2M1I6M4D3M1D3M1I2M1D15M3D1M1D19M1D119M1D20M1D11M1I2M2D1M1I50M1I38M1I4M3D3M1D2M1I12M1D186M1D1M1D17M3D44M2I37M2I34M2D7M1D8M2D3M1D30M1D19M1I2M1D29M2I9M1I15M1D16M1D1M1D2M1I5M1I25M3D8M1D4M1I3M1I10M1D20M1D12M1D27M3D18M4D4M1D9M1D3M1D3M3D4M1D6M3D2M1D3M1I4M2I17M2D3M2D8M1I4M5D30M4D19M2D97M2I488M1D36M2D5M1I5M1I3M1D23M3D5M4D2M1I3M4D73M1I15M1D7M3D35M3D2M2D78M1D1M1D3M1D26M2I3M1I14M2D5M2D14M5D12M4D1M1D2M1D6M1D12M2D18M2D7M1D10M1D7M1D3M1D9M2D30M1D9M2D3M2D38M1D36M1D12M1D3M1D4M1D10M2D11M1I5M1D16M1D3M3D1M1D3M3D6M5D6M2D3M1D4M2I8M1D4M1D32M6D116M3D3M1D13M2D17M1I1M2D1M1D62M1D18M1D13M1I30M2D1M1D4M1D40M3D7M1D3M1I4M2I10M2D4M1D32M1D6M1I2M3D2M1D13M1I3M3I38M1D3M1D149M1D131M1D44M8D35M1D133M1I156M3D3M3D2M1D175M1D108M1D49M1D6M1I74M3I9M4I5M1I15M1D3M1D73M1I36M1D251M1I46M1I201M2D22M1I19M2I5M2I7M2D138M1D46M3D82M3D5M1D88M1I1M2D218M1I7M1D3M2D32M1I66M2D40M1D5M1D53M6D2M1D37M1I11M1I5M1D2M1D137M1I30M3D2M1I6M1D11M1I4M1D2M9D6M2D57M1D6M1D28M1I46M1I8M2I3M2I12M4I3M1I4M1I2M2I5M1D8M1D14M2D23M1D191M1D147M1D15M1I68M4D51M1I10M1D8M1D8M1D6M1D13M1I48M1D7M1D4M1I2M1I48M1I4M1D21M1D37M1I8M2D6M2D67M3D54M1D16M3I4M1D7M3D33M1I86M3I3M2I57M1D145M2I5M1I1M1I12M1D3M1I7M1D36M1I2M1D1M3D58M1D6M2D4M3D34M4D12M1D5M2D1M2D15M1D3M1D22M1D6M2I9M1I9M1D14M1D56M6I7M1I42M1D3M2D2M1D7M1D12M1I5M1D3M3D6M3I12M1D7M2D16M1D5M1D2M1D7M1I12M2I16M2D4M1I17M1I43M1D1M1D2M1D6M1D7M1I9M1I8M2D370M1D113M1D2M1D73M1I56M1I31M1I1M2I24M3D1M1D6M1D1M2D21M2D4M1D14M1D10M1I14M6D29M2D32M1I142M3D30M6D19M3D3M2I3M1D77M5D147M1D13M2D150M1D32M1D107M2D8M2D1M1I4M1D8M1I21M1D4M1D18M2D19M1D5M4D114M3D51M7D6M2D4M1D83M1D77M2D26M1I88M5I123M1I1M2I56M2I118M2I47M3D9M3D7M1I66M3I24M1D29M2I7M1D5M2I2M2D2M1I27M1D92M1D92M4D114M1D2M1D3M1I95M1D5M2D1M2D7M2D2M1D132M1D12M1D164M1I111M1I6M1I39M1D14M1I3M2D5M3D7M1I1M1I4M1D13M2D2M1D30M1I3M2D2M2D8M2D2M1I3M2D10M1D18M1D5M2D2M2D124M1D28M1D166M1D21M1D142M1I2M1D46M1D13M1I6M1D74M1D7M4D38M4I4M2D3M1I49M2D16M4D15M1D16M1D16M1D40M2D3M1D4M3D6M2D6M1D3M1D3M1D3M2D7M1D37M1D4M1D56M1D2M2I1M3D16M1D12M1D1M1D29M1I2M2D3M3D4M4D3M1D8M3I7M3D3M1I21M1I2M1I25M2D1M1D4M1I17M2D41M1D44M2D14M1D36M1I30M1D1M2D4M1D38M3D53M1I2M1I286M1D148M2D30M5D9M2I8M1D153M2D22M1D1M1D13M1D2M1D10M1I14M1I6M1D3M1D46M5I6M1D70M1D8M3I55M1D2M1I233M2D2M1D5M1I181M5I126M3D28M2I13M1I13M1D2M2D13M1D11M1I12M1D2M3D50M1I35M1I8M1I2M1D8M1I5M3I11M2D8M1I2M1D7M1I12M1I8M2D274M1D3M1I37M3D34M1I11M1D10M1I21M1D3M1D4M1D13M3I10M2I2M2D23M1I3M1I2M2I8M1I41M3I16M1D33M1D15M1D7M1I46M1D18M1I6M2I39M1D5M6D2M4D2M1D50M1I4M1I11M1I3M1I16M4D5M1D7M1D5M1D9M1I16M3I6M3D10M1D7M1I8M1D13M2I26M1D10M1D71M5D12M2D33M2I7M3D11M4D3M1D20M3D32M1D5M4D11M2D4M1D6M2D4M3I5M1I32M2D3M1D64M1I13M1I25M1D7M1D45M3I4M1D13M1D5M1I87M1D2M1I16M1I6M1I12M1D15M1I10M5D13M1I5M1I15M3D24M1I7M1D4M1D237M2D4M1D26M1D161M8D21M1I149M1I139M1I197M2D14M1I39M4I45M3D9M1D4M2D4M2D13M1D2M4D6M1D12M1D6M2D86M2D3M1D26M1D2M2D5M1D4M1D2M1D15M1D10M1I22M2D5M6D9M2D10M4D19M1I24M2D33M2D103M4I4M1D1M1D2M1I34M1D12M2D7M2I23M1D2M1D3M1D46M1I4M1I8M1I30M1D4M6I11M3D9M3I7M1D11M1I34M5D3M1D5M3D16M2I3M1D11M1D4M1D41M1D6M1D5M1D6M1D15M1D14M2D4M1I9M3D5M3D6M2D3M1D9M1D87M1I16M1D46M1D12M1D90M1D5M3D44M2I20M3D14M6D14M3D1M1I4M1I1M3D6M5D207M1D7M2I56M2D5M3D8M2D102M1D9M1I453M2I21M1I8M1I3M1I62M2D8M2D80M1D12M2D11M2D11M2D7M3I49M1D13M2D48M1I28M1D38M1D73M1D38M1I9M1I33M2D9M1I3M1I4M1D18M1D127M3I73M1D88M1I174M1D36M1I91M1D46M2D31M2D98M1I10M1D2M3D17M1I69M1I95M1I31M1D18M5D49M1I2M1D40M2D47M1I48M5D7M3D67M3D1M4D22M1D24M3D18M1D60M2D304M1I11M3D1M1D2M2D4M1D2M3D140M2I22M2D6M2D11M1I3M4D2M1D29M7D4M2D12M3D9M6D6M1D3M1I24M1D6M1D20M2D16M2D19M1I6M2I7M4D4M3D3M2D12M1I4M1D8M2D6M1D4M1D15M1D13M1I2M1D54M1D16M1D15M1I7M1I44M1I3M2I11M2D52M3D2M1D18M2D6M2D39M4D14M1I46M1D8M5D42M1D28M1I38M5D17M1I20M1I5M2I6M1I13M3I3M2D3M1D15M1I3M1D19M1I17M1I7M1D32M1I8M6D5M1D11M1I6M2D7M1I10M1D31M1D4M1D30M1D2M3D6M1I4M1I12M3D3M1D22M2D20M1D30M4D26M1I10M1D8M1D15M3D4M1I2M3I1M1I9M3D1M2D2M1I14M1D3M1D7M2D2M1D22M1I11M2D8M1I4M1I7M1I2M1D4M1D10M1D3M1D38M1I16M2D10M2D24M1D14M1D5M1D18M2I14M2I17M2D4M1I3M2D88M1D48M6D4M2D2M1D13M1D18M1I40M1D12M3D6M1I11M2D15M1D3M1D15M2I18M1I44M4I4M2I2M1D34M1D24M2D6M1D9M3D30M5I16M1I3M1I18M1I11M6I6M2D5M1D2M1D19M1D19M3I4M1I8M2I7M1D3M1D7M1D18M4D5M1D3M1D4M4I27M1I5M1D19M1I8M1D26M4D5M1D15M2D16M1I6M1D14M1I11M2D7M1I2M2D2M2D24M1I6M1D4M3D18M1I46M1I33M1I36M1I4M3D41M1D44M18S	16384	8211	140.9010648727417	244.625	-103.7239351272583	309.1887788772583	-0.09066132143005044	outputs/read_sequence_sensitivity/readseq_011_merged_e5b_chr16_4.npz
merged_e5b	1bd68070-db59-4868-9ecb-26bea18224da	chr16	4	4300000	4400000	4281712	4321254	60	False	2S279M1D163M1I616M3D397M1I8M2I682M1D280M1D202M1D443M2I68M2D68M1I109M1D4M2D162M1D343M1D579M3I253M1D304M1D253M1I323M1D36M1D64M1D175M1I334M1I194M1I5M3D66M1D343M2I733M11D451M1I298M2D302M2I406M1D12M1D200M1I3M1I12M1D12M1D1M1D826M1D586M3I56M1D312M2I2M1D56M5D117M1I510M1D59M2D64M1I44M2D28M3D24M1D27M3I5M1I31M2I27M1I25M1I139M1D3M2D269M1I4M1D5M1D363M1D1M1D93M2I33M9D299M5D376M1D1763M3I6M1D109M2I1820M1I7M2I25M1D6M2D4M3D64M1I5M1D192M1I899M1I4M2D4M1I12M2I56M2D209M3D142M1I20M1I138M9I308M1D281M1D176M1I406M2D50M1I21M1I6M2D147M3I165M1I409M1D164M1D30M2D288M1I2M1D625M1I487M2D95M1I446M1D3M2I854M2I360M2I2M1D689M1D197M3D265M1D143M1I59M1D95M1D33M2D13M1D152M1D64M1I6M1I13M1D53M1I35M2D10M1D10M1I5M2I343M1D161M3D634M2D48M1I15M1D141M1I5M1I47M1I4M2I2M2D1M1D5M1D11M2I6M1D10M1I12M1D3M4D4M3D1M1D5M1D2M1D1M1D6M1D16M1D10M9D10M2D6M2I1M1I3M1D90M1D16M1D185M1I55M1I33M1I45M2I2M1I41M1D3M2I244M1I2M1D369M1D659M1D419M1D1204M2I97M1D3M2D310M2I324M3I352M1I729M1D69M3D229M1D4M1I279M1I189M1D91M1D78M1I33M1I127M4D136M1I79M1D20M1D73M2I43M1I91M1D604M2D656M1I43M1D175M2D339M2I8M3D456M1D52M1I38M1I162M3I312M5D1M6D52M1D607M1D180M1D206M1D299M1D219M1I32M1D235M2D196M13S	16384	8206	180.98055362701416	244.625	-63.64444637298584	344.98819637298584	-0.11607309245028351	outputs/read_sequence_sensitivity/readseq_012_merged_e5b_chr16_4.npz
