row_idx	read_id	chrom	alignment_start	alignment_end	read_length	window_start	window_end	window_length	is_reverse	mapq	region_id	region_name	split
0	932e659a-5536-4e7e-9fc9-347dac460184	chr16	666649	702804	35259	0	32768	32768	False	60	2	chr16_rank3_score4.722_reads400	train
1	932e659a-5536-4e7e-9fc9-347dac460184	chr16	666649	702804	35259	2491	35259	32768	False	60	2	chr16_rank3_score4.722_reads400	train
2	932e659a-5536-4e7e-9fc9-347dac460184	chr16	666649	702804	35259	16384	35259	18875	False	60	2	chr16_rank3_score4.722_reads400	train
3	932e659a-5536-4e7e-9fc9-347dac460184	chr16	666649	702804	35259	32768	35259	2491	False	60	2	chr16_rank3_score4.722_reads400	train
4	6860bc7f-c3c5-4c5f-8787-ecf9ad958b81	chr16	672867	712580	39765	0	32768	32768	False	60	2	chr16_rank3_score4.722_reads400	train
5	6860bc7f-c3c5-4c5f-8787-ecf9ad958b81	chr16	672867	712580	39765	6997	39765	32768	False	60	2	chr16_rank3_score4.722_reads400	train
6	6860bc7f-c3c5-4c5f-8787-ecf9ad958b81	chr16	672867	712580	39765	16384	39765	23381	False	60	2	chr16_rank3_score4.722_reads400	train
7	6860bc7f-c3c5-4c5f-8787-ecf9ad958b81	chr16	672867	712580	39765	32768	39765	6997	False	60	2	chr16_rank3_score4.722_reads400	train
8	6716f742-d9ed-4c16-a260-4f069a33b9eb	chr16	674356	701614	27315	0	27315	27315	True	60	2	chr16_rank3_score4.722_reads400	train
9	e7a44f2d-9ad8-4eb8-b79c-ec8da25c3341	chr16	674741	701250	26300	0	26300	26300	False	60	2	chr16_rank3_score4.722_reads400	train
19	9b847eb1-d17b-42d1-b5d6-d7df40398e3a	chr16	3075254	3142577	67321	0	32768	32768	False	60	1	chr16_rank2_score4.990_reads483	train
40	ab451194-c565-4c5f-acce-a980381ff810	chr16	4266840	4330354	63281	0	32768	32768	False	60	34	chr16_rank35_score2.576_reads501	train
41	ab451194-c565-4c5f-acce-a980381ff810	chr16	4266840	4330354	63281	16384	49152	32768	False	60	34	chr16_rank35_score2.576_reads501	train
42	ab451194-c565-4c5f-acce-a980381ff810	chr16	4266840	4330354	63281	30513	63281	32768	False	60	34	chr16_rank35_score2.576_reads501	train
43	ab451194-c565-4c5f-acce-a980381ff810	chr16	4266840	4330354	63281	32768	63281	30513	False	60	34	chr16_rank35_score2.576_reads501	train
44	ab451194-c565-4c5f-acce-a980381ff810	chr16	4266840	4330354	63281	49152	63281	14129	False	60	34	chr16_rank35_score2.576_reads501	train
45	5190cc30-0df1-4488-86f7-eed9f84762cb	chr16	4267339	4309101	40928	0	32768	32768	True	60	34	chr16_rank35_score2.576_reads501	train
46	5190cc30-0df1-4488-86f7-eed9f84762cb	chr16	4267339	4309101	40928	8160	40928	32768	True	60	34	chr16_rank35_score2.576_reads501	train
47	5190cc30-0df1-4488-86f7-eed9f84762cb	chr16	4267339	4309101	40928	16384	40928	24544	True	60	34	chr16_rank35_score2.576_reads501	train
48	5190cc30-0df1-4488-86f7-eed9f84762cb	chr16	4267339	4309101	40928	32768	40928	8160	True	60	34	chr16_rank35_score2.576_reads501	train
49	89867c28-56a5-451f-b449-03888f8d1dd0	chr16	4279842	4306414	28409	0	28409	28409	True	60	34	chr16_rank35_score2.576_reads501	train
50	94b147cd-e629-4b4f-9ca9-1f15c03260e4	chr16	2857482	2928644	76632	0	32768	32768	False	60	40	chr16_rank41_score2.438_reads508	train
51	94b147cd-e629-4b4f-9ca9-1f15c03260e4	chr16	2857482	2928644	76632	16384	49152	32768	False	60	40	chr16_rank41_score2.438_reads508	train
52	94b147cd-e629-4b4f-9ca9-1f15c03260e4	chr16	2857482	2928644	76632	32768	65536	32768	False	60	40	chr16_rank41_score2.438_reads508	train
53	94b147cd-e629-4b4f-9ca9-1f15c03260e4	chr16	2857482	2928644	76632	43864	76632	32768	False	60	40	chr16_rank41_score2.438_reads508	train
54	94b147cd-e629-4b4f-9ca9-1f15c03260e4	chr16	2857482	2928644	76632	49152	76632	27480	False	60	40	chr16_rank41_score2.438_reads508	train
55	94b147cd-e629-4b4f-9ca9-1f15c03260e4	chr16	2857482	2928644	76632	65536	76632	11096	False	60	40	chr16_rank41_score2.438_reads508	train
56	2c89bc4f-a8ac-4dba-84c7-cae06b9497d3	chr16	2863258	2907165	44060	0	32768	32768	False	60	40	chr16_rank41_score2.438_reads508	train
57	2c89bc4f-a8ac-4dba-84c7-cae06b9497d3	chr16	2863258	2907165	44060	11292	44060	32768	False	60	40	chr16_rank41_score2.438_reads508	train
58	2c89bc4f-a8ac-4dba-84c7-cae06b9497d3	chr16	2863258	2907165	44060	16384	44060	27676	False	60	40	chr16_rank41_score2.438_reads508	train
59	2c89bc4f-a8ac-4dba-84c7-cae06b9497d3	chr16	2863258	2907165	44060	32768	44060	11292	False	60	40	chr16_rank41_score2.438_reads508	train
90	0fd642b4-0188-4123-a5e5-8853d2503f60	chr16	457293	512851	61150	0	32768	32768	True	60	94	chr16_rank95_score1.627_reads444	train
91	0fd642b4-0188-4123-a5e5-8853d2503f60	chr16	457293	512851	61150	16384	49152	32768	True	60	94	chr16_rank95_score1.627_reads444	train
92	0fd642b4-0188-4123-a5e5-8853d2503f60	chr16	457293	512851	61150	28382	61150	32768	True	60	94	chr16_rank95_score1.627_reads444	train
93	0fd642b4-0188-4123-a5e5-8853d2503f60	chr16	457293	512851	61150	32768	61150	28382	True	60	94	chr16_rank95_score1.627_reads444	train
94	0fd642b4-0188-4123-a5e5-8853d2503f60	chr16	457293	512851	61150	49152	61150	11998	True	60	94	chr16_rank95_score1.627_reads444	train
95	88b41965-1940-4d88-9092-89ca242109ea	chr16	464052	500791	40899	0	32768	32768	False	60	94	chr16_rank95_score1.627_reads444	train
96	88b41965-1940-4d88-9092-89ca242109ea	chr16	464052	500791	40899	8131	40899	32768	False	60	94	chr16_rank95_score1.627_reads444	train
97	88b41965-1940-4d88-9092-89ca242109ea	chr16	464052	500791	40899	16384	40899	24515	False	60	94	chr16_rank95_score1.627_reads444	train
98	88b41965-1940-4d88-9092-89ca242109ea	chr16	464052	500791	40899	32768	40899	8131	False	60	94	chr16_rank95_score1.627_reads444	train
99	1fc39421-8149-4ac8-bc48-5907312bf10c	chr16	469117	500994	35092	0	32768	32768	True	60	94	chr16_rank95_score1.627_reads444	train
100	114ef8fd-c870-4161-bcfe-21c85b8122ae	chr16	29755350	29801571	45454	0	32768	32768	True	58	10	chr16_rank11_score3.589_reads368	train
101	114ef8fd-c870-4161-bcfe-21c85b8122ae	chr16	29755350	29801571	45454	12686	45454	32768	True	58	10	chr16_rank11_score3.589_reads368	train
102	114ef8fd-c870-4161-bcfe-21c85b8122ae	chr16	29755350	29801571	45454	16384	45454	29070	True	58	10	chr16_rank11_score3.589_reads368	train
103	114ef8fd-c870-4161-bcfe-21c85b8122ae	chr16	29755350	29801571	45454	32768	45454	12686	True	58	10	chr16_rank11_score3.589_reads368	train
104	cc5bb5b5-9f6e-4d5e-8e86-6b9db53272ef	chr16	29760253	29811171	50746	0	32768	32768	True	60	10	chr16_rank11_score3.589_reads368	train
105	cc5bb5b5-9f6e-4d5e-8e86-6b9db53272ef	chr16	29760253	29811171	50746	16384	49152	32768	True	60	10	chr16_rank11_score3.589_reads368	train
106	cc5bb5b5-9f6e-4d5e-8e86-6b9db53272ef	chr16	29760253	29811171	50746	17978	50746	32768	True	60	10	chr16_rank11_score3.589_reads368	train
107	cc5bb5b5-9f6e-4d5e-8e86-6b9db53272ef	chr16	29760253	29811171	50746	32768	50746	17978	True	60	10	chr16_rank11_score3.589_reads368	train
108	cc5bb5b5-9f6e-4d5e-8e86-6b9db53272ef	chr16	29760253	29811171	50746	49152	50746	1594	True	60	10	chr16_rank11_score3.589_reads368	train
109	2c75f2f2-b60f-44ee-ba04-a9c644d218d9	chr16	29763421	29817465	52733	0	32768	32768	False	60	10	chr16_rank11_score3.589_reads368	train
130	fe07cb89-4704-4ad9-8aea-a3fd91e50abd	chr16	2142360	2200347	57902	0	32768	32768	False	60	3	chr16_rank4_score4.433_reads447	train
131	fe07cb89-4704-4ad9-8aea-a3fd91e50abd	chr16	2142360	2200347	57902	16384	49152	32768	False	60	3	chr16_rank4_score4.433_reads447	train
132	fe07cb89-4704-4ad9-8aea-a3fd91e50abd	chr16	2142360	2200347	57902	25134	57902	32768	False	60	3	chr16_rank4_score4.433_reads447	train
133	fe07cb89-4704-4ad9-8aea-a3fd91e50abd	chr16	2142360	2200347	57902	32768	57902	25134	False	60	3	chr16_rank4_score4.433_reads447	train
134	fe07cb89-4704-4ad9-8aea-a3fd91e50abd	chr16	2142360	2200347	57902	49152	57902	8750	False	60	3	chr16_rank4_score4.433_reads447	train
135	8c3c1e72-f38f-42a0-bc39-d44d288b85e2	chr16	2148439	2204773	74640	0	32768	32768	True	60	3	chr16_rank4_score4.433_reads447	train
136	8c3c1e72-f38f-42a0-bc39-d44d288b85e2	chr16	2148439	2204773	74640	16384	49152	32768	True	60	3	chr16_rank4_score4.433_reads447	train
137	8c3c1e72-f38f-42a0-bc39-d44d288b85e2	chr16	2148439	2204773	74640	32768	65536	32768	True	60	3	chr16_rank4_score4.433_reads447	train
138	8c3c1e72-f38f-42a0-bc39-d44d288b85e2	chr16	2148439	2204773	74640	41872	74640	32768	True	60	3	chr16_rank4_score4.433_reads447	train
139	8c3c1e72-f38f-42a0-bc39-d44d288b85e2	chr16	2148439	2204773	74640	49152	74640	25488	True	60	3	chr16_rank4_score4.433_reads447	train
148	3d4ae474-8ac3-4fe0-8a71-9f03df3289e4	chr16	29971995	30028159	55992	0	32768	32768	False	60	14	chr16_rank15_score3.433_reads422	train
149	3d4ae474-8ac3-4fe0-8a71-9f03df3289e4	chr16	29971995	30028159	55992	16384	49152	32768	False	60	14	chr16_rank15_score3.433_reads422	train
150	5211175b-160e-4861-823e-f7380f203220	chr16	88771054	88802653	31500	0	31500	31500	False	60	22	chr16_rank23_score3.064_reads497	train
151	80fbe9bb-fc95-4b44-af45-8668594a6e36	chr16	88771947	88819218	46111	0	32768	32768	True	60	22	chr16_rank23_score3.064_reads497	train
152	80fbe9bb-fc95-4b44-af45-8668594a6e36	chr16	88771947	88819218	46111	13343	46111	32768	True	60	22	chr16_rank23_score3.064_reads497	train
153	80fbe9bb-fc95-4b44-af45-8668594a6e36	chr16	88771947	88819218	46111	16384	46111	29727	True	60	22	chr16_rank23_score3.064_reads497	train
154	80fbe9bb-fc95-4b44-af45-8668594a6e36	chr16	88771947	88819218	46111	32768	46111	13343	True	60	22	chr16_rank23_score3.064_reads497	train
155	75728c89-f3cb-4b3a-a569-e4906908bbe3	chr16	88771955	88810015	73589	0	32768	32768	True	60	22	chr16_rank23_score3.064_reads497	train
156	75728c89-f3cb-4b3a-a569-e4906908bbe3	chr16	88771955	88810015	73589	16384	49152	32768	True	60	22	chr16_rank23_score3.064_reads497	train
157	75728c89-f3cb-4b3a-a569-e4906908bbe3	chr16	88771955	88810015	73589	32768	65536	32768	True	60	22	chr16_rank23_score3.064_reads497	train
158	75728c89-f3cb-4b3a-a569-e4906908bbe3	chr16	88771955	88810015	73589	40821	73589	32768	True	60	22	chr16_rank23_score3.064_reads497	train
159	75728c89-f3cb-4b3a-a569-e4906908bbe3	chr16	88771955	88810015	73589	49152	73589	24437	True	60	22	chr16_rank23_score3.064_reads497	train
160	c6c98527-233f-465d-bc55-b783c2daed1e	chr16	31346854	31402169	54519	0	32768	32768	False	60	16	chr16_rank17_score3.246_reads463	train
161	c6c98527-233f-465d-bc55-b783c2daed1e	chr16	31346854	31402169	54519	16384	49152	32768	False	60	16	chr16_rank17_score3.246_reads463	train
162	c6c98527-233f-465d-bc55-b783c2daed1e	chr16	31346854	31402169	54519	21751	54519	32768	False	60	16	chr16_rank17_score3.246_reads463	train
163	c6c98527-233f-465d-bc55-b783c2daed1e	chr16	31346854	31402169	54519	32768	54519	21751	False	60	16	chr16_rank17_score3.246_reads463	train
164	c6c98527-233f-465d-bc55-b783c2daed1e	chr16	31346854	31402169	54519	49152	54519	5367	False	60	16	chr16_rank17_score3.246_reads463	train
165	966c69d8-3bbd-4c91-9810-a48d53805ef8	chr16	31374875	31413609	38657	0	32768	32768	True	60	16	chr16_rank17_score3.246_reads463	train
166	966c69d8-3bbd-4c91-9810-a48d53805ef8	chr16	31374875	31413609	38657	5889	38657	32768	True	60	16	chr16_rank17_score3.246_reads463	train
167	966c69d8-3bbd-4c91-9810-a48d53805ef8	chr16	31374875	31413609	38657	16384	38657	22273	True	60	16	chr16_rank17_score3.246_reads463	train
168	966c69d8-3bbd-4c91-9810-a48d53805ef8	chr16	31374875	31413609	38657	32768	38657	5889	True	60	16	chr16_rank17_score3.246_reads463	train
169	2626af49-8413-445f-bfdb-dcaaf0fb6961	chr16	31375078	31400039	24932	0	24932	24932	True	60	16	chr16_rank17_score3.246_reads463	train
180	893d48a0-4e1b-4005-86b1-7324f6de0cdb	chr16	30571639	30602268	30584	0	30584	30584	False	60	44	chr16_rank45_score2.332_reads428	train
181	38663101-f17f-43af-937e-3efd1dc8c76b	chr16	30572008	30630664	58700	0	32768	32768	True	60	18	chr16_rank19_score3.124_reads443	train
182	38663101-f17f-43af-937e-3efd1dc8c76b	chr16	30572008	30630664	58700	16384	49152	32768	True	60	18	chr16_rank19_score3.124_reads443	train
183	38663101-f17f-43af-937e-3efd1dc8c76b	chr16	30572008	30630664	58700	25932	58700	32768	True	60	18	chr16_rank19_score3.124_reads443	train
184	38663101-f17f-43af-937e-3efd1dc8c76b	chr16	30572008	30630664	58700	32768	58700	25932	True	60	18	chr16_rank19_score3.124_reads443	train
185	38663101-f17f-43af-937e-3efd1dc8c76b	chr16	30572008	30630664	58700	49152	58700	9548	True	60	18	chr16_rank19_score3.124_reads443	train
186	e1d4294d-70d4-4c7e-8654-7c82f0149b05	chr16	30577076	30605111	27676	0	27676	27676	True	60	44	chr16_rank45_score2.332_reads428	train
187	83ef0a8b-3e68-46af-a55e-aa0b2b07c51c	chr16	30577774	30610306	31924	0	31924	31924	False	60	44	chr16_rank45_score2.332_reads428	train
188	62ed2563-7dca-48fe-90c6-65312962b74b	chr16	30580713	30610114	29418	0	29418	29418	True	60	44	chr16_rank45_score2.332_reads428	train
189	0cf86a3b-79bd-49ad-b930-e8e8fabbc43a	chr16	30581647	30602763	21150	0	21150	21150	False	60	44	chr16_rank45_score2.332_reads428	train
190	f0af690c-d011-4b72-9104-83cf568b8844	chr16	2937083	3005820	68366	0	32768	32768	True	60	5	chr16_rank6_score3.927_reads416	train
191	f0af690c-d011-4b72-9104-83cf568b8844	chr16	2937083	3005820	68366	16384	49152	32768	True	60	5	chr16_rank6_score3.927_reads416	train
192	f0af690c-d011-4b72-9104-83cf568b8844	chr16	2937083	3005820	68366	32768	65536	32768	True	60	5	chr16_rank6_score3.927_reads416	train
193	f0af690c-d011-4b72-9104-83cf568b8844	chr16	2937083	3005820	68366	35598	68366	32768	True	60	5	chr16_rank6_score3.927_reads416	train
194	f0af690c-d011-4b72-9104-83cf568b8844	chr16	2937083	3005820	68366	49152	68366	19214	True	60	5	chr16_rank6_score3.927_reads416	train
195	f0af690c-d011-4b72-9104-83cf568b8844	chr16	2937083	3005820	68366	65536	68366	2830	True	60	5	chr16_rank6_score3.927_reads416	train
196	6c9e4f06-fc1b-42a2-bc81-505a45c805c4	chr16	2962318	3020533	57339	0	32768	32768	False	60	5	chr16_rank6_score3.927_reads416	train
197	6c9e4f06-fc1b-42a2-bc81-505a45c805c4	chr16	2962318	3020533	57339	16384	49152	32768	False	60	5	chr16_rank6_score3.927_reads416	train
198	6c9e4f06-fc1b-42a2-bc81-505a45c805c4	chr16	2962318	3020533	57339	24571	57339	32768	False	60	5	chr16_rank6_score3.927_reads416	train
199	6c9e4f06-fc1b-42a2-bc81-505a45c805c4	chr16	2962318	3020533	57339	32768	57339	24571	False	60	5	chr16_rank6_score3.927_reads416	train
200	60bff335-a950-43fc-9a8e-6ee88ff77db1	chr16	67758632	67804255	45023	0	32768	32768	False	60	20	chr16_rank21_score3.081_reads393	train
201	60bff335-a950-43fc-9a8e-6ee88ff77db1	chr16	67758632	67804255	45023	12255	45023	32768	False	60	20	chr16_rank21_score3.081_reads393	train
202	60bff335-a950-43fc-9a8e-6ee88ff77db1	chr16	67758632	67804255	45023	16384	45023	28639	False	60	20	chr16_rank21_score3.081_reads393	train
203	60bff335-a950-43fc-9a8e-6ee88ff77db1	chr16	67758632	67804255	45023	32768	45023	12255	False	60	20	chr16_rank21_score3.081_reads393	train
204	a9c52ce2-b0ea-464a-8bf4-600800803462	chr16	67767600	67800625	33233	0	32768	32768	True	60	20	chr16_rank21_score3.081_reads393	train
205	a9c52ce2-b0ea-464a-8bf4-600800803462	chr16	67767600	67800625	33233	465	33233	32768	True	60	20	chr16_rank21_score3.081_reads393	train
206	a9c52ce2-b0ea-464a-8bf4-600800803462	chr16	67767600	67800625	33233	16384	33233	16849	True	60	20	chr16_rank21_score3.081_reads393	train
207	a9c52ce2-b0ea-464a-8bf4-600800803462	chr16	67767600	67800625	33233	32768	33233	465	True	60	20	chr16_rank21_score3.081_reads393	train
208	bc9b25b5-59eb-4345-a75a-8139fd9bb66a	chr16	67771110	67816821	46639	0	32768	32768	True	60	20	chr16_rank21_score3.081_reads393	train
209	bc9b25b5-59eb-4345-a75a-8139fd9bb66a	chr16	67771110	67816821	46639	13871	46639	32768	True	60	20	chr16_rank21_score3.081_reads393	train
210	85bf37d6-f58e-42dd-8766-63fbef92a1f1	chr16	1051817	1110814	59665	0	32768	32768	False	60	31	chr16_rank32_score2.716_reads382	train
211	85bf37d6-f58e-42dd-8766-63fbef92a1f1	chr16	1051817	1110814	59665	16384	49152	32768	False	60	31	chr16_rank32_score2.716_reads382	train
212	85bf37d6-f58e-42dd-8766-63fbef92a1f1	chr16	1051817	1110814	59665	26897	59665	32768	False	60	31	chr16_rank32_score2.716_reads382	train
213	85bf37d6-f58e-42dd-8766-63fbef92a1f1	chr16	1051817	1110814	59665	32768	59665	26897	False	60	31	chr16_rank32_score2.716_reads382	train
214	85bf37d6-f58e-42dd-8766-63fbef92a1f1	chr16	1051817	1110814	59665	49152	59665	10513	False	60	31	chr16_rank32_score2.716_reads382	train
215	35ab89f7-060f-4c0d-a665-c0db950dae8d	chr16	1070440	1104298	34664	0	32768	32768	False	60	31	chr16_rank32_score2.716_reads382	train
216	35ab89f7-060f-4c0d-a665-c0db950dae8d	chr16	1070440	1104298	34664	1896	34664	32768	False	60	31	chr16_rank32_score2.716_reads382	train
217	35ab89f7-060f-4c0d-a665-c0db950dae8d	chr16	1070440	1104298	34664	16384	34664	18280	False	60	31	chr16_rank32_score2.716_reads382	train
218	35ab89f7-060f-4c0d-a665-c0db950dae8d	chr16	1070440	1104298	34664	32768	34664	1896	False	60	31	chr16_rank32_score2.716_reads382	train
219	d4f71b31-a804-44c8-8357-ee8909b605cb	chr16	1077093	1104290	27900	0	27900	27900	True	60	31	chr16_rank32_score2.716_reads382	train
220	fb267f92-baf8-4591-91c4-36623d0a233b	chr16	88658838	88701563	43802	0	32768	32768	False	60	25	chr16_rank26_score2.910_reads470	train
221	fb267f92-baf8-4591-91c4-36623d0a233b	chr16	88658838	88701563	43802	11034	43802	32768	False	60	25	chr16_rank26_score2.910_reads470	train
222	fb267f92-baf8-4591-91c4-36623d0a233b	chr16	88658838	88701563	43802	16384	43802	27418	False	60	25	chr16_rank26_score2.910_reads470	train
223	fb267f92-baf8-4591-91c4-36623d0a233b	chr16	88658838	88701563	43802	32768	43802	11034	False	60	25	chr16_rank26_score2.910_reads470	train
224	2684b79b-ebd4-48a9-b605-c7dd2a8b86ff	chr16	88660638	88703064	43359	0	32768	32768	False	60	25	chr16_rank26_score2.910_reads470	train
225	2684b79b-ebd4-48a9-b605-c7dd2a8b86ff	chr16	88660638	88703064	43359	10591	43359	32768	False	60	25	chr16_rank26_score2.910_reads470	train
226	2684b79b-ebd4-48a9-b605-c7dd2a8b86ff	chr16	88660638	88703064	43359	16384	43359	26975	False	60	25	chr16_rank26_score2.910_reads470	train
227	2684b79b-ebd4-48a9-b605-c7dd2a8b86ff	chr16	88660638	88703064	43359	32768	43359	10591	False	60	25	chr16_rank26_score2.910_reads470	train
228	d3803bf8-70ce-4992-acd0-58db77fe56a0	chr16	88673361	88708724	46000	0	32768	32768	True	60	25	chr16_rank26_score2.910_reads470	train
229	d3803bf8-70ce-4992-acd0-58db77fe56a0	chr16	88673361	88708724	46000	13232	46000	32768	True	60	25	chr16_rank26_score2.910_reads470	train
230	d38a5797-a819-439a-b71c-14a34125578e	chr16	1637236	1716195	78407	0	32768	32768	False	60	67	chr16_rank68_score1.955_reads400	train
231	d38a5797-a819-439a-b71c-14a34125578e	chr16	1637236	1716195	78407	16384	49152	32768	False	60	67	chr16_rank68_score1.955_reads400	train
232	d38a5797-a819-439a-b71c-14a34125578e	chr16	1637236	1716195	78407	32768	65536	32768	False	60	67	chr16_rank68_score1.955_reads400	train
233	d38a5797-a819-439a-b71c-14a34125578e	chr16	1637236	1716195	78407	45639	78407	32768	False	60	67	chr16_rank68_score1.955_reads400	train
234	d38a5797-a819-439a-b71c-14a34125578e	chr16	1637236	1716195	78407	49152	78407	29255	False	60	67	chr16_rank68_score1.955_reads400	train
235	d38a5797-a819-439a-b71c-14a34125578e	chr16	1637236	1716195	78407	65536	78407	12871	False	60	67	chr16_rank68_score1.955_reads400	train
236	8076fd13-311c-44f4-a414-d592d6d18ab5	chr16	1660188	1725670	65030	0	32768	32768	False	60	67	chr16_rank68_score1.955_reads400	train
237	8076fd13-311c-44f4-a414-d592d6d18ab5	chr16	1660188	1725670	65030	16384	49152	32768	False	60	67	chr16_rank68_score1.955_reads400	train
238	8076fd13-311c-44f4-a414-d592d6d18ab5	chr16	1660188	1725670	65030	32262	65030	32768	False	60	67	chr16_rank68_score1.955_reads400	train
239	8076fd13-311c-44f4-a414-d592d6d18ab5	chr16	1660188	1725670	65030	32768	65030	32262	False	60	67	chr16_rank68_score1.955_reads400	train
240	32f9898c-176c-42f3-8e34-072e99e0f890	chr16	30244505	30305075	60532	0	32768	32768	True	47	24	chr16_rank25_score2.958_reads417	train
241	32f9898c-176c-42f3-8e34-072e99e0f890	chr16	30244505	30305075	60532	16384	49152	32768	True	47	24	chr16_rank25_score2.958_reads417	train
242	32f9898c-176c-42f3-8e34-072e99e0f890	chr16	30244505	30305075	60532	27764	60532	32768	True	47	24	chr16_rank25_score2.958_reads417	train
243	32f9898c-176c-42f3-8e34-072e99e0f890	chr16	30244505	30305075	60532	32768	60532	27764	True	47	24	chr16_rank25_score2.958_reads417	train
244	32f9898c-176c-42f3-8e34-072e99e0f890	chr16	30244505	30305075	60532	49152	60532	11380	True	47	24	chr16_rank25_score2.958_reads417	train
245	1696c043-2501-4bde-9c5b-ee04f472681c	chr16	30248345	30345235	94518	0	32768	32768	False	60	24	chr16_rank25_score2.958_reads417	train
246	1696c043-2501-4bde-9c5b-ee04f472681c	chr16	30248345	30345235	94518	16384	49152	32768	False	60	24	chr16_rank25_score2.958_reads417	train
247	1696c043-2501-4bde-9c5b-ee04f472681c	chr16	30248345	30345235	94518	32768	65536	32768	False	60	24	chr16_rank25_score2.958_reads417	train
248	1696c043-2501-4bde-9c5b-ee04f472681c	chr16	30248345	30345235	94518	49152	81920	32768	False	60	24	chr16_rank25_score2.958_reads417	train
249	1696c043-2501-4bde-9c5b-ee04f472681c	chr16	30248345	30345235	94518	61750	94518	32768	False	60	24	chr16_rank25_score2.958_reads417	train
250	b019df5b-09b0-403b-aafc-3cbadf215da8	chr16	88562430	88602406	58560	0	32768	32768	False	60	51	chr16_rank52_score2.148_reads429	train
251	b019df5b-09b0-403b-aafc-3cbadf215da8	chr16	88562430	88602406	58560	16384	49152	32768	False	60	51	chr16_rank52_score2.148_reads429	train
252	b019df5b-09b0-403b-aafc-3cbadf215da8	chr16	88562430	88602406	58560	25792	58560	32768	False	60	51	chr16_rank52_score2.148_reads429	train
253	b019df5b-09b0-403b-aafc-3cbadf215da8	chr16	88562430	88602406	58560	32768	58560	25792	False	60	51	chr16_rank52_score2.148_reads429	train
254	b019df5b-09b0-403b-aafc-3cbadf215da8	chr16	88562430	88602406	58560	49152	58560	9408	False	60	51	chr16_rank52_score2.148_reads429	train
255	148cbc7e-4ea1-48f2-9dff-5953b307b95f	chr16	88564597	88602908	38163	0	32768	32768	False	60	51	chr16_rank52_score2.148_reads429	train
256	148cbc7e-4ea1-48f2-9dff-5953b307b95f	chr16	88564597	88602908	38163	5395	38163	32768	False	60	51	chr16_rank52_score2.148_reads429	train
257	148cbc7e-4ea1-48f2-9dff-5953b307b95f	chr16	88564597	88602908	38163	16384	38163	21779	False	60	51	chr16_rank52_score2.148_reads429	train
258	148cbc7e-4ea1-48f2-9dff-5953b307b95f	chr16	88564597	88602908	38163	32768	38163	5395	False	60	51	chr16_rank52_score2.148_reads429	train
259	d9aeffbc-220e-465b-b8ae-66fb023ada9e	chr16	88565620	88615900	50110	0	32768	32768	False	60	51	chr16_rank52_score2.148_reads429	train
260	5f1d9aef-125d-4154-ab4f-2d10d03ec4c2	chr16	252811	307261	54299	0	32768	32768	False	60	26	chr16_rank27_score2.856_reads402	train
261	5f1d9aef-125d-4154-ab4f-2d10d03ec4c2	chr16	252811	307261	54299	16384	49152	32768	False	60	26	chr16_rank27_score2.856_reads402	train
262	5f1d9aef-125d-4154-ab4f-2d10d03ec4c2	chr16	252811	307261	54299	21531	54299	32768	False	60	26	chr16_rank27_score2.856_reads402	train
263	5f1d9aef-125d-4154-ab4f-2d10d03ec4c2	chr16	252811	307261	54299	32768	54299	21531	False	60	26	chr16_rank27_score2.856_reads402	train
264	5f1d9aef-125d-4154-ab4f-2d10d03ec4c2	chr16	252811	307261	54299	49152	54299	5147	False	60	26	chr16_rank27_score2.856_reads402	train
265	9a321918-cd88-47a0-9696-8e6570d4e3f5	chr16	263054	305918	42793	0	32768	32768	False	60	26	chr16_rank27_score2.856_reads402	train
266	9a321918-cd88-47a0-9696-8e6570d4e3f5	chr16	263054	305918	42793	10025	42793	32768	False	60	26	chr16_rank27_score2.856_reads402	train
267	9a321918-cd88-47a0-9696-8e6570d4e3f5	chr16	263054	305918	42793	16384	42793	26409	False	60	26	chr16_rank27_score2.856_reads402	train
268	9a321918-cd88-47a0-9696-8e6570d4e3f5	chr16	263054	305918	42793	32768	42793	10025	False	60	26	chr16_rank27_score2.856_reads402	train
269	099294d8-9c46-4005-ab91-ede1deb799a3	chr16	263054	305918	42545	0	32768	32768	True	60	26	chr16_rank27_score2.856_reads402	train
280	2472b34e-2d36-45ba-beca-f14ca1f0315d	chr16	89836521	89902024	64044	0	32768	32768	False	60	73	chr16_rank74_score1.902_reads443	train
281	2472b34e-2d36-45ba-beca-f14ca1f0315d	chr16	89836521	89902024	64044	16384	49152	32768	False	60	73	chr16_rank74_score1.902_reads443	train
282	2472b34e-2d36-45ba-beca-f14ca1f0315d	chr16	89836521	89902024	64044	31276	64044	32768	False	60	73	chr16_rank74_score1.902_reads443	train
283	2472b34e-2d36-45ba-beca-f14ca1f0315d	chr16	89836521	89902024	64044	32768	64044	31276	False	60	73	chr16_rank74_score1.902_reads443	train
284	2472b34e-2d36-45ba-beca-f14ca1f0315d	chr16	89836521	89902024	64044	49152	64044	14892	False	60	73	chr16_rank74_score1.902_reads443	train
285	3c5df526-ffc0-48b1-9870-6acf8a28b75c	chr16	89841620	89902902	62207	0	32768	32768	True	60	73	chr16_rank74_score1.902_reads443	train
286	3c5df526-ffc0-48b1-9870-6acf8a28b75c	chr16	89841620	89902902	62207	16384	49152	32768	True	60	73	chr16_rank74_score1.902_reads443	train
287	3c5df526-ffc0-48b1-9870-6acf8a28b75c	chr16	89841620	89902902	62207	29439	62207	32768	True	60	73	chr16_rank74_score1.902_reads443	train
288	3c5df526-ffc0-48b1-9870-6acf8a28b75c	chr16	89841620	89902902	62207	32768	62207	29439	True	60	73	chr16_rank74_score1.902_reads443	train
289	3c5df526-ffc0-48b1-9870-6acf8a28b75c	chr16	89841620	89902902	62207	49152	62207	13055	True	60	73	chr16_rank74_score1.902_reads443	train
290	9f30447d-249e-4b06-a292-1dce491acc49	chr16	75156743	75206198	52660	0	32768	32768	True	60	29	chr16_rank30_score2.752_reads387	train
291	9f30447d-249e-4b06-a292-1dce491acc49	chr16	75156743	75206198	52660	16384	49152	32768	True	60	29	chr16_rank30_score2.752_reads387	train
292	9f30447d-249e-4b06-a292-1dce491acc49	chr16	75156743	75206198	52660	19892	52660	32768	True	60	29	chr16_rank30_score2.752_reads387	train
293	9f30447d-249e-4b06-a292-1dce491acc49	chr16	75156743	75206198	52660	32768	52660	19892	True	60	29	chr16_rank30_score2.752_reads387	train
294	9f30447d-249e-4b06-a292-1dce491acc49	chr16	75156743	75206198	52660	49152	52660	3508	True	60	29	chr16_rank30_score2.752_reads387	train
295	0cd0f6d9-f772-49cf-a205-6c78d48bb5b0	chr16	75158467	75206153	55221	0	32768	32768	True	60	29	chr16_rank30_score2.752_reads387	train
296	0cd0f6d9-f772-49cf-a205-6c78d48bb5b0	chr16	75158467	75206153	55221	16384	49152	32768	True	60	29	chr16_rank30_score2.752_reads387	train
297	0cd0f6d9-f772-49cf-a205-6c78d48bb5b0	chr16	75158467	75206153	55221	22453	55221	32768	True	60	29	chr16_rank30_score2.752_reads387	train
298	0cd0f6d9-f772-49cf-a205-6c78d48bb5b0	chr16	75158467	75206153	55221	32768	55221	22453	True	60	29	chr16_rank30_score2.752_reads387	train
299	0cd0f6d9-f772-49cf-a205-6c78d48bb5b0	chr16	75158467	75206153	55221	49152	55221	6069	True	60	29	chr16_rank30_score2.752_reads387	train
310	427b3174-3488-4796-bb0b-716a912d31e2	chr16	956731	1004468	47073	0	32768	32768	True	60	87	chr16_rank88_score1.722_reads380	train
311	427b3174-3488-4796-bb0b-716a912d31e2	chr16	956731	1004468	47073	14305	47073	32768	True	60	87	chr16_rank88_score1.722_reads380	train
312	427b3174-3488-4796-bb0b-716a912d31e2	chr16	956731	1004468	47073	16384	47073	30689	True	60	87	chr16_rank88_score1.722_reads380	train
313	427b3174-3488-4796-bb0b-716a912d31e2	chr16	956731	1004468	47073	32768	47073	14305	True	60	87	chr16_rank88_score1.722_reads380	train
314	c90b7a21-603e-4a31-bd73-2ce4e273b035	chr16	958831	1002210	42525	0	32768	32768	True	60	87	chr16_rank88_score1.722_reads380	train
315	c90b7a21-603e-4a31-bd73-2ce4e273b035	chr16	958831	1002210	42525	9757	42525	32768	True	60	87	chr16_rank88_score1.722_reads380	train
316	c90b7a21-603e-4a31-bd73-2ce4e273b035	chr16	958831	1002210	42525	16384	42525	26141	True	60	87	chr16_rank88_score1.722_reads380	train
317	c90b7a21-603e-4a31-bd73-2ce4e273b035	chr16	958831	1002210	42525	32768	42525	9757	True	60	87	chr16_rank88_score1.722_reads380	train
318	4838f310-623e-42c6-84bc-d1244784dd2b	chr16	965565	1001138	35364	0	32768	32768	True	60	87	chr16_rank88_score1.722_reads380	train
319	4838f310-623e-42c6-84bc-d1244784dd2b	chr16	965565	1001138	35364	2596	35364	32768	True	60	87	chr16_rank88_score1.722_reads380	train
320	7c245f05-2477-428f-ba34-8f4d587b066e	chr16	14867779	14910588	42688	0	32768	32768	False	60	32	chr16_rank33_score2.702_reads812	train
321	7c245f05-2477-428f-ba34-8f4d587b066e	chr16	14867779	14910588	42688	9920	42688	32768	False	60	32	chr16_rank33_score2.702_reads812	train
322	7c245f05-2477-428f-ba34-8f4d587b066e	chr16	14867779	14910588	42688	16384	42688	26304	False	60	32	chr16_rank33_score2.702_reads812	train
323	7c245f05-2477-428f-ba34-8f4d587b066e	chr16	14867779	14910588	42688	32768	42688	9920	False	60	32	chr16_rank33_score2.702_reads812	train
324	bec1edca-6e90-4f43-be76-05995fe3c361	chr16	14867852	14913990	57059	0	32768	32768	False	60	32	chr16_rank33_score2.702_reads812	train
325	bec1edca-6e90-4f43-be76-05995fe3c361	chr16	14867852	14913990	57059	16384	49152	32768	False	60	32	chr16_rank33_score2.702_reads812	train
326	bec1edca-6e90-4f43-be76-05995fe3c361	chr16	14867852	14913990	57059	24291	57059	32768	False	60	32	chr16_rank33_score2.702_reads812	train
327	bec1edca-6e90-4f43-be76-05995fe3c361	chr16	14867852	14913990	57059	32768	57059	24291	False	60	32	chr16_rank33_score2.702_reads812	train
328	bec1edca-6e90-4f43-be76-05995fe3c361	chr16	14867852	14913990	57059	49152	57059	7907	False	60	32	chr16_rank33_score2.702_reads812	train
329	7ef1274d-d212-48b9-ad12-9dc557a6a490	chr16	14873554	14906550	32832	0	32768	32768	False	60	32	chr16_rank33_score2.702_reads812	train
330	270b7258-852f-4301-a964-05f1847b05e6	chr16	2648540	2710260	61448	0	32768	32768	True	60	92	chr16_rank93_score1.641_reads403	train
331	270b7258-852f-4301-a964-05f1847b05e6	chr16	2648540	2710260	61448	16384	49152	32768	True	60	92	chr16_rank93_score1.641_reads403	train
332	270b7258-852f-4301-a964-05f1847b05e6	chr16	2648540	2710260	61448	28680	61448	32768	True	60	92	chr16_rank93_score1.641_reads403	train
333	270b7258-852f-4301-a964-05f1847b05e6	chr16	2648540	2710260	61448	32768	61448	28680	True	60	92	chr16_rank93_score1.641_reads403	train
334	270b7258-852f-4301-a964-05f1847b05e6	chr16	2648540	2710260	61448	49152	61448	12296	True	60	92	chr16_rank93_score1.641_reads403	train
335	71da5cd2-fb78-4cf2-bbf4-517a7e2b7e82	chr16	2655955	2725476	69293	0	32768	32768	True	60	92	chr16_rank93_score1.641_reads403	train
336	71da5cd2-fb78-4cf2-bbf4-517a7e2b7e82	chr16	2655955	2725476	69293	16384	49152	32768	True	60	92	chr16_rank93_score1.641_reads403	train
337	71da5cd2-fb78-4cf2-bbf4-517a7e2b7e82	chr16	2655955	2725476	69293	32768	65536	32768	True	60	92	chr16_rank93_score1.641_reads403	train
338	71da5cd2-fb78-4cf2-bbf4-517a7e2b7e82	chr16	2655955	2725476	69293	36525	69293	32768	True	60	92	chr16_rank93_score1.641_reads403	train
339	71da5cd2-fb78-4cf2-bbf4-517a7e2b7e82	chr16	2655955	2725476	69293	49152	69293	20141	True	60	92	chr16_rank93_score1.641_reads403	train
340	597a5e92-7155-4fe2-a98f-7d6e454ba830	chr16	4148241	4204731	56389	0	32768	32768	True	60	34	chr16_rank35_score2.576_reads501	train
341	597a5e92-7155-4fe2-a98f-7d6e454ba830	chr16	4148241	4204731	56389	16384	49152	32768	True	60	34	chr16_rank35_score2.576_reads501	train
342	597a5e92-7155-4fe2-a98f-7d6e454ba830	chr16	4148241	4204731	56389	23621	56389	32768	True	60	34	chr16_rank35_score2.576_reads501	train
343	597a5e92-7155-4fe2-a98f-7d6e454ba830	chr16	4148241	4204731	56389	32768	56389	23621	True	60	34	chr16_rank35_score2.576_reads501	train
344	597a5e92-7155-4fe2-a98f-7d6e454ba830	chr16	4148241	4204731	56389	49152	56389	7237	True	60	34	chr16_rank35_score2.576_reads501	train
345	4a2d6c96-8df8-43bb-819a-3ba3b6aa2d3d	chr16	4153912	4209308	55317	0	32768	32768	False	60	34	chr16_rank35_score2.576_reads501	train
346	4a2d6c96-8df8-43bb-819a-3ba3b6aa2d3d	chr16	4153912	4209308	55317	16384	49152	32768	False	60	34	chr16_rank35_score2.576_reads501	train
347	4a2d6c96-8df8-43bb-819a-3ba3b6aa2d3d	chr16	4153912	4209308	55317	22549	55317	32768	False	60	34	chr16_rank35_score2.576_reads501	train
348	4a2d6c96-8df8-43bb-819a-3ba3b6aa2d3d	chr16	4153912	4209308	55317	32768	55317	22549	False	60	34	chr16_rank35_score2.576_reads501	train
349	4a2d6c96-8df8-43bb-819a-3ba3b6aa2d3d	chr16	4153912	4209308	55317	49152	55317	6165	False	60	34	chr16_rank35_score2.576_reads501	train
350	f44165da-f562-4442-b5ca-11200fc6b8cb	chr16	89452808	89500803	47786	0	32768	32768	True	60	35	chr16_rank36_score2.544_reads359	train
351	f44165da-f562-4442-b5ca-11200fc6b8cb	chr16	89452808	89500803	47786	15018	47786	32768	True	60	35	chr16_rank36_score2.544_reads359	train
352	f44165da-f562-4442-b5ca-11200fc6b8cb	chr16	89452808	89500803	47786	16384	47786	31402	True	60	35	chr16_rank36_score2.544_reads359	train
353	f44165da-f562-4442-b5ca-11200fc6b8cb	chr16	89452808	89500803	47786	32768	47786	15018	True	60	35	chr16_rank36_score2.544_reads359	train
354	f1511a68-3ab8-4bf8-92f0-731d7fcd5fe6	chr16	89459884	89501907	41682	0	32768	32768	False	60	35	chr16_rank36_score2.544_reads359	train
355	f1511a68-3ab8-4bf8-92f0-731d7fcd5fe6	chr16	89459884	89501907	41682	8914	41682	32768	False	60	35	chr16_rank36_score2.544_reads359	train
356	f1511a68-3ab8-4bf8-92f0-731d7fcd5fe6	chr16	89459884	89501907	41682	16384	41682	25298	False	60	35	chr16_rank36_score2.544_reads359	train
357	f1511a68-3ab8-4bf8-92f0-731d7fcd5fe6	chr16	89459884	89501907	41682	32768	41682	8914	False	60	35	chr16_rank36_score2.544_reads359	train
358	10382eb2-6c63-4d05-9e84-c344b4a1766c	chr16	89463334	89518135	53937	0	32768	32768	True	60	35	chr16_rank36_score2.544_reads359	train
359	10382eb2-6c63-4d05-9e84-c344b4a1766c	chr16	89463334	89518135	53937	16384	49152	32768	True	60	35	chr16_rank36_score2.544_reads359	train
360	acdb8a3f-978f-4815-ac27-e886429db4b8	chr16	87756214	87801336	44992	0	32768	32768	False	60	36	chr16_rank37_score2.543_reads394	train
361	acdb8a3f-978f-4815-ac27-e886429db4b8	chr16	87756214	87801336	44992	12224	44992	32768	False	60	36	chr16_rank37_score2.543_reads394	train
362	acdb8a3f-978f-4815-ac27-e886429db4b8	chr16	87756214	87801336	44992	16384	44992	28608	False	60	36	chr16_rank37_score2.543_reads394	train
363	acdb8a3f-978f-4815-ac27-e886429db4b8	chr16	87756214	87801336	44992	32768	44992	12224	False	60	36	chr16_rank37_score2.543_reads394	train
364	fdff82df-ba67-438d-bd64-9abef14be792	chr16	87763838	87806384	42501	0	32768	32768	True	60	36	chr16_rank37_score2.543_reads394	train
365	fdff82df-ba67-438d-bd64-9abef14be792	chr16	87763838	87806384	42501	9733	42501	32768	True	60	36	chr16_rank37_score2.543_reads394	train
366	fdff82df-ba67-438d-bd64-9abef14be792	chr16	87763838	87806384	42501	16384	42501	26117	True	60	36	chr16_rank37_score2.543_reads394	train
367	fdff82df-ba67-438d-bd64-9abef14be792	chr16	87763838	87806384	42501	32768	42501	9733	True	60	36	chr16_rank37_score2.543_reads394	train
368	fd98e620-d381-41f7-8405-a2eada97ba2a	chr16	87766984	87811385	44393	0	32768	32768	False	60	36	chr16_rank37_score2.543_reads394	train
369	fd98e620-d381-41f7-8405-a2eada97ba2a	chr16	87766984	87811385	44393	11625	44393	32768	False	60	36	chr16_rank37_score2.543_reads394	train
370	00c8a812-f411-436a-8a42-f412a8d45fe5	chr16	30629080	30704346	73801	0	32768	32768	False	60	18	chr16_rank19_score3.124_reads443	train
371	00c8a812-f411-436a-8a42-f412a8d45fe5	chr16	30629080	30704346	73801	16384	49152	32768	False	60	18	chr16_rank19_score3.124_reads443	train
372	00c8a812-f411-436a-8a42-f412a8d45fe5	chr16	30629080	30704346	73801	32768	65536	32768	False	60	18	chr16_rank19_score3.124_reads443	train
373	00c8a812-f411-436a-8a42-f412a8d45fe5	chr16	30629080	30704346	73801	41033	73801	32768	False	60	18	chr16_rank19_score3.124_reads443	train
374	00c8a812-f411-436a-8a42-f412a8d45fe5	chr16	30629080	30704346	73801	49152	73801	24649	False	60	18	chr16_rank19_score3.124_reads443	train
375	00c8a812-f411-436a-8a42-f412a8d45fe5	chr16	30629080	30704346	73801	65536	73801	8265	False	60	18	chr16_rank19_score3.124_reads443	train
376	bdc6974d-6187-44ba-bd2e-a8a795d6aa33	chr16	30640625	30701575	60738	0	32768	32768	True	60	18	chr16_rank19_score3.124_reads443	train
377	bdc6974d-6187-44ba-bd2e-a8a795d6aa33	chr16	30640625	30701575	60738	16384	49152	32768	True	60	18	chr16_rank19_score3.124_reads443	train
378	bdc6974d-6187-44ba-bd2e-a8a795d6aa33	chr16	30640625	30701575	60738	27970	60738	32768	True	60	18	chr16_rank19_score3.124_reads443	train
379	bdc6974d-6187-44ba-bd2e-a8a795d6aa33	chr16	30640625	30701575	60738	32768	60738	27970	True	60	18	chr16_rank19_score3.124_reads443	train
380	c609de4a-f93c-4323-a561-97965c1ea008	chr16	57671019	57707728	35142	0	32768	32768	True	60	45	chr16_rank46_score2.325_reads427	train
381	c609de4a-f93c-4323-a561-97965c1ea008	chr16	57671019	57707728	35142	2374	35142	32768	True	60	45	chr16_rank46_score2.325_reads427	train
382	c609de4a-f93c-4323-a561-97965c1ea008	chr16	57671019	57707728	35142	16384	35142	18758	True	60	45	chr16_rank46_score2.325_reads427	train
383	c609de4a-f93c-4323-a561-97965c1ea008	chr16	57671019	57707728	35142	32768	35142	2374	True	60	45	chr16_rank46_score2.325_reads427	train
384	db0ff176-61f7-45c9-9426-5beab4f8110d	chr16	57673879	57716244	42268	0	32768	32768	True	60	45	chr16_rank46_score2.325_reads427	train
385	db0ff176-61f7-45c9-9426-5beab4f8110d	chr16	57673879	57716244	42268	9500	42268	32768	True	60	45	chr16_rank46_score2.325_reads427	train
386	db0ff176-61f7-45c9-9426-5beab4f8110d	chr16	57673879	57716244	42268	16384	42268	25884	True	60	45	chr16_rank46_score2.325_reads427	train
387	db0ff176-61f7-45c9-9426-5beab4f8110d	chr16	57673879	57716244	42268	32768	42268	9500	True	60	45	chr16_rank46_score2.325_reads427	train
388	a0e3936e-3abc-49e9-bab3-f0c048d8ade4	chr16	57675251	57731715	56227	0	32768	32768	False	60	38	chr16_rank39_score2.451_reads398	train
389	a0e3936e-3abc-49e9-bab3-f0c048d8ade4	chr16	57675251	57731715	56227	16384	49152	32768	False	60	38	chr16_rank39_score2.451_reads398	train
390	433358d2-6e2e-414a-9ba7-fb6eb5a8d81d	chr16	69249769	69307422	54467	0	32768	32768	True	46	39	chr16_rank40_score2.441_reads493	train
391	433358d2-6e2e-414a-9ba7-fb6eb5a8d81d	chr16	69249769	69307422	54467	16384	49152	32768	True	46	39	chr16_rank40_score2.441_reads493	train
392	433358d2-6e2e-414a-9ba7-fb6eb5a8d81d	chr16	69249769	69307422	54467	21699	54467	32768	True	46	39	chr16_rank40_score2.441_reads493	train
393	433358d2-6e2e-414a-9ba7-fb6eb5a8d81d	chr16	69249769	69307422	54467	32768	54467	21699	True	46	39	chr16_rank40_score2.441_reads493	train
394	433358d2-6e2e-414a-9ba7-fb6eb5a8d81d	chr16	69249769	69307422	54467	49152	54467	5315	True	46	39	chr16_rank40_score2.441_reads493	train
395	6e815332-f825-4201-8493-88beed8b792a	chr16	69249863	69319313	69328	0	32768	32768	True	60	39	chr16_rank40_score2.441_reads493	train
396	6e815332-f825-4201-8493-88beed8b792a	chr16	69249863	69319313	69328	16384	49152	32768	True	60	39	chr16_rank40_score2.441_reads493	train
397	6e815332-f825-4201-8493-88beed8b792a	chr16	69249863	69319313	69328	32768	65536	32768	True	60	39	chr16_rank40_score2.441_reads493	train
398	6e815332-f825-4201-8493-88beed8b792a	chr16	69249863	69319313	69328	36560	69328	32768	True	60	39	chr16_rank40_score2.441_reads493	train
399	6e815332-f825-4201-8493-88beed8b792a	chr16	69249863	69319313	69328	49152	69328	20176	True	60	39	chr16_rank40_score2.441_reads493	train
400	748aafff-5044-455e-b110-adaba31bc01c	chr16	2759888	2823662	63735	0	32768	32768	True	60	33	chr16_rank34_score2.699_reads489	train
401	748aafff-5044-455e-b110-adaba31bc01c	chr16	2759888	2823662	63735	16384	49152	32768	True	60	33	chr16_rank34_score2.699_reads489	train
402	748aafff-5044-455e-b110-adaba31bc01c	chr16	2759888	2823662	63735	30967	63735	32768	True	60	33	chr16_rank34_score2.699_reads489	train
403	748aafff-5044-455e-b110-adaba31bc01c	chr16	2759888	2823662	63735	32768	63735	30967	True	60	33	chr16_rank34_score2.699_reads489	train
404	748aafff-5044-455e-b110-adaba31bc01c	chr16	2759888	2823662	63735	49152	63735	14583	True	60	33	chr16_rank34_score2.699_reads489	train
405	629bcb0e-a455-4027-bc3b-d4e757cb562c	chr16	2760759	2804645	43614	0	32768	32768	False	60	33	chr16_rank34_score2.699_reads489	train
406	629bcb0e-a455-4027-bc3b-d4e757cb562c	chr16	2760759	2804645	43614	10846	43614	32768	False	60	33	chr16_rank34_score2.699_reads489	train
407	629bcb0e-a455-4027-bc3b-d4e757cb562c	chr16	2760759	2804645	43614	16384	43614	27230	False	60	33	chr16_rank34_score2.699_reads489	train
408	629bcb0e-a455-4027-bc3b-d4e757cb562c	chr16	2760759	2804645	43614	32768	43614	10846	False	60	33	chr16_rank34_score2.699_reads489	train
409	b6b46d5e-eda7-43ea-8915-43233212b64f	chr16	2766057	2816514	58806	0	32768	32768	False	60	33	chr16_rank34_score2.699_reads489	train
420	096135bf-5469-4496-b6d3-c2d4e99615b7	chr16	4548752	4600148	51387	0	32768	32768	False	60	42	chr16_rank43_score2.346_reads399	train
421	096135bf-5469-4496-b6d3-c2d4e99615b7	chr16	4548752	4600148	51387	16384	49152	32768	False	60	42	chr16_rank43_score2.346_reads399	train
422	096135bf-5469-4496-b6d3-c2d4e99615b7	chr16	4548752	4600148	51387	18619	51387	32768	False	60	42	chr16_rank43_score2.346_reads399	train
423	096135bf-5469-4496-b6d3-c2d4e99615b7	chr16	4548752	4600148	51387	32768	51387	18619	False	60	42	chr16_rank43_score2.346_reads399	train
424	096135bf-5469-4496-b6d3-c2d4e99615b7	chr16	4548752	4600148	51387	49152	51387	2235	False	60	42	chr16_rank43_score2.346_reads399	train
425	bd66c17f-aed9-4dfc-b0c6-21a170f6f526	chr16	4559285	4602444	43104	0	32768	32768	False	60	42	chr16_rank43_score2.346_reads399	train
426	bd66c17f-aed9-4dfc-b0c6-21a170f6f526	chr16	4559285	4602444	43104	10336	43104	32768	False	60	42	chr16_rank43_score2.346_reads399	train
427	bd66c17f-aed9-4dfc-b0c6-21a170f6f526	chr16	4559285	4602444	43104	16384	43104	26720	False	60	42	chr16_rank43_score2.346_reads399	train
428	bd66c17f-aed9-4dfc-b0c6-21a170f6f526	chr16	4559285	4602444	43104	32768	43104	10336	False	60	42	chr16_rank43_score2.346_reads399	train
429	f47cbada-b521-4889-8248-bdf6da472e55	chr16	4567306	4610030	42522	0	32768	32768	True	60	42	chr16_rank43_score2.346_reads399	train
440	ff94712c-0f1d-49a0-98ab-ee9b4e10119e	chr16	30447256	30510575	72668	0	32768	32768	True	60	62	chr16_rank63_score1.997_reads433	train
441	ff94712c-0f1d-49a0-98ab-ee9b4e10119e	chr16	30447256	30510575	72668	16384	49152	32768	True	60	62	chr16_rank63_score1.997_reads433	train
442	ff94712c-0f1d-49a0-98ab-ee9b4e10119e	chr16	30447256	30510575	72668	32768	65536	32768	True	60	62	chr16_rank63_score1.997_reads433	train
443	ff94712c-0f1d-49a0-98ab-ee9b4e10119e	chr16	30447256	30510575	72668	39900	72668	32768	True	60	62	chr16_rank63_score1.997_reads433	train
444	ff94712c-0f1d-49a0-98ab-ee9b4e10119e	chr16	30447256	30510575	72668	49152	72668	23516	True	60	62	chr16_rank63_score1.997_reads433	train
445	ff94712c-0f1d-49a0-98ab-ee9b4e10119e	chr16	30447256	30510575	72668	65536	72668	7132	True	60	62	chr16_rank63_score1.997_reads433	train
446	ef1c7101-0dbd-493f-8d4e-0cb68ff42f43	chr16	30457258	30507212	48199	0	32768	32768	False	60	62	chr16_rank63_score1.997_reads433	train
447	ef1c7101-0dbd-493f-8d4e-0cb68ff42f43	chr16	30457258	30507212	48199	15431	48199	32768	False	60	62	chr16_rank63_score1.997_reads433	train
448	ef1c7101-0dbd-493f-8d4e-0cb68ff42f43	chr16	30457258	30507212	48199	16384	48199	31815	False	60	62	chr16_rank63_score1.997_reads433	train
449	ef1c7101-0dbd-493f-8d4e-0cb68ff42f43	chr16	30457258	30507212	48199	32768	48199	15431	False	60	62	chr16_rank63_score1.997_reads433	train
450	ea4f6e16-e3f5-44b5-bbeb-1c73d74e92bc	chr16	57550111	57601562	50988	0	32768	32768	True	60	45	chr16_rank46_score2.325_reads427	train
451	ea4f6e16-e3f5-44b5-bbeb-1c73d74e92bc	chr16	57550111	57601562	50988	16384	49152	32768	True	60	45	chr16_rank46_score2.325_reads427	train
452	ea4f6e16-e3f5-44b5-bbeb-1c73d74e92bc	chr16	57550111	57601562	50988	18220	50988	32768	True	60	45	chr16_rank46_score2.325_reads427	train
453	ea4f6e16-e3f5-44b5-bbeb-1c73d74e92bc	chr16	57550111	57601562	50988	32768	50988	18220	True	60	45	chr16_rank46_score2.325_reads427	train
454	ea4f6e16-e3f5-44b5-bbeb-1c73d74e92bc	chr16	57550111	57601562	50988	49152	50988	1836	True	60	45	chr16_rank46_score2.325_reads427	train
455	57d9738d-fb73-4c1f-ae19-7b05978ec3ac	chr16	57553678	57600395	92970	0	32768	32768	True	60	45	chr16_rank46_score2.325_reads427	train
456	57d9738d-fb73-4c1f-ae19-7b05978ec3ac	chr16	57553678	57600395	92970	16384	49152	32768	True	60	45	chr16_rank46_score2.325_reads427	train
457	57d9738d-fb73-4c1f-ae19-7b05978ec3ac	chr16	57553678	57600395	92970	32768	65536	32768	True	60	45	chr16_rank46_score2.325_reads427	train
458	57d9738d-fb73-4c1f-ae19-7b05978ec3ac	chr16	57553678	57600395	92970	49152	81920	32768	True	60	45	chr16_rank46_score2.325_reads427	train
459	57d9738d-fb73-4c1f-ae19-7b05978ec3ac	chr16	57553678	57600395	92970	60202	92970	32768	True	60	45	chr16_rank46_score2.325_reads427	train
470	ba0a0911-28bc-4b8f-8a05-dde394ab75d4	chr16	10000	11804	4676	0	4676	4676	False	60	47	chr16_rank48_score2.279_reads326	train
471	62b91348-c2dd-482d-b857-bf49a3da706a	chr16	10000	17254	7844	0	7844	7844	False	60	47	chr16_rank48_score2.279_reads326	train
472	dc81899a-bc60-4758-b8a5-c2bd0ecdc9df	chr16	10000	20171	13188	0	13188	13188	False	60	47	chr16_rank48_score2.279_reads326	train
473	bd0e7ede-a1b9-4010-b455-ff4d813e6ac3	chr16	10000	22928	15742	0	15742	15742	False	60	47	chr16_rank48_score2.279_reads326	train
474	5cf8c249-1de0-4109-9847-b07a042badee	chr16	10000	16550	9056	0	9056	9056	False	60	47	chr16_rank48_score2.279_reads326	train
475	a9cad9d1-0ffd-4e80-b7d3-8c32f3e0fb28	chr16	10000	16340	7317	0	7317	7317	False	60	47	chr16_rank48_score2.279_reads326	train
476	6c655a89-1970-498c-8026-a8a13896bc95	chr16	10000	13136	5483	0	5483	5483	False	60	47	chr16_rank48_score2.279_reads326	train
477	bec71812-4fc4-4e46-8917-31a6fb550572	chr16	10000	56880	50178	0	32768	32768	False	60	47	chr16_rank48_score2.279_reads326	train
478	bec71812-4fc4-4e46-8917-31a6fb550572	chr16	10000	56880	50178	16384	49152	32768	False	60	47	chr16_rank48_score2.279_reads326	train
479	bec71812-4fc4-4e46-8917-31a6fb550572	chr16	10000	56880	50178	17410	50178	32768	False	60	47	chr16_rank48_score2.279_reads326	train
480	55113555-2e8e-4ec0-90ee-b81262a379e2	chr16	88354219	88401543	47532	0	32768	32768	True	60	88	chr16_rank89_score1.722_reads415	train
481	55113555-2e8e-4ec0-90ee-b81262a379e2	chr16	88354219	88401543	47532	14764	47532	32768	True	60	88	chr16_rank89_score1.722_reads415	train
482	55113555-2e8e-4ec0-90ee-b81262a379e2	chr16	88354219	88401543	47532	16384	47532	31148	True	60	88	chr16_rank89_score1.722_reads415	train
483	55113555-2e8e-4ec0-90ee-b81262a379e2	chr16	88354219	88401543	47532	32768	47532	14764	True	60	88	chr16_rank89_score1.722_reads415	train
484	7b26ddd4-91b9-4ad4-a0b3-76d6557c1386	chr16	88362368	88445547	83408	0	32768	32768	False	60	48	chr16_rank49_score2.264_reads372	train
485	7b26ddd4-91b9-4ad4-a0b3-76d6557c1386	chr16	88362368	88445547	83408	16384	49152	32768	False	60	48	chr16_rank49_score2.264_reads372	train
486	7b26ddd4-91b9-4ad4-a0b3-76d6557c1386	chr16	88362368	88445547	83408	32768	65536	32768	False	60	48	chr16_rank49_score2.264_reads372	train
487	7b26ddd4-91b9-4ad4-a0b3-76d6557c1386	chr16	88362368	88445547	83408	49152	81920	32768	False	60	48	chr16_rank49_score2.264_reads372	train
488	7b26ddd4-91b9-4ad4-a0b3-76d6557c1386	chr16	88362368	88445547	83408	50640	83408	32768	False	60	48	chr16_rank49_score2.264_reads372	train
489	7b26ddd4-91b9-4ad4-a0b3-76d6557c1386	chr16	88362368	88445547	83408	65536	83408	17872	False	60	48	chr16_rank49_score2.264_reads372	train
500	97b92a65-7a9a-4d8f-8137-faff187554c0	chr16	29856347	29914848	58251	0	32768	32768	True	60	10	chr16_rank11_score3.589_reads368	train
501	97b92a65-7a9a-4d8f-8137-faff187554c0	chr16	29856347	29914848	58251	16384	49152	32768	True	60	10	chr16_rank11_score3.589_reads368	train
502	97b92a65-7a9a-4d8f-8137-faff187554c0	chr16	29856347	29914848	58251	25483	58251	32768	True	60	10	chr16_rank11_score3.589_reads368	train
503	97b92a65-7a9a-4d8f-8137-faff187554c0	chr16	29856347	29914848	58251	32768	58251	25483	True	60	10	chr16_rank11_score3.589_reads368	train
504	97b92a65-7a9a-4d8f-8137-faff187554c0	chr16	29856347	29914848	58251	49152	58251	9099	True	60	10	chr16_rank11_score3.589_reads368	train
505	86118403-df00-4c6b-925b-839ea21819d6	chr16	29864159	29900060	35793	0	32768	32768	False	60	10	chr16_rank11_score3.589_reads368	train
506	86118403-df00-4c6b-925b-839ea21819d6	chr16	29864159	29900060	35793	3025	35793	32768	False	60	10	chr16_rank11_score3.589_reads368	train
507	86118403-df00-4c6b-925b-839ea21819d6	chr16	29864159	29900060	35793	16384	35793	19409	False	60	10	chr16_rank11_score3.589_reads368	train
508	86118403-df00-4c6b-925b-839ea21819d6	chr16	29864159	29900060	35793	32768	35793	3025	False	60	10	chr16_rank11_score3.589_reads368	train
509	fb295007-1df8-4a19-b7ad-9ea8dbf265f1	chr16	29864974	29913367	45616	0	32768	32768	False	37	10	chr16_rank11_score3.589_reads368	train
510	0543e607-2d92-465b-8c5d-162c4be5af2f	chr16	88468809	88505833	36961	0	32768	32768	True	60	48	chr16_rank49_score2.264_reads372	train
511	0543e607-2d92-465b-8c5d-162c4be5af2f	chr16	88468809	88505833	36961	4193	36961	32768	True	60	48	chr16_rank49_score2.264_reads372	train
512	0543e607-2d92-465b-8c5d-162c4be5af2f	chr16	88468809	88505833	36961	16384	36961	20577	True	60	48	chr16_rank49_score2.264_reads372	train
513	0543e607-2d92-465b-8c5d-162c4be5af2f	chr16	88468809	88505833	36961	32768	36961	4193	True	60	48	chr16_rank49_score2.264_reads372	train
514	b792f5ca-52ef-4c87-9abe-ae26813c4868	chr16	88474945	88500526	25415	0	25415	25415	False	60	48	chr16_rank49_score2.264_reads372	train
515	4d29865c-1ddb-477c-86bf-7f748b3fadb9	chr16	88475306	88502503	26774	0	26774	26774	False	60	48	chr16_rank49_score2.264_reads372	train
516	172c7c46-a26e-4281-af8e-022c7c541e31	chr16	88475456	88518282	42720	0	32768	32768	False	60	48	chr16_rank49_score2.264_reads372	train
517	172c7c46-a26e-4281-af8e-022c7c541e31	chr16	88475456	88518282	42720	9952	42720	32768	False	60	48	chr16_rank49_score2.264_reads372	train
518	172c7c46-a26e-4281-af8e-022c7c541e31	chr16	88475456	88518282	42720	16384	42720	26336	False	60	48	chr16_rank49_score2.264_reads372	train
519	172c7c46-a26e-4281-af8e-022c7c541e31	chr16	88475456	88518282	42720	32768	42720	9952	False	60	48	chr16_rank49_score2.264_reads372	train
520	d0e47c16-a0a2-40cd-be40-aa1384863d30	chr16	67851387	67901712	50202	0	32768	32768	False	60	20	chr16_rank21_score3.081_reads393	train
521	d0e47c16-a0a2-40cd-be40-aa1384863d30	chr16	67851387	67901712	50202	16384	49152	32768	False	60	20	chr16_rank21_score3.081_reads393	train
522	d0e47c16-a0a2-40cd-be40-aa1384863d30	chr16	67851387	67901712	50202	17434	50202	32768	False	60	20	chr16_rank21_score3.081_reads393	train
523	d0e47c16-a0a2-40cd-be40-aa1384863d30	chr16	67851387	67901712	50202	32768	50202	17434	False	60	20	chr16_rank21_score3.081_reads393	train
524	d0e47c16-a0a2-40cd-be40-aa1384863d30	chr16	67851387	67901712	50202	49152	50202	1050	False	60	20	chr16_rank21_score3.081_reads393	train
525	2d7cf67b-46db-4ed2-90cd-24d7a65c120f	chr16	67857924	67901140	43098	0	32768	32768	True	60	20	chr16_rank21_score3.081_reads393	train
526	2d7cf67b-46db-4ed2-90cd-24d7a65c120f	chr16	67857924	67901140	43098	10330	43098	32768	True	60	20	chr16_rank21_score3.081_reads393	train
527	2d7cf67b-46db-4ed2-90cd-24d7a65c120f	chr16	67857924	67901140	43098	16384	43098	26714	True	60	20	chr16_rank21_score3.081_reads393	train
528	2d7cf67b-46db-4ed2-90cd-24d7a65c120f	chr16	67857924	67901140	43098	32768	43098	10330	True	60	20	chr16_rank21_score3.081_reads393	train
529	6a764da6-59be-4b17-9b84-752765e24cc9	chr16	67868944	67906533	37529	0	32768	32768	True	60	20	chr16_rank21_score3.081_reads393	train
530	ca8b5c4b-26eb-4bfc-85fb-63021f8624ec	chr16	85656072	85703140	48324	0	32768	32768	False	60	49	chr16_rank50_score2.255_reads446	train
531	ca8b5c4b-26eb-4bfc-85fb-63021f8624ec	chr16	85656072	85703140	48324	15556	48324	32768	False	60	49	chr16_rank50_score2.255_reads446	train
532	ca8b5c4b-26eb-4bfc-85fb-63021f8624ec	chr16	85656072	85703140	48324	16384	48324	31940	False	60	49	chr16_rank50_score2.255_reads446	train
533	ca8b5c4b-26eb-4bfc-85fb-63021f8624ec	chr16	85656072	85703140	48324	32768	48324	15556	False	60	49	chr16_rank50_score2.255_reads446	train
534	7cb5bd3d-3187-4642-a407-3fb72f3e3bd2	chr16	85667109	85700883	33733	0	32768	32768	True	60	49	chr16_rank50_score2.255_reads446	train
535	7cb5bd3d-3187-4642-a407-3fb72f3e3bd2	chr16	85667109	85700883	33733	965	33733	32768	True	60	49	chr16_rank50_score2.255_reads446	train
536	7cb5bd3d-3187-4642-a407-3fb72f3e3bd2	chr16	85667109	85700883	33733	16384	33733	17349	True	60	49	chr16_rank50_score2.255_reads446	train
537	7cb5bd3d-3187-4642-a407-3fb72f3e3bd2	chr16	85667109	85700883	33733	32768	33733	965	True	60	49	chr16_rank50_score2.255_reads446	train
538	d9304a36-70c8-4f2c-892a-8204da5d6173	chr16	85667559	85703680	36045	0	32768	32768	False	60	49	chr16_rank50_score2.255_reads446	train
539	d9304a36-70c8-4f2c-892a-8204da5d6173	chr16	85667559	85703680	36045	3277	36045	32768	False	60	49	chr16_rank50_score2.255_reads446	train
560	3865f884-b59d-43ad-a5fa-40f186f628e7	chr16	56545648	56613913	66899	0	32768	32768	True	60	56	chr16_rank57_score2.076_reads432	train
561	3865f884-b59d-43ad-a5fa-40f186f628e7	chr16	56545648	56613913	66899	16384	49152	32768	True	60	56	chr16_rank57_score2.076_reads432	train
562	3865f884-b59d-43ad-a5fa-40f186f628e7	chr16	56545648	56613913	66899	32768	65536	32768	True	60	56	chr16_rank57_score2.076_reads432	train
563	3865f884-b59d-43ad-a5fa-40f186f628e7	chr16	56545648	56613913	66899	34131	66899	32768	True	60	56	chr16_rank57_score2.076_reads432	train
564	3865f884-b59d-43ad-a5fa-40f186f628e7	chr16	56545648	56613913	66899	49152	66899	17747	True	60	56	chr16_rank57_score2.076_reads432	train
565	3865f884-b59d-43ad-a5fa-40f186f628e7	chr16	56545648	56613913	66899	65536	66899	1363	True	60	56	chr16_rank57_score2.076_reads432	train
566	57dd9550-24f8-476a-a81a-9c1603f5815e	chr16	56555994	56610696	54336	0	32768	32768	False	60	56	chr16_rank57_score2.076_reads432	train
567	57dd9550-24f8-476a-a81a-9c1603f5815e	chr16	56555994	56610696	54336	16384	49152	32768	False	60	56	chr16_rank57_score2.076_reads432	train
568	57dd9550-24f8-476a-a81a-9c1603f5815e	chr16	56555994	56610696	54336	21568	54336	32768	False	60	56	chr16_rank57_score2.076_reads432	train
569	57dd9550-24f8-476a-a81a-9c1603f5815e	chr16	56555994	56610696	54336	32768	54336	21568	False	60	56	chr16_rank57_score2.076_reads432	train
570	0794ae40-304b-4df0-ab7b-7ea84e530548	chr16	89554689	89607089	52377	0	32768	32768	True	60	35	chr16_rank36_score2.544_reads359	train
571	0794ae40-304b-4df0-ab7b-7ea84e530548	chr16	89554689	89607089	52377	16384	49152	32768	True	60	35	chr16_rank36_score2.544_reads359	train
572	0794ae40-304b-4df0-ab7b-7ea84e530548	chr16	89554689	89607089	52377	19609	52377	32768	True	60	35	chr16_rank36_score2.544_reads359	train
573	0794ae40-304b-4df0-ab7b-7ea84e530548	chr16	89554689	89607089	52377	32768	52377	19609	True	60	35	chr16_rank36_score2.544_reads359	train
574	0794ae40-304b-4df0-ab7b-7ea84e530548	chr16	89554689	89607089	52377	49152	52377	3225	True	60	35	chr16_rank36_score2.544_reads359	train
575	3573233a-c658-4e17-a675-d1dbb30abb19	chr16	89560069	89601549	41181	0	32768	32768	True	60	35	chr16_rank36_score2.544_reads359	train
576	3573233a-c658-4e17-a675-d1dbb30abb19	chr16	89560069	89601549	41181	8413	41181	32768	True	60	35	chr16_rank36_score2.544_reads359	train
577	3573233a-c658-4e17-a675-d1dbb30abb19	chr16	89560069	89601549	41181	16384	41181	24797	True	60	35	chr16_rank36_score2.544_reads359	train
578	3573233a-c658-4e17-a675-d1dbb30abb19	chr16	89560069	89601549	41181	32768	41181	8413	True	60	35	chr16_rank36_score2.544_reads359	train
579	d54d5612-b0b3-48d7-9574-1b9c2e6d497e	chr16	89561401	89602792	41066	0	32768	32768	False	60	35	chr16_rank36_score2.544_reads359	train
580	4b316a58-27d5-412a-a081-db3f63627db5	chr16	89662162	89702229	39152	0	32768	32768	True	60	57	chr16_rank58_score2.068_reads389	train
581	4b316a58-27d5-412a-a081-db3f63627db5	chr16	89662162	89702229	39152	6384	39152	32768	True	60	57	chr16_rank58_score2.068_reads389	train
582	4b316a58-27d5-412a-a081-db3f63627db5	chr16	89662162	89702229	39152	16384	39152	22768	True	60	57	chr16_rank58_score2.068_reads389	train
583	4b316a58-27d5-412a-a081-db3f63627db5	chr16	89662162	89702229	39152	32768	39152	6384	True	60	57	chr16_rank58_score2.068_reads389	train
584	95bef504-24ea-414f-946d-c8e83c7cbe51	chr16	89669696	89711560	41692	0	32768	32768	True	60	57	chr16_rank58_score2.068_reads389	train
585	95bef504-24ea-414f-946d-c8e83c7cbe51	chr16	89669696	89711560	41692	8924	41692	32768	True	60	57	chr16_rank58_score2.068_reads389	train
586	95bef504-24ea-414f-946d-c8e83c7cbe51	chr16	89669696	89711560	41692	16384	41692	25308	True	60	57	chr16_rank58_score2.068_reads389	train
587	95bef504-24ea-414f-946d-c8e83c7cbe51	chr16	89669696	89711560	41692	32768	41692	8924	True	60	57	chr16_rank58_score2.068_reads389	train
588	d5e1384e-3979-400a-8df2-60ad5fb1669e	chr16	89676019	89719579	43267	0	32768	32768	True	60	57	chr16_rank58_score2.068_reads389	train
589	d5e1384e-3979-400a-8df2-60ad5fb1669e	chr16	89676019	89719579	43267	10499	43267	32768	True	60	57	chr16_rank58_score2.068_reads389	train
610	f6614610-ce31-4509-a11d-e141f53e1538	chr16	69042244	69123575	81022	0	32768	32768	True	60	61	chr16_rank62_score2.008_reads498	train
611	f6614610-ce31-4509-a11d-e141f53e1538	chr16	69042244	69123575	81022	16384	49152	32768	True	60	61	chr16_rank62_score2.008_reads498	train
612	f6614610-ce31-4509-a11d-e141f53e1538	chr16	69042244	69123575	81022	32768	65536	32768	True	60	61	chr16_rank62_score2.008_reads498	train
613	f6614610-ce31-4509-a11d-e141f53e1538	chr16	69042244	69123575	81022	48254	81022	32768	True	60	61	chr16_rank62_score2.008_reads498	train
614	f6614610-ce31-4509-a11d-e141f53e1538	chr16	69042244	69123575	81022	49152	81022	31870	True	60	61	chr16_rank62_score2.008_reads498	train
615	f6614610-ce31-4509-a11d-e141f53e1538	chr16	69042244	69123575	81022	65536	81022	15486	True	60	61	chr16_rank62_score2.008_reads498	train
616	82313812-2bbe-4bcc-9657-2f8545b8d080	chr16	69059044	69107981	48152	0	32768	32768	False	60	61	chr16_rank62_score2.008_reads498	train
617	82313812-2bbe-4bcc-9657-2f8545b8d080	chr16	69059044	69107981	48152	15384	48152	32768	False	60	61	chr16_rank62_score2.008_reads498	train
618	82313812-2bbe-4bcc-9657-2f8545b8d080	chr16	69059044	69107981	48152	16384	48152	31768	False	60	61	chr16_rank62_score2.008_reads498	train
619	82313812-2bbe-4bcc-9657-2f8545b8d080	chr16	69059044	69107981	48152	32768	48152	15384	False	60	61	chr16_rank62_score2.008_reads498	train
620	86979a0e-686f-43c0-a3a5-1e3ff90db062	chr16	30353489	30415023	61463	0	32768	32768	True	60	24	chr16_rank25_score2.958_reads417	train
621	86979a0e-686f-43c0-a3a5-1e3ff90db062	chr16	30353489	30415023	61463	16384	49152	32768	True	60	24	chr16_rank25_score2.958_reads417	train
622	86979a0e-686f-43c0-a3a5-1e3ff90db062	chr16	30353489	30415023	61463	28695	61463	32768	True	60	24	chr16_rank25_score2.958_reads417	train
623	86979a0e-686f-43c0-a3a5-1e3ff90db062	chr16	30353489	30415023	61463	32768	61463	28695	True	60	24	chr16_rank25_score2.958_reads417	train
624	86979a0e-686f-43c0-a3a5-1e3ff90db062	chr16	30353489	30415023	61463	49152	61463	12311	True	60	24	chr16_rank25_score2.958_reads417	train
625	6eaa747d-9d21-4ad9-b9f8-123ebb274f1d	chr16	30359448	30410773	51169	0	32768	32768	True	60	24	chr16_rank25_score2.958_reads417	train
626	6eaa747d-9d21-4ad9-b9f8-123ebb274f1d	chr16	30359448	30410773	51169	16384	49152	32768	True	60	24	chr16_rank25_score2.958_reads417	train
627	6eaa747d-9d21-4ad9-b9f8-123ebb274f1d	chr16	30359448	30410773	51169	18401	51169	32768	True	60	24	chr16_rank25_score2.958_reads417	train
628	6eaa747d-9d21-4ad9-b9f8-123ebb274f1d	chr16	30359448	30410773	51169	32768	51169	18401	True	60	24	chr16_rank25_score2.958_reads417	train
629	6eaa747d-9d21-4ad9-b9f8-123ebb274f1d	chr16	30359448	30410773	51169	49152	51169	2017	True	60	24	chr16_rank25_score2.958_reads417	train
630	ae2d7ed0-b0f9-4783-a677-96743204928a	chr16	81341849	81402451	59139	0	32768	32768	False	60	63	chr16_rank64_score1.972_reads429	train
631	ae2d7ed0-b0f9-4783-a677-96743204928a	chr16	81341849	81402451	59139	16384	49152	32768	False	60	63	chr16_rank64_score1.972_reads429	train
632	ae2d7ed0-b0f9-4783-a677-96743204928a	chr16	81341849	81402451	59139	26371	59139	32768	False	60	63	chr16_rank64_score1.972_reads429	train
633	ae2d7ed0-b0f9-4783-a677-96743204928a	chr16	81341849	81402451	59139	32768	59139	26371	False	60	63	chr16_rank64_score1.972_reads429	train
634	ae2d7ed0-b0f9-4783-a677-96743204928a	chr16	81341849	81402451	59139	49152	59139	9987	False	60	63	chr16_rank64_score1.972_reads429	train
635	dbe225ee-7a77-49c2-9c7b-2089be2671be	chr16	81357423	81407562	50065	0	32768	32768	False	60	63	chr16_rank64_score1.972_reads429	train
636	dbe225ee-7a77-49c2-9c7b-2089be2671be	chr16	81357423	81407562	50065	16384	49152	32768	False	60	63	chr16_rank64_score1.972_reads429	train
637	dbe225ee-7a77-49c2-9c7b-2089be2671be	chr16	81357423	81407562	50065	17297	50065	32768	False	60	63	chr16_rank64_score1.972_reads429	train
638	dbe225ee-7a77-49c2-9c7b-2089be2671be	chr16	81357423	81407562	50065	32768	50065	17297	False	60	63	chr16_rank64_score1.972_reads429	train
639	dbe225ee-7a77-49c2-9c7b-2089be2671be	chr16	81357423	81407562	50065	49152	50065	913	False	60	63	chr16_rank64_score1.972_reads429	train
650	007ba96e-89a0-4d2b-8e9f-274278a5d3c5	chr16	70551441	70625897	74309	0	32768	32768	False	60	65	chr16_rank66_score1.964_reads453	train
651	007ba96e-89a0-4d2b-8e9f-274278a5d3c5	chr16	70551441	70625897	74309	16384	49152	32768	False	60	65	chr16_rank66_score1.964_reads453	train
652	007ba96e-89a0-4d2b-8e9f-274278a5d3c5	chr16	70551441	70625897	74309	32768	65536	32768	False	60	65	chr16_rank66_score1.964_reads453	train
653	007ba96e-89a0-4d2b-8e9f-274278a5d3c5	chr16	70551441	70625897	74309	41541	74309	32768	False	60	65	chr16_rank66_score1.964_reads453	train
654	007ba96e-89a0-4d2b-8e9f-274278a5d3c5	chr16	70551441	70625897	74309	49152	74309	25157	False	60	65	chr16_rank66_score1.964_reads453	train
655	007ba96e-89a0-4d2b-8e9f-274278a5d3c5	chr16	70551441	70625897	74309	65536	74309	8773	False	60	65	chr16_rank66_score1.964_reads453	train
656	306b3f4c-efbb-4c79-8e9c-4a2e13cf023d	chr16	70551441	70625897	74760	0	32768	32768	True	60	65	chr16_rank66_score1.964_reads453	train
657	306b3f4c-efbb-4c79-8e9c-4a2e13cf023d	chr16	70551441	70625897	74760	16384	49152	32768	True	60	65	chr16_rank66_score1.964_reads453	train
658	306b3f4c-efbb-4c79-8e9c-4a2e13cf023d	chr16	70551441	70625897	74760	32768	65536	32768	True	60	65	chr16_rank66_score1.964_reads453	train
659	306b3f4c-efbb-4c79-8e9c-4a2e13cf023d	chr16	70551441	70625897	74760	41992	74760	32768	True	60	65	chr16_rank66_score1.964_reads453	train
670	d3135952-d564-431d-aa6d-5a9169212d95	chr16	1571338	1620195	49133	0	32768	32768	True	60	67	chr16_rank68_score1.955_reads400	train
671	d3135952-d564-431d-aa6d-5a9169212d95	chr16	1571338	1620195	49133	16365	49133	32768	True	60	67	chr16_rank68_score1.955_reads400	train
672	d3135952-d564-431d-aa6d-5a9169212d95	chr16	1571338	1620195	49133	16384	49133	32749	True	60	67	chr16_rank68_score1.955_reads400	train
673	d3135952-d564-431d-aa6d-5a9169212d95	chr16	1571338	1620195	49133	32768	49133	16365	True	60	67	chr16_rank68_score1.955_reads400	train
674	da19bd49-4ca3-4edf-a375-4f9853aefc98	chr16	1573245	1609235	36073	0	32768	32768	False	60	67	chr16_rank68_score1.955_reads400	train
675	da19bd49-4ca3-4edf-a375-4f9853aefc98	chr16	1573245	1609235	36073	3305	36073	32768	False	60	67	chr16_rank68_score1.955_reads400	train
676	da19bd49-4ca3-4edf-a375-4f9853aefc98	chr16	1573245	1609235	36073	16384	36073	19689	False	60	67	chr16_rank68_score1.955_reads400	train
677	da19bd49-4ca3-4edf-a375-4f9853aefc98	chr16	1573245	1609235	36073	32768	36073	3305	False	60	67	chr16_rank68_score1.955_reads400	train
678	314b1e53-84db-4864-97a9-882b8e914daa	chr16	1574012	1615594	41835	0	32768	32768	True	60	67	chr16_rank68_score1.955_reads400	train
679	314b1e53-84db-4864-97a9-882b8e914daa	chr16	1574012	1615594	41835	9067	41835	32768	True	60	67	chr16_rank68_score1.955_reads400	train
690	00cb6f04-b83f-45b9-beec-d6215ec265e2	chr16	21460458	21507534	46970	0	32768	32768	False	60	69	chr16_rank70_score1.939_reads411	train
691	00cb6f04-b83f-45b9-beec-d6215ec265e2	chr16	21460458	21507534	46970	14202	46970	32768	False	60	69	chr16_rank70_score1.939_reads411	train
692	00cb6f04-b83f-45b9-beec-d6215ec265e2	chr16	21460458	21507534	46970	16384	46970	30586	False	60	69	chr16_rank70_score1.939_reads411	train
693	00cb6f04-b83f-45b9-beec-d6215ec265e2	chr16	21460458	21507534	46970	32768	46970	14202	False	60	69	chr16_rank70_score1.939_reads411	train
694	18b914b7-0533-4fb5-91bf-2c985d380dad	chr16	21463252	21500914	37533	0	32768	32768	False	60	69	chr16_rank70_score1.939_reads411	train
695	18b914b7-0533-4fb5-91bf-2c985d380dad	chr16	21463252	21500914	37533	4765	37533	32768	False	60	69	chr16_rank70_score1.939_reads411	train
696	18b914b7-0533-4fb5-91bf-2c985d380dad	chr16	21463252	21500914	37533	16384	37533	21149	False	60	69	chr16_rank70_score1.939_reads411	train
697	18b914b7-0533-4fb5-91bf-2c985d380dad	chr16	21463252	21500914	37533	32768	37533	4765	False	60	69	chr16_rank70_score1.939_reads411	train
698	b845381f-2977-4e00-8f59-241fffdff57b	chr16	21466329	21530559	64113	0	32768	32768	True	60	69	chr16_rank70_score1.939_reads411	train
699	b845381f-2977-4e00-8f59-241fffdff57b	chr16	21466329	21530559	64113	16384	49152	32768	True	60	69	chr16_rank70_score1.939_reads411	train
710	164da638-7572-4df0-abcf-e67b2219bbb7	chr16	66840869	66914584	73544	0	32768	32768	False	60	71	chr16_rank72_score1.922_reads389	train
711	164da638-7572-4df0-abcf-e67b2219bbb7	chr16	66840869	66914584	73544	16384	49152	32768	False	60	71	chr16_rank72_score1.922_reads389	train
712	164da638-7572-4df0-abcf-e67b2219bbb7	chr16	66840869	66914584	73544	32768	65536	32768	False	60	71	chr16_rank72_score1.922_reads389	train
713	164da638-7572-4df0-abcf-e67b2219bbb7	chr16	66840869	66914584	73544	40776	73544	32768	False	60	71	chr16_rank72_score1.922_reads389	train
714	164da638-7572-4df0-abcf-e67b2219bbb7	chr16	66840869	66914584	73544	49152	73544	24392	False	60	71	chr16_rank72_score1.922_reads389	train
715	164da638-7572-4df0-abcf-e67b2219bbb7	chr16	66840869	66914584	73544	65536	73544	8008	False	60	71	chr16_rank72_score1.922_reads389	train
716	cb08734d-f090-4c28-9cc8-43064777073f	chr16	66862538	66909037	46195	0	32768	32768	False	60	71	chr16_rank72_score1.922_reads389	train
717	cb08734d-f090-4c28-9cc8-43064777073f	chr16	66862538	66909037	46195	13427	46195	32768	False	60	71	chr16_rank72_score1.922_reads389	train
718	cb08734d-f090-4c28-9cc8-43064777073f	chr16	66862538	66909037	46195	16384	46195	29811	False	60	71	chr16_rank72_score1.922_reads389	train
719	cb08734d-f090-4c28-9cc8-43064777073f	chr16	66862538	66909037	46195	32768	46195	13427	False	60	71	chr16_rank72_score1.922_reads389	train
720	2cc8c6ce-a2c2-47fb-a7dd-ac402af726e9	chr16	57762774	57800270	37439	0	32768	32768	True	60	38	chr16_rank39_score2.451_reads398	train
721	2cc8c6ce-a2c2-47fb-a7dd-ac402af726e9	chr16	57762774	57800270	37439	4671	37439	32768	True	60	38	chr16_rank39_score2.451_reads398	train
722	2cc8c6ce-a2c2-47fb-a7dd-ac402af726e9	chr16	57762774	57800270	37439	16384	37439	21055	True	60	38	chr16_rank39_score2.451_reads398	train
723	2cc8c6ce-a2c2-47fb-a7dd-ac402af726e9	chr16	57762774	57800270	37439	32768	37439	4671	True	60	38	chr16_rank39_score2.451_reads398	train
724	02095a6f-caf1-400e-967e-e30c325162f4	chr16	57768777	57803537	34521	0	32768	32768	False	60	38	chr16_rank39_score2.451_reads398	train
725	02095a6f-caf1-400e-967e-e30c325162f4	chr16	57768777	57803537	34521	1753	34521	32768	False	60	38	chr16_rank39_score2.451_reads398	train
726	02095a6f-caf1-400e-967e-e30c325162f4	chr16	57768777	57803537	34521	16384	34521	18137	False	60	38	chr16_rank39_score2.451_reads398	train
727	02095a6f-caf1-400e-967e-e30c325162f4	chr16	57768777	57803537	34521	32768	34521	1753	False	60	38	chr16_rank39_score2.451_reads398	train
728	8d7bc94e-9af0-4404-858f-e3458d2fd452	chr16	57769056	57819573	50439	0	32768	32768	False	60	38	chr16_rank39_score2.451_reads398	train
729	8d7bc94e-9af0-4404-858f-e3458d2fd452	chr16	57769056	57819573	50439	16384	49152	32768	False	60	38	chr16_rank39_score2.451_reads398	train
730	4770d5d2-1c0d-49fa-b8be-dbc6a88578b0	chr16	89760384	89804465	43999	0	32768	32768	True	60	58	chr16_rank59_score2.043_reads413	train
731	4770d5d2-1c0d-49fa-b8be-dbc6a88578b0	chr16	89760384	89804465	43999	11231	43999	32768	True	60	58	chr16_rank59_score2.043_reads413	train
732	4770d5d2-1c0d-49fa-b8be-dbc6a88578b0	chr16	89760384	89804465	43999	16384	43999	27615	True	60	58	chr16_rank59_score2.043_reads413	train
733	4770d5d2-1c0d-49fa-b8be-dbc6a88578b0	chr16	89760384	89804465	43999	32768	43999	11231	True	60	58	chr16_rank59_score2.043_reads413	train
734	8674029e-3be7-44f7-97ea-60a28afae466	chr16	89762033	89804465	44394	0	32768	32768	False	60	58	chr16_rank59_score2.043_reads413	train
735	8674029e-3be7-44f7-97ea-60a28afae466	chr16	89762033	89804465	44394	11626	44394	32768	False	60	58	chr16_rank59_score2.043_reads413	train
736	8674029e-3be7-44f7-97ea-60a28afae466	chr16	89762033	89804465	44394	16384	44394	28010	False	60	58	chr16_rank59_score2.043_reads413	train
737	8674029e-3be7-44f7-97ea-60a28afae466	chr16	89762033	89804465	44394	32768	44394	11626	False	60	58	chr16_rank59_score2.043_reads413	train
738	df9a01c7-d026-4bc3-980a-bd75f412aa82	chr16	89770427	89810887	40387	0	32768	32768	False	60	58	chr16_rank59_score2.043_reads413	train
739	df9a01c7-d026-4bc3-980a-bd75f412aa82	chr16	89770427	89810887	40387	7619	40387	32768	False	60	58	chr16_rank59_score2.043_reads413	train
750	bd6a0cb6-be59-456d-bcb5-634c231ab1c3	chr16	87247486	87308665	93166	0	32768	32768	False	60	75	chr16_rank76_score1.877_reads439	train
751	bd6a0cb6-be59-456d-bcb5-634c231ab1c3	chr16	87247486	87308665	93166	16384	49152	32768	False	60	75	chr16_rank76_score1.877_reads439	train
752	bd6a0cb6-be59-456d-bcb5-634c231ab1c3	chr16	87247486	87308665	93166	32768	65536	32768	False	60	75	chr16_rank76_score1.877_reads439	train
753	bd6a0cb6-be59-456d-bcb5-634c231ab1c3	chr16	87247486	87308665	93166	49152	81920	32768	False	60	75	chr16_rank76_score1.877_reads439	train
754	bd6a0cb6-be59-456d-bcb5-634c231ab1c3	chr16	87247486	87308665	93166	60398	93166	32768	False	60	75	chr16_rank76_score1.877_reads439	train
755	bd6a0cb6-be59-456d-bcb5-634c231ab1c3	chr16	87247486	87308665	93166	65536	93166	27630	False	60	75	chr16_rank76_score1.877_reads439	train
756	bd6a0cb6-be59-456d-bcb5-634c231ab1c3	chr16	87247486	87308665	93166	81920	93166	11246	False	60	75	chr16_rank76_score1.877_reads439	train
757	768bc480-05af-4cad-bd40-6f995bac68cd	chr16	87257140	87304026	46834	0	32768	32768	True	60	75	chr16_rank76_score1.877_reads439	train
758	768bc480-05af-4cad-bd40-6f995bac68cd	chr16	87257140	87304026	46834	14066	46834	32768	True	60	75	chr16_rank76_score1.877_reads439	train
759	768bc480-05af-4cad-bd40-6f995bac68cd	chr16	87257140	87304026	46834	16384	46834	30450	True	60	75	chr16_rank76_score1.877_reads439	train
760	304829ec-c13b-4539-8dc0-c785fd5ff5fd	chr16	84559047	84604420	41909	0	32768	32768	True	48	76	chr16_rank77_score1.839_reads433	train
761	304829ec-c13b-4539-8dc0-c785fd5ff5fd	chr16	84559047	84604420	41909	9141	41909	32768	True	48	76	chr16_rank77_score1.839_reads433	train
762	304829ec-c13b-4539-8dc0-c785fd5ff5fd	chr16	84559047	84604420	41909	16384	41909	25525	True	48	76	chr16_rank77_score1.839_reads433	train
763	304829ec-c13b-4539-8dc0-c785fd5ff5fd	chr16	84559047	84604420	41909	32768	41909	9141	True	48	76	chr16_rank77_score1.839_reads433	train
764	478a6ddb-f9bb-4c0d-aa7a-331ab8d1bfe1	chr16	84559520	84601161	41626	0	32768	32768	True	60	76	chr16_rank77_score1.839_reads433	train
765	478a6ddb-f9bb-4c0d-aa7a-331ab8d1bfe1	chr16	84559520	84601161	41626	8858	41626	32768	True	60	76	chr16_rank77_score1.839_reads433	train
766	478a6ddb-f9bb-4c0d-aa7a-331ab8d1bfe1	chr16	84559520	84601161	41626	16384	41626	25242	True	60	76	chr16_rank77_score1.839_reads433	train
767	478a6ddb-f9bb-4c0d-aa7a-331ab8d1bfe1	chr16	84559520	84601161	41626	32768	41626	8858	True	60	76	chr16_rank77_score1.839_reads433	train
768	6a2eae34-4e58-4c60-a7bd-f92db0b921dd	chr16	84562486	84609242	46456	0	32768	32768	True	60	76	chr16_rank77_score1.839_reads433	train
769	6a2eae34-4e58-4c60-a7bd-f92db0b921dd	chr16	84562486	84609242	46456	13688	46456	32768	True	60	76	chr16_rank77_score1.839_reads433	train
790	9148f79b-9945-4772-af47-0ac0455a42cd	chr16	4654032	4726407	69141	0	32768	32768	True	60	42	chr16_rank43_score2.346_reads399	train
791	9148f79b-9945-4772-af47-0ac0455a42cd	chr16	4654032	4726407	69141	16384	49152	32768	True	60	42	chr16_rank43_score2.346_reads399	train
792	9148f79b-9945-4772-af47-0ac0455a42cd	chr16	4654032	4726407	69141	32768	65536	32768	True	60	42	chr16_rank43_score2.346_reads399	train
793	9148f79b-9945-4772-af47-0ac0455a42cd	chr16	4654032	4726407	69141	36373	69141	32768	True	60	42	chr16_rank43_score2.346_reads399	train
794	9148f79b-9945-4772-af47-0ac0455a42cd	chr16	4654032	4726407	69141	49152	69141	19989	True	60	42	chr16_rank43_score2.346_reads399	train
795	9148f79b-9945-4772-af47-0ac0455a42cd	chr16	4654032	4726407	69141	65536	69141	3605	True	60	42	chr16_rank43_score2.346_reads399	train
796	4629554b-a87d-4899-80c5-52abc467f019	chr16	4659145	4703843	44396	0	32768	32768	True	60	42	chr16_rank43_score2.346_reads399	train
797	4629554b-a87d-4899-80c5-52abc467f019	chr16	4659145	4703843	44396	11628	44396	32768	True	60	42	chr16_rank43_score2.346_reads399	train
798	4629554b-a87d-4899-80c5-52abc467f019	chr16	4659145	4703843	44396	16384	44396	28012	True	60	42	chr16_rank43_score2.346_reads399	train
799	4629554b-a87d-4899-80c5-52abc467f019	chr16	4659145	4703843	44396	32768	44396	11628	True	60	42	chr16_rank43_score2.346_reads399	train
800	bd797678-0b9a-4eab-b09f-8e69015409e9	chr16	88942378	89006481	64435	0	32768	32768	True	60	82	chr16_rank83_score1.765_reads386	train
801	bd797678-0b9a-4eab-b09f-8e69015409e9	chr16	88942378	89006481	64435	16384	49152	32768	True	60	82	chr16_rank83_score1.765_reads386	train
802	bd797678-0b9a-4eab-b09f-8e69015409e9	chr16	88942378	89006481	64435	31667	64435	32768	True	60	82	chr16_rank83_score1.765_reads386	train
803	bd797678-0b9a-4eab-b09f-8e69015409e9	chr16	88942378	89006481	64435	32768	64435	31667	True	60	82	chr16_rank83_score1.765_reads386	train
804	bd797678-0b9a-4eab-b09f-8e69015409e9	chr16	88942378	89006481	64435	49152	64435	15283	True	60	82	chr16_rank83_score1.765_reads386	train
805	95a3fc52-0de3-4a7f-8de9-2bba7a726ee9	chr16	88942942	89007294	65049	0	32768	32768	False	60	82	chr16_rank83_score1.765_reads386	train
806	95a3fc52-0de3-4a7f-8de9-2bba7a726ee9	chr16	88942942	89007294	65049	16384	49152	32768	False	60	82	chr16_rank83_score1.765_reads386	train
807	95a3fc52-0de3-4a7f-8de9-2bba7a726ee9	chr16	88942942	89007294	65049	32281	65049	32768	False	60	82	chr16_rank83_score1.765_reads386	train
808	95a3fc52-0de3-4a7f-8de9-2bba7a726ee9	chr16	88942942	89007294	65049	32768	65049	32281	False	60	82	chr16_rank83_score1.765_reads386	train
809	95a3fc52-0de3-4a7f-8de9-2bba7a726ee9	chr16	88942942	89007294	65049	49152	65049	15897	False	60	82	chr16_rank83_score1.765_reads386	train
810	21cf37e0-3338-48fd-8a6d-fa398c0713c6	chr16	56956934	57008767	51704	0	32768	32768	False	60	81	chr16_rank82_score1.790_reads493	train
811	21cf37e0-3338-48fd-8a6d-fa398c0713c6	chr16	56956934	57008767	51704	16384	49152	32768	False	60	81	chr16_rank82_score1.790_reads493	train
812	21cf37e0-3338-48fd-8a6d-fa398c0713c6	chr16	56956934	57008767	51704	18936	51704	32768	False	60	81	chr16_rank82_score1.790_reads493	train
813	21cf37e0-3338-48fd-8a6d-fa398c0713c6	chr16	56956934	57008767	51704	32768	51704	18936	False	60	81	chr16_rank82_score1.790_reads493	train
814	21cf37e0-3338-48fd-8a6d-fa398c0713c6	chr16	56956934	57008767	51704	49152	51704	2552	False	60	81	chr16_rank82_score1.790_reads493	train
815	5091d253-583d-4cdd-af32-06bdaa02c087	chr16	56958697	57006001	47107	0	32768	32768	False	60	81	chr16_rank82_score1.790_reads493	train
816	5091d253-583d-4cdd-af32-06bdaa02c087	chr16	56958697	57006001	47107	14339	47107	32768	False	60	81	chr16_rank82_score1.790_reads493	train
817	5091d253-583d-4cdd-af32-06bdaa02c087	chr16	56958697	57006001	47107	16384	47107	30723	False	60	81	chr16_rank82_score1.790_reads493	train
818	5091d253-583d-4cdd-af32-06bdaa02c087	chr16	56958697	57006001	47107	32768	47107	14339	False	60	81	chr16_rank82_score1.790_reads493	train
819	af1bf698-c468-457f-bd2a-0e827812b8a3	chr16	56964351	57006072	57186	0	32768	32768	True	60	81	chr16_rank82_score1.790_reads493	train
829	a472066e-06a0-4f96-9860-e2449d833cf0	chr16	88874427	88940121	65398	0	32768	32768	False	60	82	chr16_rank83_score1.765_reads386	train
840	ec115846-e237-4af6-9c40-4f1acd1ab5b6	chr16	40599	101616	60587	0	32768	32768	True	60	47	chr16_rank48_score2.279_reads326	train
841	ec115846-e237-4af6-9c40-4f1acd1ab5b6	chr16	40599	101616	60587	16384	49152	32768	True	60	47	chr16_rank48_score2.279_reads326	train
842	ec115846-e237-4af6-9c40-4f1acd1ab5b6	chr16	40599	101616	60587	27819	60587	32768	True	60	47	chr16_rank48_score2.279_reads326	train
843	ec115846-e237-4af6-9c40-4f1acd1ab5b6	chr16	40599	101616	60587	32768	60587	27819	True	60	47	chr16_rank48_score2.279_reads326	train
844	ec115846-e237-4af6-9c40-4f1acd1ab5b6	chr16	40599	101616	60587	49152	60587	11435	True	60	47	chr16_rank48_score2.279_reads326	train
845	3ae8c533-37c1-4777-92c3-36cba44046b8	chr16	51846	108031	56147	0	32768	32768	False	60	47	chr16_rank48_score2.279_reads326	train
846	3ae8c533-37c1-4777-92c3-36cba44046b8	chr16	51846	108031	56147	16384	49152	32768	False	60	47	chr16_rank48_score2.279_reads326	train
847	3ae8c533-37c1-4777-92c3-36cba44046b8	chr16	51846	108031	56147	23379	56147	32768	False	60	47	chr16_rank48_score2.279_reads326	train
848	3ae8c533-37c1-4777-92c3-36cba44046b8	chr16	51846	108031	56147	32768	56147	23379	False	60	47	chr16_rank48_score2.279_reads326	train
849	3ae8c533-37c1-4777-92c3-36cba44046b8	chr16	51846	108031	56147	49152	56147	6995	False	60	47	chr16_rank48_score2.279_reads326	train
850	b9d6e739-407f-4615-96ea-efd993cf481c	chr16	57064471	57102924	37492	0	32768	32768	False	60	81	chr16_rank82_score1.790_reads493	train
851	b9d6e739-407f-4615-96ea-efd993cf481c	chr16	57064471	57102924	37492	4724	37492	32768	False	60	81	chr16_rank82_score1.790_reads493	train
852	b9d6e739-407f-4615-96ea-efd993cf481c	chr16	57064471	57102924	37492	16384	37492	21108	False	60	81	chr16_rank82_score1.790_reads493	train
853	b9d6e739-407f-4615-96ea-efd993cf481c	chr16	57064471	57102924	37492	32768	37492	4724	False	60	81	chr16_rank82_score1.790_reads493	train
854	fa1d7dc6-8cf1-4610-9940-355a1756000f	chr16	57065807	57107366	40697	0	32768	32768	True	60	81	chr16_rank82_score1.790_reads493	train
855	fa1d7dc6-8cf1-4610-9940-355a1756000f	chr16	57065807	57107366	40697	7929	40697	32768	True	60	81	chr16_rank82_score1.790_reads493	train
856	fa1d7dc6-8cf1-4610-9940-355a1756000f	chr16	57065807	57107366	40697	16384	40697	24313	True	60	81	chr16_rank82_score1.790_reads493	train
857	fa1d7dc6-8cf1-4610-9940-355a1756000f	chr16	57065807	57107366	40697	32768	40697	7929	True	60	81	chr16_rank82_score1.790_reads493	train
858	0ceae5dd-8a85-43f1-8741-9df6b4ec1731	chr16	57070893	57127074	55920	0	32768	32768	False	60	81	chr16_rank82_score1.790_reads493	train
859	0ceae5dd-8a85-43f1-8741-9df6b4ec1731	chr16	57070893	57127074	55920	16384	49152	32768	False	60	81	chr16_rank82_score1.790_reads493	train
860	2f33c2cf-eecd-4fff-b90e-af543f21029b	chr16	23410484	23504569	92735	0	32768	32768	True	60	86	chr16_rank87_score1.735_reads451	train
861	2f33c2cf-eecd-4fff-b90e-af543f21029b	chr16	23410484	23504569	92735	16384	49152	32768	True	60	86	chr16_rank87_score1.735_reads451	train
862	2f33c2cf-eecd-4fff-b90e-af543f21029b	chr16	23410484	23504569	92735	32768	65536	32768	True	60	86	chr16_rank87_score1.735_reads451	train
863	2f33c2cf-eecd-4fff-b90e-af543f21029b	chr16	23410484	23504569	92735	49152	81920	32768	True	60	86	chr16_rank87_score1.735_reads451	train
864	2f33c2cf-eecd-4fff-b90e-af543f21029b	chr16	23410484	23504569	92735	59967	92735	32768	True	60	86	chr16_rank87_score1.735_reads451	train
865	2f33c2cf-eecd-4fff-b90e-af543f21029b	chr16	23410484	23504569	92735	65536	92735	27199	True	60	86	chr16_rank87_score1.735_reads451	train
866	2f33c2cf-eecd-4fff-b90e-af543f21029b	chr16	23410484	23504569	92735	81920	92735	10815	True	60	86	chr16_rank87_score1.735_reads451	train
867	c54c7d48-7341-4e1f-a44d-5efc418c8a7a	chr16	23457257	23516745	56522	0	32768	32768	False	31	86	chr16_rank87_score1.735_reads451	train
868	c54c7d48-7341-4e1f-a44d-5efc418c8a7a	chr16	23457257	23516745	56522	16384	49152	32768	False	31	86	chr16_rank87_score1.735_reads451	train
869	c54c7d48-7341-4e1f-a44d-5efc418c8a7a	chr16	23457257	23516745	56522	23754	56522	32768	False	31	86	chr16_rank87_score1.735_reads451	train
870	552c5791-0620-47f2-a59c-a8f938f9b06c	chr16	850364	906545	57530	0	32768	32768	True	60	87	chr16_rank88_score1.722_reads380	train
871	552c5791-0620-47f2-a59c-a8f938f9b06c	chr16	850364	906545	57530	16384	49152	32768	True	60	87	chr16_rank88_score1.722_reads380	train
872	552c5791-0620-47f2-a59c-a8f938f9b06c	chr16	850364	906545	57530	24762	57530	32768	True	60	87	chr16_rank88_score1.722_reads380	train
873	552c5791-0620-47f2-a59c-a8f938f9b06c	chr16	850364	906545	57530	32768	57530	24762	True	60	87	chr16_rank88_score1.722_reads380	train
874	552c5791-0620-47f2-a59c-a8f938f9b06c	chr16	850364	906545	57530	49152	57530	8378	True	60	87	chr16_rank88_score1.722_reads380	train
875	a3d24007-a272-404f-8bda-424ace6f9cc0	chr16	857502	902041	45664	0	32768	32768	False	60	87	chr16_rank88_score1.722_reads380	train
876	a3d24007-a272-404f-8bda-424ace6f9cc0	chr16	857502	902041	45664	12896	45664	32768	False	60	87	chr16_rank88_score1.722_reads380	train
877	a3d24007-a272-404f-8bda-424ace6f9cc0	chr16	857502	902041	45664	16384	45664	29280	False	60	87	chr16_rank88_score1.722_reads380	train
878	a3d24007-a272-404f-8bda-424ace6f9cc0	chr16	857502	902041	45664	32768	45664	12896	False	60	87	chr16_rank88_score1.722_reads380	train
879	99e86f45-9ca2-4dcf-82b6-82636869201d	chr16	857594	902055	45397	0	32768	32768	True	60	87	chr16_rank88_score1.722_reads380	train
880	02d5695a-5fee-4a49-8e9b-3ac0388ab409	chr16	88242486	88305406	62716	0	32768	32768	False	60	88	chr16_rank89_score1.722_reads415	train
881	02d5695a-5fee-4a49-8e9b-3ac0388ab409	chr16	88242486	88305406	62716	16384	49152	32768	False	60	88	chr16_rank89_score1.722_reads415	train
882	02d5695a-5fee-4a49-8e9b-3ac0388ab409	chr16	88242486	88305406	62716	29948	62716	32768	False	60	88	chr16_rank89_score1.722_reads415	train
883	02d5695a-5fee-4a49-8e9b-3ac0388ab409	chr16	88242486	88305406	62716	32768	62716	29948	False	60	88	chr16_rank89_score1.722_reads415	train
884	02d5695a-5fee-4a49-8e9b-3ac0388ab409	chr16	88242486	88305406	62716	49152	62716	13564	False	60	88	chr16_rank89_score1.722_reads415	train
885	1cce4fa1-dfd1-4369-a39e-2ea011010bdf	chr16	88264666	88300523	35647	0	32768	32768	False	60	88	chr16_rank89_score1.722_reads415	train
886	1cce4fa1-dfd1-4369-a39e-2ea011010bdf	chr16	88264666	88300523	35647	2879	35647	32768	False	60	88	chr16_rank89_score1.722_reads415	train
887	1cce4fa1-dfd1-4369-a39e-2ea011010bdf	chr16	88264666	88300523	35647	16384	35647	19263	False	60	88	chr16_rank89_score1.722_reads415	train
888	1cce4fa1-dfd1-4369-a39e-2ea011010bdf	chr16	88264666	88300523	35647	32768	35647	2879	False	60	88	chr16_rank89_score1.722_reads415	train
889	f119810b-bada-4113-a699-e3d7de7af2fc	chr16	88267860	88300575	30996	0	30996	30996	False	60	88	chr16_rank89_score1.722_reads415	train
900	619e007d-da07-4ff3-aaaf-dd2856c3f9a0	chr16	89046785	89104217	57553	0	32768	32768	True	60	80	chr16_rank81_score1.801_reads391	train
901	619e007d-da07-4ff3-aaaf-dd2856c3f9a0	chr16	89046785	89104217	57553	16384	49152	32768	True	60	80	chr16_rank81_score1.801_reads391	train
902	619e007d-da07-4ff3-aaaf-dd2856c3f9a0	chr16	89046785	89104217	57553	24785	57553	32768	True	60	80	chr16_rank81_score1.801_reads391	train
903	619e007d-da07-4ff3-aaaf-dd2856c3f9a0	chr16	89046785	89104217	57553	32768	57553	24785	True	60	80	chr16_rank81_score1.801_reads391	train
904	619e007d-da07-4ff3-aaaf-dd2856c3f9a0	chr16	89046785	89104217	57553	49152	57553	8401	True	60	80	chr16_rank81_score1.801_reads391	train
905	f3e0c69b-23c2-4c26-b5ee-da7b128814f9	chr16	89053632	89109916	56452	0	32768	32768	True	60	80	chr16_rank81_score1.801_reads391	train
906	f3e0c69b-23c2-4c26-b5ee-da7b128814f9	chr16	89053632	89109916	56452	16384	49152	32768	True	60	80	chr16_rank81_score1.801_reads391	train
907	f3e0c69b-23c2-4c26-b5ee-da7b128814f9	chr16	89053632	89109916	56452	23684	56452	32768	True	60	80	chr16_rank81_score1.801_reads391	train
908	f3e0c69b-23c2-4c26-b5ee-da7b128814f9	chr16	89053632	89109916	56452	32768	56452	23684	True	60	80	chr16_rank81_score1.801_reads391	train
909	f3e0c69b-23c2-4c26-b5ee-da7b128814f9	chr16	89053632	89109916	56452	49152	56452	7300	True	60	80	chr16_rank81_score1.801_reads391	train
910	bd14c477-0ac6-4a34-b6c1-e2e360071b85	chr16	15869505	15900232	30593	0	30593	30593	False	60	91	chr16_rank92_score1.648_reads437	train
911	ce380255-cd77-4db3-9092-fdea4e3a5de8	chr16	15870423	15918949	47178	0	32768	32768	False	60	91	chr16_rank92_score1.648_reads437	train
912	ce380255-cd77-4db3-9092-fdea4e3a5de8	chr16	15870423	15918949	47178	14410	47178	32768	False	60	91	chr16_rank92_score1.648_reads437	train
913	ce380255-cd77-4db3-9092-fdea4e3a5de8	chr16	15870423	15918949	47178	16384	47178	30794	False	60	91	chr16_rank92_score1.648_reads437	train
914	ce380255-cd77-4db3-9092-fdea4e3a5de8	chr16	15870423	15918949	47178	32768	47178	14410	False	60	91	chr16_rank92_score1.648_reads437	train
915	583ebc8c-7538-456f-88c2-c407c140cd00	chr16	15875031	15902702	27632	0	27632	27632	False	60	91	chr16_rank92_score1.648_reads437	train
916	6bf6d465-ed9a-4386-b672-f4773103728c	chr16	15875233	15901116	25823	0	25823	25823	True	60	91	chr16_rank92_score1.648_reads437	train
917	b438add4-9e7d-40c3-8f0b-1ac466603a25	chr16	15878833	15908090	28891	0	28891	28891	False	60	91	chr16_rank92_score1.648_reads437	train
918	f4173803-5c19-4ae9-94ab-90d9e2615669	chr16	15879872	15901108	20466	0	20466	20466	True	60	91	chr16_rank92_score1.648_reads437	train
919	5fb86522-4d68-4761-bd26-a380a63edad7	chr16	15882868	15913543	30532	0	30532	30532	True	60	91	chr16_rank92_score1.648_reads437	train
920	8011d377-4c9a-48a4-af6e-cbd610239dbc	chr16	2557505	2619037	61496	0	32768	32768	True	60	66	chr16_rank67_score1.959_reads333	train
921	8011d377-4c9a-48a4-af6e-cbd610239dbc	chr16	2557505	2619037	61496	16384	49152	32768	True	60	66	chr16_rank67_score1.959_reads333	train
922	8011d377-4c9a-48a4-af6e-cbd610239dbc	chr16	2557505	2619037	61496	28728	61496	32768	True	60	66	chr16_rank67_score1.959_reads333	train
923	8011d377-4c9a-48a4-af6e-cbd610239dbc	chr16	2557505	2619037	61496	32768	61496	28728	True	60	66	chr16_rank67_score1.959_reads333	train
924	8011d377-4c9a-48a4-af6e-cbd610239dbc	chr16	2557505	2619037	61496	49152	61496	12344	True	60	66	chr16_rank67_score1.959_reads333	train
925	9997ab0e-0790-43a4-84f4-c8b994d0e3e3	chr16	2561941	2631470	69421	0	32768	32768	False	60	66	chr16_rank67_score1.959_reads333	train
926	9997ab0e-0790-43a4-84f4-c8b994d0e3e3	chr16	2561941	2631470	69421	16384	49152	32768	False	60	66	chr16_rank67_score1.959_reads333	train
927	9997ab0e-0790-43a4-84f4-c8b994d0e3e3	chr16	2561941	2631470	69421	32768	65536	32768	False	60	66	chr16_rank67_score1.959_reads333	train
928	9997ab0e-0790-43a4-84f4-c8b994d0e3e3	chr16	2561941	2631470	69421	36653	69421	32768	False	60	66	chr16_rank67_score1.959_reads333	train
929	9997ab0e-0790-43a4-84f4-c8b994d0e3e3	chr16	2561941	2631470	69421	49152	69421	20269	False	60	66	chr16_rank67_score1.959_reads333	train
940	1f251c23-b4d9-4b0a-be00-ad2a6d536bce	chr16	363558	404860	43929	0	32768	32768	False	60	26	chr16_rank27_score2.856_reads402	train
941	1f251c23-b4d9-4b0a-be00-ad2a6d536bce	chr16	363558	404860	43929	11161	43929	32768	False	60	26	chr16_rank27_score2.856_reads402	train
942	1f251c23-b4d9-4b0a-be00-ad2a6d536bce	chr16	363558	404860	43929	16384	43929	27545	False	60	26	chr16_rank27_score2.856_reads402	train
943	1f251c23-b4d9-4b0a-be00-ad2a6d536bce	chr16	363558	404860	43929	32768	43929	11161	False	60	26	chr16_rank27_score2.856_reads402	train
944	ac45d48e-016a-4e83-8fc9-338e79f42b49	chr16	368891	408649	40797	0	32768	32768	False	60	26	chr16_rank27_score2.856_reads402	train
945	ac45d48e-016a-4e83-8fc9-338e79f42b49	chr16	368891	408649	40797	8029	40797	32768	False	60	26	chr16_rank27_score2.856_reads402	train
946	ac45d48e-016a-4e83-8fc9-338e79f42b49	chr16	368891	408649	40797	16384	40797	24413	False	60	26	chr16_rank27_score2.856_reads402	train
947	ac45d48e-016a-4e83-8fc9-338e79f42b49	chr16	368891	408649	40797	32768	40797	8029	False	60	26	chr16_rank27_score2.856_reads402	train
948	99b10d34-54cc-4606-9871-cf769c90aac5	chr16	371892	417632	46034	0	32768	32768	False	60	26	chr16_rank27_score2.856_reads402	train
949	99b10d34-54cc-4606-9871-cf769c90aac5	chr16	371892	417632	46034	13266	46034	32768	False	60	26	chr16_rank27_score2.856_reads402	train
960	5701c253-7cdf-4ce3-b618-6a642b069df3	chr16	68152616	68215668	62969	0	32768	32768	True	60	96	chr16_rank97_score1.610_reads431	train
961	5701c253-7cdf-4ce3-b618-6a642b069df3	chr16	68152616	68215668	62969	16384	49152	32768	True	60	96	chr16_rank97_score1.610_reads431	train
962	5701c253-7cdf-4ce3-b618-6a642b069df3	chr16	68152616	68215668	62969	30201	62969	32768	True	60	96	chr16_rank97_score1.610_reads431	train
963	5701c253-7cdf-4ce3-b618-6a642b069df3	chr16	68152616	68215668	62969	32768	62969	30201	True	60	96	chr16_rank97_score1.610_reads431	train
964	5701c253-7cdf-4ce3-b618-6a642b069df3	chr16	68152616	68215668	62969	49152	62969	13817	True	60	96	chr16_rank97_score1.610_reads431	train
965	f009ebe6-c3df-4655-b04d-d186a2152a01	chr16	68158033	68203586	44643	0	32768	32768	False	60	96	chr16_rank97_score1.610_reads431	train
966	f009ebe6-c3df-4655-b04d-d186a2152a01	chr16	68158033	68203586	44643	11875	44643	32768	False	60	96	chr16_rank97_score1.610_reads431	train
967	f009ebe6-c3df-4655-b04d-d186a2152a01	chr16	68158033	68203586	44643	16384	44643	28259	False	60	96	chr16_rank97_score1.610_reads431	train
968	f009ebe6-c3df-4655-b04d-d186a2152a01	chr16	68158033	68203586	44643	32768	44643	11875	False	60	96	chr16_rank97_score1.610_reads431	train
969	c5150983-d157-4303-b002-b6cb62cac504	chr16	68158033	68203588	45304	0	32768	32768	True	60	96	chr16_rank97_score1.610_reads431	train
980	52cb9613-4bb9-4324-9c36-79cb110824da	chr16	66456073	66512870	54496	0	32768	32768	True	60	98	chr16_rank99_score1.609_reads491	train
981	52cb9613-4bb9-4324-9c36-79cb110824da	chr16	66456073	66512870	54496	16384	49152	32768	True	60	98	chr16_rank99_score1.609_reads491	train
982	52cb9613-4bb9-4324-9c36-79cb110824da	chr16	66456073	66512870	54496	21728	54496	32768	True	60	98	chr16_rank99_score1.609_reads491	train
983	52cb9613-4bb9-4324-9c36-79cb110824da	chr16	66456073	66512870	54496	32768	54496	21728	True	60	98	chr16_rank99_score1.609_reads491	train
984	52cb9613-4bb9-4324-9c36-79cb110824da	chr16	66456073	66512870	54496	49152	54496	5344	True	60	98	chr16_rank99_score1.609_reads491	train
985	90c4217c-4005-4cd0-8147-fce59db1b023	chr16	66459260	66503356	44332	0	32768	32768	False	60	98	chr16_rank99_score1.609_reads491	train
986	90c4217c-4005-4cd0-8147-fce59db1b023	chr16	66459260	66503356	44332	11564	44332	32768	False	60	98	chr16_rank99_score1.609_reads491	train
987	90c4217c-4005-4cd0-8147-fce59db1b023	chr16	66459260	66503356	44332	16384	44332	27948	False	60	98	chr16_rank99_score1.609_reads491	train
988	90c4217c-4005-4cd0-8147-fce59db1b023	chr16	66459260	66503356	44332	32768	44332	11564	False	60	98	chr16_rank99_score1.609_reads491	train
989	8108f064-f852-4eca-9b3f-3b4d42348140	chr16	66461633	66516102	53158	0	32768	32768	True	60	98	chr16_rank99_score1.609_reads491	train
990	c3ad160c-4a06-4deb-8200-5e3ad9207943	chr16	30067695	30101790	33809	0	32768	32768	False	60	14	chr16_rank15_score3.433_reads422	train
991	c3ad160c-4a06-4deb-8200-5e3ad9207943	chr16	30067695	30101790	33809	1041	33809	32768	False	60	14	chr16_rank15_score3.433_reads422	train
992	c3ad160c-4a06-4deb-8200-5e3ad9207943	chr16	30067695	30101790	33809	16384	33809	17425	False	60	14	chr16_rank15_score3.433_reads422	train
993	c3ad160c-4a06-4deb-8200-5e3ad9207943	chr16	30067695	30101790	33809	32768	33809	1041	False	60	14	chr16_rank15_score3.433_reads422	train
994	be4c984d-5045-4912-80f9-b5a1c7d39c2c	chr16	30071693	30108076	36094	0	32768	32768	True	60	14	chr16_rank15_score3.433_reads422	train
995	be4c984d-5045-4912-80f9-b5a1c7d39c2c	chr16	30071693	30108076	36094	3326	36094	32768	True	60	14	chr16_rank15_score3.433_reads422	train
996	be4c984d-5045-4912-80f9-b5a1c7d39c2c	chr16	30071693	30108076	36094	16384	36094	19710	True	60	14	chr16_rank15_score3.433_reads422	train
997	be4c984d-5045-4912-80f9-b5a1c7d39c2c	chr16	30071693	30108076	36094	32768	36094	3326	True	60	14	chr16_rank15_score3.433_reads422	train
998	b899501d-1d09-47bc-a4ad-b002f6bcf1c9	chr16	30074056	30103690	29462	0	29462	29462	True	60	14	chr16_rank15_score3.433_reads422	train
999	e8949287-b7d3-4186-aff2-e9004caabdce	chr16	30075310	30125243	51768	0	32768	32768	True	60	99	chr16_rank100_score1.596_reads363	train
