row_idx	read_id	chrom	alignment_start	alignment_end	read_length	window_start	window_end	window_length	is_reverse	mapq
0	3c81c749-39f3-4b81-9913-7762963803db	chr16	664555	703517	44620	0	32768	32768	True	60
1	3c81c749-39f3-4b81-9913-7762963803db	chr16	664555	703517	44620	11852	44620	32768	True	60
2	3c81c749-39f3-4b81-9913-7762963803db	chr16	664555	703517	44620	16384	44620	28236	True	60
3	3c81c749-39f3-4b81-9913-7762963803db	chr16	664555	703517	44620	32768	44620	11852	True	60
4	4080ce08-891e-472b-8ca1-e06495f354bc	chr16	666304	703941	37696	0	32768	32768	True	60
5	4080ce08-891e-472b-8ca1-e06495f354bc	chr16	666304	703941	37696	4928	37696	32768	True	60
6	4080ce08-891e-472b-8ca1-e06495f354bc	chr16	666304	703941	37696	16384	37696	21312	True	60
7	4080ce08-891e-472b-8ca1-e06495f354bc	chr16	666304	703941	37696	32768	37696	4928	True	60
8	b67ed39f-2fce-4d91-9fd9-5180fe259439	chr16	668099	703751	35583	0	32768	32768	True	60
9	b67ed39f-2fce-4d91-9fd9-5180fe259439	chr16	668099	703751	35583	2815	35583	32768	True	60
10	bf002324-c0eb-4aac-89ee-ff695a39a50a	chr16	3056161	3102037	45167	0	32768	32768	True	60
11	bf002324-c0eb-4aac-89ee-ff695a39a50a	chr16	3056161	3102037	45167	12399	45167	32768	True	60
12	bf002324-c0eb-4aac-89ee-ff695a39a50a	chr16	3056161	3102037	45167	16384	45167	28783	True	60
13	bf002324-c0eb-4aac-89ee-ff695a39a50a	chr16	3056161	3102037	45167	32768	45167	12399	True	60
14	6d282222-19be-41aa-b9c1-fc2085f46e1c	chr16	3064295	3104063	39708	0	32768	32768	True	60
15	6d282222-19be-41aa-b9c1-fc2085f46e1c	chr16	3064295	3104063	39708	6940	39708	32768	True	60
16	6d282222-19be-41aa-b9c1-fc2085f46e1c	chr16	3064295	3104063	39708	16384	39708	23324	True	60
17	6d282222-19be-41aa-b9c1-fc2085f46e1c	chr16	3064295	3104063	39708	32768	39708	6940	True	60
18	acbcd479-f773-442e-989e-1703c2e30a2f	chr16	3067516	3118664	51034	0	32768	32768	True	60
19	acbcd479-f773-442e-989e-1703c2e30a2f	chr16	3067516	3118664	51034	16384	49152	32768	True	60
20	40a041b1-9c8e-4483-baf2-96a78370f1e4	chr16	563492	603540	40424	0	32768	32768	True	60
21	40a041b1-9c8e-4483-baf2-96a78370f1e4	chr16	563492	603540	40424	7656	40424	32768	True	60
22	40a041b1-9c8e-4483-baf2-96a78370f1e4	chr16	563492	603540	40424	16384	40424	24040	True	60
23	40a041b1-9c8e-4483-baf2-96a78370f1e4	chr16	563492	603540	40424	32768	40424	7656	True	60
24	d1801412-7953-4676-bfe4-00c81a60a25a	chr16	569888	606742	37467	0	32768	32768	True	60
25	d1801412-7953-4676-bfe4-00c81a60a25a	chr16	569888	606742	37467	4699	37467	32768	True	60
26	d1801412-7953-4676-bfe4-00c81a60a25a	chr16	569888	606742	37467	16384	37467	21083	True	60
27	d1801412-7953-4676-bfe4-00c81a60a25a	chr16	569888	606742	37467	32768	37467	4699	True	60
28	574affdd-bbb7-40cd-8722-279b1bc4a272	chr16	570725	605411	35189	0	32768	32768	False	60
29	574affdd-bbb7-40cd-8722-279b1bc4a272	chr16	570725	605411	35189	2421	35189	32768	False	60
30	e8d91908-0af8-4e07-831c-dde1c19f9ce0	chr16	2050070	2104438	54593	0	32768	32768	False	60
31	e8d91908-0af8-4e07-831c-dde1c19f9ce0	chr16	2050070	2104438	54593	16384	49152	32768	False	60
32	e8d91908-0af8-4e07-831c-dde1c19f9ce0	chr16	2050070	2104438	54593	21825	54593	32768	False	60
33	e8d91908-0af8-4e07-831c-dde1c19f9ce0	chr16	2050070	2104438	54593	32768	54593	21825	False	60
34	e8d91908-0af8-4e07-831c-dde1c19f9ce0	chr16	2050070	2104438	54593	49152	54593	5441	False	60
35	82c910df-a8e3-4cfe-9c33-5d973ca3b466	chr16	2055587	2104579	58376	0	32768	32768	True	60
36	82c910df-a8e3-4cfe-9c33-5d973ca3b466	chr16	2055587	2104579	58376	16384	49152	32768	True	60
37	82c910df-a8e3-4cfe-9c33-5d973ca3b466	chr16	2055587	2104579	58376	25608	58376	32768	True	60
38	82c910df-a8e3-4cfe-9c33-5d973ca3b466	chr16	2055587	2104579	58376	32768	58376	25608	True	60
39	82c910df-a8e3-4cfe-9c33-5d973ca3b466	chr16	2055587	2104579	58376	49152	58376	9224	True	60
40	f3b7ad50-6065-42eb-9687-1820fa22f0f1	chr16	4259244	4300766	41447	0	32768	32768	True	60
41	f3b7ad50-6065-42eb-9687-1820fa22f0f1	chr16	4259244	4300766	41447	8679	41447	32768	True	60
42	f3b7ad50-6065-42eb-9687-1820fa22f0f1	chr16	4259244	4300766	41447	16384	41447	25063	True	60
43	f3b7ad50-6065-42eb-9687-1820fa22f0f1	chr16	4259244	4300766	41447	32768	41447	8679	True	60
44	18ade6af-1852-4619-bfad-eacac1622628	chr16	4270006	4308039	37876	0	32768	32768	False	60
45	18ade6af-1852-4619-bfad-eacac1622628	chr16	4270006	4308039	37876	5108	37876	32768	False	60
46	18ade6af-1852-4619-bfad-eacac1622628	chr16	4270006	4308039	37876	16384	37876	21492	False	60
47	18ade6af-1852-4619-bfad-eacac1622628	chr16	4270006	4308039	37876	32768	37876	5108	False	60
48	4d70b3e7-3b6f-4a54-b095-6f10ef691074	chr16	4270369	4311912	41278	0	32768	32768	False	60
49	4d70b3e7-3b6f-4a54-b095-6f10ef691074	chr16	4270369	4311912	41278	8510	41278	32768	False	60
50	c4b6fbe7-8fa7-4927-a6b9-1f78abbcc0ef	chr16	2863605	2903106	39482	0	32768	32768	True	60
51	c4b6fbe7-8fa7-4927-a6b9-1f78abbcc0ef	chr16	2863605	2903106	39482	6714	39482	32768	True	60
52	c4b6fbe7-8fa7-4927-a6b9-1f78abbcc0ef	chr16	2863605	2903106	39482	16384	39482	23098	True	60
53	c4b6fbe7-8fa7-4927-a6b9-1f78abbcc0ef	chr16	2863605	2903106	39482	32768	39482	6714	True	60
54	a6f6f0e0-2f3b-4e17-b72b-c0bec639abfd	chr16	2863688	2907581	43733	0	32768	32768	False	60
55	a6f6f0e0-2f3b-4e17-b72b-c0bec639abfd	chr16	2863688	2907581	43733	10965	43733	32768	False	60
56	a6f6f0e0-2f3b-4e17-b72b-c0bec639abfd	chr16	2863688	2907581	43733	16384	43733	27349	False	60
57	a6f6f0e0-2f3b-4e17-b72b-c0bec639abfd	chr16	2863688	2907581	43733	32768	43733	10965	False	60
58	676d25f7-90a9-416c-9be3-1e6a977b514f	chr16	2876888	2911620	34675	0	32768	32768	False	60
59	676d25f7-90a9-416c-9be3-1e6a977b514f	chr16	2876888	2911620	34675	1907	34675	32768	False	60
60	3df9c457-0c10-4e8b-b720-1be378f935cb	chr16	30862587	30903950	40345	0	32768	32768	False	60
61	3df9c457-0c10-4e8b-b720-1be378f935cb	chr16	30862587	30903950	40345	7577	40345	32768	False	60
62	3df9c457-0c10-4e8b-b720-1be378f935cb	chr16	30862587	30903950	40345	16384	40345	23961	False	60
63	3df9c457-0c10-4e8b-b720-1be378f935cb	chr16	30862587	30903950	40345	32768	40345	7577	False	60
64	e4130419-cd54-4fb7-aced-3f0d238bf93c	chr16	30872321	30917783	45057	0	32768	32768	True	60
65	e4130419-cd54-4fb7-aced-3f0d238bf93c	chr16	30872321	30917783	45057	12289	45057	32768	True	60
66	e4130419-cd54-4fb7-aced-3f0d238bf93c	chr16	30872321	30917783	45057	16384	45057	28673	True	60
67	e4130419-cd54-4fb7-aced-3f0d238bf93c	chr16	30872321	30917783	45057	32768	45057	12289	True	60
68	fb8ae0d2-b26c-44c2-98ac-24868908ae2b	chr16	30874332	30919678	44721	0	32768	32768	True	60
69	fb8ae0d2-b26c-44c2-98ac-24868908ae2b	chr16	30874332	30919678	44721	11953	44721	32768	True	60
70	ca3234e8-be07-4fc5-9cfa-84d00f6af3d6	chr16	1868786	1901313	34481	0	32768	32768	False	60
71	ca3234e8-be07-4fc5-9cfa-84d00f6af3d6	chr16	1868786	1901313	34481	1713	34481	32768	False	60
72	ca3234e8-be07-4fc5-9cfa-84d00f6af3d6	chr16	1868786	1901313	34481	16384	34481	18097	False	60
73	ca3234e8-be07-4fc5-9cfa-84d00f6af3d6	chr16	1868786	1901313	34481	32768	34481	1713	False	60
74	7f6ffea3-95c6-4e05-95ed-a03b3a8bb5bf	chr16	1869142	1915007	47778	0	32768	32768	True	60
75	7f6ffea3-95c6-4e05-95ed-a03b3a8bb5bf	chr16	1869142	1915007	47778	15010	47778	32768	True	60
76	7f6ffea3-95c6-4e05-95ed-a03b3a8bb5bf	chr16	1869142	1915007	47778	16384	47778	31394	True	60
77	7f6ffea3-95c6-4e05-95ed-a03b3a8bb5bf	chr16	1869142	1915007	47778	32768	47778	15010	True	60
78	4a24345f-3d69-40ea-8982-15f18a387acc	chr16	1870728	1911910	43031	0	32768	32768	False	60
79	4a24345f-3d69-40ea-8982-15f18a387acc	chr16	1870728	1911910	43031	10263	43031	32768	False	60
80	df68ab29-a670-4143-94e0-9c136625236a	chr16	1943707	2008538	64776	0	32768	32768	True	60
81	df68ab29-a670-4143-94e0-9c136625236a	chr16	1943707	2008538	64776	16384	49152	32768	True	60
82	df68ab29-a670-4143-94e0-9c136625236a	chr16	1943707	2008538	64776	32008	64776	32768	True	60
83	df68ab29-a670-4143-94e0-9c136625236a	chr16	1943707	2008538	64776	32768	64776	32008	True	60
84	df68ab29-a670-4143-94e0-9c136625236a	chr16	1943707	2008538	64776	49152	64776	15624	True	60
85	9591e5d2-c56c-4f86-91bf-56ebd5d0ca00	chr16	1960725	2001165	40278	0	32768	32768	False	60
86	9591e5d2-c56c-4f86-91bf-56ebd5d0ca00	chr16	1960725	2001165	40278	7510	40278	32768	False	60
87	9591e5d2-c56c-4f86-91bf-56ebd5d0ca00	chr16	1960725	2001165	40278	16384	40278	23894	False	60
88	9591e5d2-c56c-4f86-91bf-56ebd5d0ca00	chr16	1960725	2001165	40278	32768	40278	7510	False	60
89	4cfd2e56-bf98-4763-b4c5-d5d7b07bff9b	chr16	1976090	2008471	32222	0	32222	32222	False	60
90	49e620ec-abc9-4432-905c-f8477568842a	chr16	458828	500905	46259	0	32768	32768	False	60
91	49e620ec-abc9-4432-905c-f8477568842a	chr16	458828	500905	46259	13491	46259	32768	False	60
92	49e620ec-abc9-4432-905c-f8477568842a	chr16	458828	500905	46259	16384	46259	29875	False	60
93	49e620ec-abc9-4432-905c-f8477568842a	chr16	458828	500905	46259	32768	46259	13491	False	60
94	8b5af50f-71eb-4d79-9c94-c9a3f8e6f487	chr16	459005	505001	51810	0	32768	32768	False	60
95	8b5af50f-71eb-4d79-9c94-c9a3f8e6f487	chr16	459005	505001	51810	16384	49152	32768	False	60
96	8b5af50f-71eb-4d79-9c94-c9a3f8e6f487	chr16	459005	505001	51810	19042	51810	32768	False	60
97	8b5af50f-71eb-4d79-9c94-c9a3f8e6f487	chr16	459005	505001	51810	32768	51810	19042	False	60
98	8b5af50f-71eb-4d79-9c94-c9a3f8e6f487	chr16	459005	505001	51810	49152	51810	2658	False	60
99	0663769d-ab6e-4310-9e4f-c264c26f8de6	chr16	469676	508384	43903	0	32768	32768	False	60
100	4437d86a-1568-40f6-8c74-4bcf15f1fd38	chr16	29758659	29810010	50319	0	32768	32768	True	60
101	4437d86a-1568-40f6-8c74-4bcf15f1fd38	chr16	29758659	29810010	50319	16384	49152	32768	True	60
102	4437d86a-1568-40f6-8c74-4bcf15f1fd38	chr16	29758659	29810010	50319	17551	50319	32768	True	60
103	4437d86a-1568-40f6-8c74-4bcf15f1fd38	chr16	29758659	29810010	50319	32768	50319	17551	True	60
104	4437d86a-1568-40f6-8c74-4bcf15f1fd38	chr16	29758659	29810010	50319	49152	50319	1167	True	60
105	6f4756c5-4eb3-4baf-aeeb-91b7c2170972	chr16	29774817	29801616	26064	0	26064	26064	False	60
106	ed4784d3-06e4-45ab-8f9f-c697e4654f9e	chr16	29775310	29809224	33891	0	32768	32768	False	60
107	ed4784d3-06e4-45ab-8f9f-c697e4654f9e	chr16	29775310	29809224	33891	1123	33891	32768	False	60
108	ed4784d3-06e4-45ab-8f9f-c697e4654f9e	chr16	29775310	29809224	33891	16384	33891	17507	False	60
109	ed4784d3-06e4-45ab-8f9f-c697e4654f9e	chr16	29775310	29809224	33891	32768	33891	1123	False	60
110	63825b10-a407-4741-9dd1-af70694e2a45	chr16	67056439	67108181	51718	0	32768	32768	False	60
111	63825b10-a407-4741-9dd1-af70694e2a45	chr16	67056439	67108181	51718	16384	49152	32768	False	60
112	63825b10-a407-4741-9dd1-af70694e2a45	chr16	67056439	67108181	51718	18950	51718	32768	False	60
113	63825b10-a407-4741-9dd1-af70694e2a45	chr16	67056439	67108181	51718	32768	51718	18950	False	60
114	63825b10-a407-4741-9dd1-af70694e2a45	chr16	67056439	67108181	51718	49152	51718	2566	False	60
115	8fbe8710-6c26-4fde-af5b-c00257ede6ac	chr16	67071493	67101853	30361	0	30361	30361	True	60
116	c696748a-cd0c-4103-b2d8-0417dfc15415	chr16	67074506	67107353	32892	0	32768	32768	False	60
117	c696748a-cd0c-4103-b2d8-0417dfc15415	chr16	67074506	67107353	32892	124	32892	32768	False	60
118	c696748a-cd0c-4103-b2d8-0417dfc15415	chr16	67074506	67107353	32892	16384	32892	16508	False	60
119	c696748a-cd0c-4103-b2d8-0417dfc15415	chr16	67074506	67107353	32892	32768	32892	124	False	60
120	3816e96a-4df0-46d9-99d0-e227e65aa6ab	chr16	1266909	1326127	63191	0	32768	32768	False	60
121	3816e96a-4df0-46d9-99d0-e227e65aa6ab	chr16	1266909	1326127	63191	16384	49152	32768	False	60
122	3816e96a-4df0-46d9-99d0-e227e65aa6ab	chr16	1266909	1326127	63191	30423	63191	32768	False	60
123	3816e96a-4df0-46d9-99d0-e227e65aa6ab	chr16	1266909	1326127	63191	32768	63191	30423	False	60
124	3816e96a-4df0-46d9-99d0-e227e65aa6ab	chr16	1266909	1326127	63191	49152	63191	14039	False	60
125	8104882a-509e-4757-acdf-30659a635104	chr16	1277631	1300897	23177	0	23177	23177	False	60
126	1491a7a7-60d4-4380-a389-5f71ab61703f	chr16	1282735	1302059	19405	0	19405	19405	False	60
127	5d5ae32d-cfeb-4eef-b513-96921c9ecbe0	chr16	1283460	1307931	24606	0	24606	24606	True	60
128	fb027243-782f-4f90-a60f-db3255942f5a	chr16	1285955	1305524	19480	0	19480	19480	True	60
129	eba586e5-fb05-42dc-ab15-28c997834f13	chr16	1287122	1324496	36277	0	32768	32768	True	60
130	cb887237-85d0-46c4-aa86-b9a70240a96f	chr16	2164614	2220972	56105	0	32768	32768	False	60
131	cb887237-85d0-46c4-aa86-b9a70240a96f	chr16	2164614	2220972	56105	16384	49152	32768	False	60
132	cb887237-85d0-46c4-aa86-b9a70240a96f	chr16	2164614	2220972	56105	23337	56105	32768	False	60
133	cb887237-85d0-46c4-aa86-b9a70240a96f	chr16	2164614	2220972	56105	32768	56105	23337	False	60
134	cb887237-85d0-46c4-aa86-b9a70240a96f	chr16	2164614	2220972	56105	49152	56105	6953	False	60
135	2837df6e-78f4-4735-b8c4-423f0d03c700	chr16	2166242	2204859	38065	0	32768	32768	True	60
136	2837df6e-78f4-4735-b8c4-423f0d03c700	chr16	2166242	2204859	38065	5297	38065	32768	True	60
137	2837df6e-78f4-4735-b8c4-423f0d03c700	chr16	2166242	2204859	38065	16384	38065	21681	True	60
138	2837df6e-78f4-4735-b8c4-423f0d03c700	chr16	2166242	2204859	38065	32768	38065	5297	True	60
139	fadd3f64-4f4b-4da8-af12-6fcd5e800fdd	chr16	2169643	2209421	39667	0	32768	32768	True	60
140	532ac93c-1208-4d63-bd92-fa0d6a821642	chr16	29957559	30001668	41833	0	32768	32768	False	60
141	532ac93c-1208-4d63-bd92-fa0d6a821642	chr16	29957559	30001668	41833	9065	41833	32768	False	60
142	532ac93c-1208-4d63-bd92-fa0d6a821642	chr16	29957559	30001668	41833	16384	41833	25449	False	60
143	532ac93c-1208-4d63-bd92-fa0d6a821642	chr16	29957559	30001668	41833	32768	41833	9065	False	60
144	3a5cb9eb-44de-4d49-a71a-76a202254127	chr16	29957560	30001669	41958	0	32768	32768	True	60
145	3a5cb9eb-44de-4d49-a71a-76a202254127	chr16	29957560	30001669	41958	9190	41958	32768	True	60
146	3a5cb9eb-44de-4d49-a71a-76a202254127	chr16	29957560	30001669	41958	16384	41958	25574	True	60
147	3a5cb9eb-44de-4d49-a71a-76a202254127	chr16	29957560	30001669	41958	32768	41958	9190	True	60
148	4fe9c898-3493-43c1-8fce-499d65fef426	chr16	29965684	30013979	47776	0	32768	32768	False	60
149	4fe9c898-3493-43c1-8fce-499d65fef426	chr16	29965684	30013979	47776	15008	47776	32768	False	60
150	8763e6e0-4e16-40fd-8523-791dcef176c4	chr16	88765963	88806080	38902	0	32768	32768	True	60
151	8763e6e0-4e16-40fd-8523-791dcef176c4	chr16	88765963	88806080	38902	6134	38902	32768	True	60
152	8763e6e0-4e16-40fd-8523-791dcef176c4	chr16	88765963	88806080	38902	16384	38902	22518	True	60
153	8763e6e0-4e16-40fd-8523-791dcef176c4	chr16	88765963	88806080	38902	32768	38902	6134	True	60
154	a0860f5f-4857-46a9-95de-931b77a2ec78	chr16	88770050	88804109	32778	0	32768	32768	False	60
155	a0860f5f-4857-46a9-95de-931b77a2ec78	chr16	88770050	88804109	32778	10	32778	32768	False	60
156	a0860f5f-4857-46a9-95de-931b77a2ec78	chr16	88770050	88804109	32778	16384	32778	16394	False	60
157	a0860f5f-4857-46a9-95de-931b77a2ec78	chr16	88770050	88804109	32778	32768	32778	10	False	60
158	43e6ebeb-2841-43cf-bcaa-6d2c562c4156	chr16	88775134	88800835	25661	0	25661	25661	True	60
159	6f37504e-0b98-459b-95af-72f249634706	chr16	88780137	88813900	33668	0	32768	32768	True	60
160	b5854bc6-f090-477a-a2e5-aabbe6f68c2b	chr16	31368776	31400152	31395	0	31395	31395	True	60
161	ec1a3717-4e00-4167-b51a-f4a3b9e27537	chr16	31373394	31405815	32360	0	32360	32360	False	60
162	f0e11976-29fc-469c-a907-38a08c1111d4	chr16	31373524	31406979	32505	0	32505	32505	True	60
163	c56fc5fa-fd0b-4b66-92d8-5accd858ab40	chr16	31375329	31418308	42638	0	32768	32768	False	60
164	c56fc5fa-fd0b-4b66-92d8-5accd858ab40	chr16	31375329	31418308	42638	9870	42638	32768	False	60
165	c56fc5fa-fd0b-4b66-92d8-5accd858ab40	chr16	31375329	31418308	42638	16384	42638	26254	False	60
166	c56fc5fa-fd0b-4b66-92d8-5accd858ab40	chr16	31375329	31418308	42638	32768	42638	9870	False	60
167	eae5957e-6863-491b-8b95-78c817331722	chr16	31380918	31405946	47673	0	32768	32768	False	60
168	eae5957e-6863-491b-8b95-78c817331722	chr16	31380918	31405946	47673	14905	47673	32768	False	60
169	eae5957e-6863-491b-8b95-78c817331722	chr16	31380918	31405946	47673	16384	47673	31289	False	60
170	3d156247-d49b-443b-bcca-5fe23d1f975e	chr16	67168973	67201246	31845	0	31845	31845	True	60
171	84eef2cb-c881-4843-b34e-c524dd76adca	chr16	67169126	67203867	34764	0	32768	32768	False	60
172	84eef2cb-c881-4843-b34e-c524dd76adca	chr16	67169126	67203867	34764	1996	34764	32768	False	60
173	84eef2cb-c881-4843-b34e-c524dd76adca	chr16	67169126	67203867	34764	16384	34764	18380	False	60
174	84eef2cb-c881-4843-b34e-c524dd76adca	chr16	67169126	67203867	34764	32768	34764	1996	False	60
175	f8705b70-6f57-4fc0-a732-96deb19ac82f	chr16	67172937	67202057	29010	0	29010	29010	False	60
176	3de6c837-f883-4ea2-8cda-7a5402047fa4	chr16	67177120	67215605	38061	0	32768	32768	False	60
177	3de6c837-f883-4ea2-8cda-7a5402047fa4	chr16	67177120	67215605	38061	5293	38061	32768	False	60
178	3de6c837-f883-4ea2-8cda-7a5402047fa4	chr16	67177120	67215605	38061	16384	38061	21677	False	60
179	3de6c837-f883-4ea2-8cda-7a5402047fa4	chr16	67177120	67215605	38061	32768	38061	5293	False	60
180	b62abe25-8331-4a79-a90a-eb19cc22574d	chr16	30564689	30614907	50072	0	32768	32768	False	60
181	b62abe25-8331-4a79-a90a-eb19cc22574d	chr16	30564689	30614907	50072	16384	49152	32768	False	60
182	b62abe25-8331-4a79-a90a-eb19cc22574d	chr16	30564689	30614907	50072	17304	50072	32768	False	60
183	b62abe25-8331-4a79-a90a-eb19cc22574d	chr16	30564689	30614907	50072	32768	50072	17304	False	60
184	b62abe25-8331-4a79-a90a-eb19cc22574d	chr16	30564689	30614907	50072	49152	50072	920	False	60
185	3c15069d-e4c3-4e13-9578-c1980368dcfc	chr16	30573209	30601780	37230	0	32768	32768	True	60
186	3c15069d-e4c3-4e13-9578-c1980368dcfc	chr16	30573209	30601780	37230	4462	37230	32768	True	60
187	3c15069d-e4c3-4e13-9578-c1980368dcfc	chr16	30573209	30601780	37230	16384	37230	20846	True	60
188	3c15069d-e4c3-4e13-9578-c1980368dcfc	chr16	30573209	30601780	37230	32768	37230	4462	True	60
189	0e622de1-be35-4c72-97b9-559426094ac6	chr16	30575552	30602347	26709	0	26709	26709	False	60
190	f795c009-fc19-441e-8753-b6736478bea8	chr16	2964033	3007198	43063	0	32768	32768	False	60
191	f795c009-fc19-441e-8753-b6736478bea8	chr16	2964033	3007198	43063	10295	43063	32768	False	60
192	f795c009-fc19-441e-8753-b6736478bea8	chr16	2964033	3007198	43063	16384	43063	26679	False	60
193	f795c009-fc19-441e-8753-b6736478bea8	chr16	2964033	3007198	43063	32768	43063	10295	False	60
194	3e86274b-c47e-4093-bd6e-46ca263e0617	chr16	2964492	3007157	42331	0	32768	32768	True	60
195	3e86274b-c47e-4093-bd6e-46ca263e0617	chr16	2964492	3007157	42331	9563	42331	32768	True	60
196	3e86274b-c47e-4093-bd6e-46ca263e0617	chr16	2964492	3007157	42331	16384	42331	25947	True	60
197	3e86274b-c47e-4093-bd6e-46ca263e0617	chr16	2964492	3007157	42331	32768	42331	9563	True	60
198	4e9a0dd7-9c6c-444e-baf9-f44245128fe8	chr16	2964931	3001738	36791	0	32768	32768	True	60
199	4e9a0dd7-9c6c-444e-baf9-f44245128fe8	chr16	2964931	3001738	36791	4023	36791	32768	True	60
200	a043e2ad-57b5-4cc2-9387-4aff4edcb464	chr16	67764221	67803494	39451	0	32768	32768	False	60
201	a043e2ad-57b5-4cc2-9387-4aff4edcb464	chr16	67764221	67803494	39451	6683	39451	32768	False	60
202	a043e2ad-57b5-4cc2-9387-4aff4edcb464	chr16	67764221	67803494	39451	16384	39451	23067	False	60
203	a043e2ad-57b5-4cc2-9387-4aff4edcb464	chr16	67764221	67803494	39451	32768	39451	6683	False	60
204	51efe67a-d935-4fb4-aa09-28f83901f6fe	chr16	67767140	67809489	42656	0	32768	32768	False	60
205	51efe67a-d935-4fb4-aa09-28f83901f6fe	chr16	67767140	67809489	42656	9888	42656	32768	False	60
206	51efe67a-d935-4fb4-aa09-28f83901f6fe	chr16	67767140	67809489	42656	16384	42656	26272	False	60
207	51efe67a-d935-4fb4-aa09-28f83901f6fe	chr16	67767140	67809489	42656	32768	42656	9888	False	60
208	2d492fd4-d188-4395-9b5d-81ce648c1df9	chr16	67776472	67802043	25751	0	25751	25751	True	60
209	20a6a886-6d76-4f2d-ba64-cadd4f7c6005	chr16	67779318	67806063	26917	0	26917	26917	True	60
210	03d3b793-16dc-4e8d-9bc2-b8e04748ca70	chr16	1067188	1107000	40709	0	32768	32768	False	60
211	03d3b793-16dc-4e8d-9bc2-b8e04748ca70	chr16	1067188	1107000	40709	7941	40709	32768	False	60
212	03d3b793-16dc-4e8d-9bc2-b8e04748ca70	chr16	1067188	1107000	40709	16384	40709	24325	False	60
213	03d3b793-16dc-4e8d-9bc2-b8e04748ca70	chr16	1067188	1107000	40709	32768	40709	7941	False	60
214	fd09b79f-2328-4802-8fb3-22a659d6e5d5	chr16	1068097	1109008	41761	0	32768	32768	False	60
215	fd09b79f-2328-4802-8fb3-22a659d6e5d5	chr16	1068097	1109008	41761	8993	41761	32768	False	60
216	fd09b79f-2328-4802-8fb3-22a659d6e5d5	chr16	1068097	1109008	41761	16384	41761	25377	False	60
217	fd09b79f-2328-4802-8fb3-22a659d6e5d5	chr16	1068097	1109008	41761	32768	41761	8993	False	60
218	41f24f09-f6e6-4baf-bf47-8315dc1a8763	chr16	1068691	1106928	39091	0	32768	32768	False	60
219	41f24f09-f6e6-4baf-bf47-8315dc1a8763	chr16	1068691	1106928	39091	6323	39091	32768	False	60
220	5d965935-c829-4928-abf5-3c0d41e824ef	chr16	88668174	88731962	67803	0	32768	32768	False	60
221	5d965935-c829-4928-abf5-3c0d41e824ef	chr16	88668174	88731962	67803	16384	49152	32768	False	60
222	5d965935-c829-4928-abf5-3c0d41e824ef	chr16	88668174	88731962	67803	32768	65536	32768	False	60
223	5d965935-c829-4928-abf5-3c0d41e824ef	chr16	88668174	88731962	67803	35035	67803	32768	False	60
224	5d965935-c829-4928-abf5-3c0d41e824ef	chr16	88668174	88731962	67803	49152	67803	18651	False	60
225	5d965935-c829-4928-abf5-3c0d41e824ef	chr16	88668174	88731962	67803	65536	67803	2267	False	60
226	611a2aa9-743a-42af-b392-d0c45bc5e5b7	chr16	88668174	88709729	42023	0	32768	32768	False	60
227	611a2aa9-743a-42af-b392-d0c45bc5e5b7	chr16	88668174	88709729	42023	9255	42023	32768	False	60
228	611a2aa9-743a-42af-b392-d0c45bc5e5b7	chr16	88668174	88709729	42023	16384	42023	25639	False	60
229	611a2aa9-743a-42af-b392-d0c45bc5e5b7	chr16	88668174	88709729	42023	32768	42023	9255	False	60
230	09fa0ce9-5a31-4b3c-a6d7-36f1e1eed8da	chr16	1658910	1713019	53848	0	32768	32768	True	60
231	09fa0ce9-5a31-4b3c-a6d7-36f1e1eed8da	chr16	1658910	1713019	53848	16384	49152	32768	True	60
232	09fa0ce9-5a31-4b3c-a6d7-36f1e1eed8da	chr16	1658910	1713019	53848	21080	53848	32768	True	60
233	09fa0ce9-5a31-4b3c-a6d7-36f1e1eed8da	chr16	1658910	1713019	53848	32768	53848	21080	True	60
234	09fa0ce9-5a31-4b3c-a6d7-36f1e1eed8da	chr16	1658910	1713019	53848	49152	53848	4696	True	60
235	aa170196-8ee9-45df-ba4d-bacd7bdbba3a	chr16	1672323	1705563	33175	0	32768	32768	False	60
236	aa170196-8ee9-45df-ba4d-bacd7bdbba3a	chr16	1672323	1705563	33175	407	33175	32768	False	60
237	aa170196-8ee9-45df-ba4d-bacd7bdbba3a	chr16	1672323	1705563	33175	16384	33175	16791	False	60
238	aa170196-8ee9-45df-ba4d-bacd7bdbba3a	chr16	1672323	1705563	33175	32768	33175	407	False	60
239	7ad3215f-6a4b-4f38-8078-4138645320d4	chr16	1672447	1712329	39735	0	32768	32768	True	60
240	46b97d50-2c7b-4e77-bcbd-63b1e40b28a4	chr16	30271475	30300576	29375	0	29375	29375	True	60
241	fd34acf2-93ce-4c94-bc80-dc84c26b0bc6	chr16	30283344	30300515	17078	0	17078	17078	False	38
242	281c9a2f-fc5a-4acc-afe3-fdb5e3a3bae8	chr16	30284141	30317520	33114	0	32768	32768	False	60
243	281c9a2f-fc5a-4acc-afe3-fdb5e3a3bae8	chr16	30284141	30317520	33114	346	33114	32768	False	60
244	281c9a2f-fc5a-4acc-afe3-fdb5e3a3bae8	chr16	30284141	30317520	33114	16384	33114	16730	False	60
245	281c9a2f-fc5a-4acc-afe3-fdb5e3a3bae8	chr16	30284141	30317520	33114	32768	33114	346	False	60
246	d89f5392-d187-4f9a-bf71-fe0ec3e908cb	chr16	30284726	30324047	39226	0	32768	32768	True	60
247	d89f5392-d187-4f9a-bf71-fe0ec3e908cb	chr16	30284726	30324047	39226	6458	39226	32768	True	60
248	d89f5392-d187-4f9a-bf71-fe0ec3e908cb	chr16	30284726	30324047	39226	16384	39226	22842	True	60
249	d89f5392-d187-4f9a-bf71-fe0ec3e908cb	chr16	30284726	30324047	39226	32768	39226	6458	True	60
250	a7da5e64-0a2f-448d-89ad-91a567074215	chr16	88566453	88610498	43910	0	32768	32768	False	60
251	a7da5e64-0a2f-448d-89ad-91a567074215	chr16	88566453	88610498	43910	11142	43910	32768	False	60
252	a7da5e64-0a2f-448d-89ad-91a567074215	chr16	88566453	88610498	43910	16384	43910	27526	False	60
253	a7da5e64-0a2f-448d-89ad-91a567074215	chr16	88566453	88610498	43910	32768	43910	11142	False	60
254	79a392c4-ca27-4c55-8303-fd89b5af2d08	chr16	88566465	88610506	43926	0	32768	32768	True	60
255	79a392c4-ca27-4c55-8303-fd89b5af2d08	chr16	88566465	88610506	43926	11158	43926	32768	True	60
256	79a392c4-ca27-4c55-8303-fd89b5af2d08	chr16	88566465	88610506	43926	16384	43926	27542	True	60
257	79a392c4-ca27-4c55-8303-fd89b5af2d08	chr16	88566465	88610506	43926	32768	43926	11158	True	60
258	3f526ff8-b9c4-4cd5-affe-80b33bb64820	chr16	88573136	88608251	35063	0	32768	32768	False	60
259	3f526ff8-b9c4-4cd5-affe-80b33bb64820	chr16	88573136	88608251	35063	2295	35063	32768	False	60
260	943396c9-4dca-429a-bc86-31676d02ab73	chr16	260994	319518	58837	0	32768	32768	False	60
261	943396c9-4dca-429a-bc86-31676d02ab73	chr16	260994	319518	58837	16384	49152	32768	False	60
262	943396c9-4dca-429a-bc86-31676d02ab73	chr16	260994	319518	58837	26069	58837	32768	False	60
263	943396c9-4dca-429a-bc86-31676d02ab73	chr16	260994	319518	58837	32768	58837	26069	False	60
264	943396c9-4dca-429a-bc86-31676d02ab73	chr16	260994	319518	58837	49152	58837	9685	False	60
265	eee7d4a2-4bbd-4883-a8c0-c4caadf6cbe6	chr16	269795	301525	31838	0	31838	31838	True	60
266	e7cb27a1-d60e-41bb-ab93-2b51a95ecd5e	chr16	277572	306534	29024	0	29024	29024	False	60
267	925527da-e9a6-4666-adc3-35ad90de35c1	chr16	281857	310463	28018	0	28018	28018	True	60
268	6e655197-ce57-42a3-bd7b-d57e5e17407a	chr16	285282	321032	35819	0	32768	32768	False	60
269	6e655197-ce57-42a3-bd7b-d57e5e17407a	chr16	285282	321032	35819	3051	35819	32768	False	60
270	9666a454-6303-44ac-ac15-4b95593d09cc	chr16	30966422	31026217	59217	0	32768	32768	True	60
271	9666a454-6303-44ac-ac15-4b95593d09cc	chr16	30966422	31026217	59217	16384	49152	32768	True	60
272	9666a454-6303-44ac-ac15-4b95593d09cc	chr16	30966422	31026217	59217	26449	59217	32768	True	60
273	9666a454-6303-44ac-ac15-4b95593d09cc	chr16	30966422	31026217	59217	32768	59217	26449	True	60
274	9666a454-6303-44ac-ac15-4b95593d09cc	chr16	30966422	31026217	59217	49152	59217	10065	True	60
275	f0ea1988-bb7f-4138-b0a8-ac4520725557	chr16	30966944	31009142	42166	0	32768	32768	False	60
276	f0ea1988-bb7f-4138-b0a8-ac4520725557	chr16	30966944	31009142	42166	9398	42166	32768	False	60
277	f0ea1988-bb7f-4138-b0a8-ac4520725557	chr16	30966944	31009142	42166	16384	42166	25782	False	60
278	f0ea1988-bb7f-4138-b0a8-ac4520725557	chr16	30966944	31009142	42166	32768	42166	9398	False	60
279	5a54666b-e186-4351-a636-e344e75293e7	chr16	30969017	31001796	32768	0	32768	32768	False	60
280	b99f2126-2043-4154-b8ad-29c6133f90c2	chr16	89868576	89906686	37941	0	32768	32768	True	60
281	b99f2126-2043-4154-b8ad-29c6133f90c2	chr16	89868576	89906686	37941	5173	37941	32768	True	60
282	b99f2126-2043-4154-b8ad-29c6133f90c2	chr16	89868576	89906686	37941	16384	37941	21557	True	60
283	b99f2126-2043-4154-b8ad-29c6133f90c2	chr16	89868576	89906686	37941	32768	37941	5173	True	60
284	a175f39b-e30a-4694-9bc4-82c58b94c980	chr16	89869654	89909458	40959	0	32768	32768	False	60
285	a175f39b-e30a-4694-9bc4-82c58b94c980	chr16	89869654	89909458	40959	8191	40959	32768	False	60
286	a175f39b-e30a-4694-9bc4-82c58b94c980	chr16	89869654	89909458	40959	16384	40959	24575	False	60
287	a175f39b-e30a-4694-9bc4-82c58b94c980	chr16	89869654	89909458	40959	32768	40959	8191	False	60
288	680fd7f6-3aea-469b-a444-13ebaa343d51	chr16	89869654	89909463	40737	0	32768	32768	True	60
289	680fd7f6-3aea-469b-a444-13ebaa343d51	chr16	89869654	89909463	40737	7969	40737	32768	True	60
290	c0223a1a-9f32-46d0-95fb-fc8db03ef7c6	chr16	75157150	75206214	50380	0	32768	32768	True	60
291	c0223a1a-9f32-46d0-95fb-fc8db03ef7c6	chr16	75157150	75206214	50380	16384	49152	32768	True	60
292	c0223a1a-9f32-46d0-95fb-fc8db03ef7c6	chr16	75157150	75206214	50380	17612	50380	32768	True	60
293	c0223a1a-9f32-46d0-95fb-fc8db03ef7c6	chr16	75157150	75206214	50380	32768	50380	17612	True	60
294	c0223a1a-9f32-46d0-95fb-fc8db03ef7c6	chr16	75157150	75206214	50380	49152	50380	1228	True	60
295	fd5d13b4-2715-4bd9-95e1-d6c13238daa2	chr16	75162490	75201770	38254	0	32768	32768	False	60
296	fd5d13b4-2715-4bd9-95e1-d6c13238daa2	chr16	75162490	75201770	38254	5486	38254	32768	False	60
297	fd5d13b4-2715-4bd9-95e1-d6c13238daa2	chr16	75162490	75201770	38254	16384	38254	21870	False	60
298	fd5d13b4-2715-4bd9-95e1-d6c13238daa2	chr16	75162490	75201770	38254	32768	38254	5486	False	60
299	f5d7db1e-6654-4719-85a9-71210f45261a	chr16	75172651	75206180	38526	0	32768	32768	False	60
300	1f4a1e28-f678-4a0b-aca7-7deea7304860	chr16	28777063	28803156	29919	0	29919	29919	True	20
301	c086c5c9-6223-4bf3-8e41-6239a9640454	chr16	28777098	28804720	27596	0	27596	27596	True	41
302	1fe5a4f3-0ddc-477a-ba63-6b04c6939cdc	chr16	28777915	28807299	29276	0	29276	29276	False	51
303	5fc436f9-6964-4a7f-b0bd-42b66355a647	chr16	28782442	28801396	18954	0	18954	18954	False	37
304	41d20012-3fa6-4ca7-8ef7-86536fc3a52c	chr16	28782765	28814557	30873	0	30873	30873	True	22
305	87a58d9f-c28c-4f11-8406-1b5dfb25fe10	chr16	28786533	28817911	31415	0	31415	31415	False	60
306	a7658dfc-8898-4af6-a38e-0ef01e2734c8	chr16	28789927	28802287	12322	0	12322	12322	True	42
307	bd9a0f26-a308-42e3-832b-e613ce784e5a	chr16	28789941	28802287	12339	0	12339	12339	False	41
308	effde404-7385-4ebb-895e-2f5b4d5e9c0f	chr16	28790191	28826546	38069	0	32768	32768	False	60
309	effde404-7385-4ebb-895e-2f5b4d5e9c0f	chr16	28790191	28826546	38069	5301	38069	32768	False	60
310	357b5c16-501c-4174-af38-155484ea53ee	chr16	965793	1005591	39628	0	32768	32768	True	60
311	357b5c16-501c-4174-af38-155484ea53ee	chr16	965793	1005591	39628	6860	39628	32768	True	60
312	357b5c16-501c-4174-af38-155484ea53ee	chr16	965793	1005591	39628	16384	39628	23244	True	60
313	357b5c16-501c-4174-af38-155484ea53ee	chr16	965793	1005591	39628	32768	39628	6860	True	60
314	e6fb2f66-20e5-4693-bc3d-5e6cbc6c03fe	chr16	973656	1007634	32022	0	32022	32022	False	60
315	9e22bc4a-6bf6-41a4-9a81-226cebba12b5	chr16	973950	1021054	47011	0	32768	32768	False	60
316	9e22bc4a-6bf6-41a4-9a81-226cebba12b5	chr16	973950	1021054	47011	14243	47011	32768	False	60
317	9e22bc4a-6bf6-41a4-9a81-226cebba12b5	chr16	973950	1021054	47011	16384	47011	30627	False	60
318	9e22bc4a-6bf6-41a4-9a81-226cebba12b5	chr16	973950	1021054	47011	32768	47011	14243	False	60
319	66a71612-3972-496e-a12c-62429d225375	chr16	977170	1008528	31244	0	31244	31244	False	60
320	008ccb18-10fd-41ce-bf23-570a385ba89e	chr16	14868328	14908754	38902	0	32768	32768	True	27
321	008ccb18-10fd-41ce-bf23-570a385ba89e	chr16	14868328	14908754	38902	6134	38902	32768	True	27
322	008ccb18-10fd-41ce-bf23-570a385ba89e	chr16	14868328	14908754	38902	16384	38902	22518	True	27
323	008ccb18-10fd-41ce-bf23-570a385ba89e	chr16	14868328	14908754	38902	32768	38902	6134	True	27
324	0885d0c2-c5d3-4183-ae37-3e52da235b05	chr16	14870903	14917156	60863	0	32768	32768	False	53
325	0885d0c2-c5d3-4183-ae37-3e52da235b05	chr16	14870903	14917156	60863	16384	49152	32768	False	53
326	0885d0c2-c5d3-4183-ae37-3e52da235b05	chr16	14870903	14917156	60863	28095	60863	32768	False	53
327	0885d0c2-c5d3-4183-ae37-3e52da235b05	chr16	14870903	14917156	60863	32768	60863	28095	False	53
328	0885d0c2-c5d3-4183-ae37-3e52da235b05	chr16	14870903	14917156	60863	49152	60863	11711	False	53
329	e7cf6b01-a6fb-465e-9c74-5c8f7e021cb8	chr16	14871066	14904173	33026	0	32768	32768	True	60
330	9d08c2be-6b15-4a53-81d3-578670c60369	chr16	2664178	2701823	37593	0	32768	32768	True	60
331	9d08c2be-6b15-4a53-81d3-578670c60369	chr16	2664178	2701823	37593	4825	37593	32768	True	60
332	9d08c2be-6b15-4a53-81d3-578670c60369	chr16	2664178	2701823	37593	16384	37593	21209	True	60
333	9d08c2be-6b15-4a53-81d3-578670c60369	chr16	2664178	2701823	37593	32768	37593	4825	True	60
334	896ec083-651d-4ab5-a996-e2d4dde993ce	chr16	2668909	2709476	40527	0	32768	32768	False	60
335	896ec083-651d-4ab5-a996-e2d4dde993ce	chr16	2668909	2709476	40527	7759	40527	32768	False	60
336	896ec083-651d-4ab5-a996-e2d4dde993ce	chr16	2668909	2709476	40527	16384	40527	24143	False	60
337	896ec083-651d-4ab5-a996-e2d4dde993ce	chr16	2668909	2709476	40527	32768	40527	7759	False	60
338	cd160c5c-8784-4bdc-b075-3d6563b7714a	chr16	2668909	2709476	40428	0	32768	32768	True	60
339	cd160c5c-8784-4bdc-b075-3d6563b7714a	chr16	2668909	2709476	40428	7660	40428	32768	True	60
340	8bff2e41-1f6d-4bc2-9ad0-5bafde6bbcac	chr16	4167592	4204155	36580	0	32768	32768	True	60
341	8bff2e41-1f6d-4bc2-9ad0-5bafde6bbcac	chr16	4167592	4204155	36580	3812	36580	32768	True	60
342	8bff2e41-1f6d-4bc2-9ad0-5bafde6bbcac	chr16	4167592	4204155	36580	16384	36580	20196	True	60
343	8bff2e41-1f6d-4bc2-9ad0-5bafde6bbcac	chr16	4167592	4204155	36580	32768	36580	3812	True	60
344	27eafbf6-c87d-4c9f-8075-2f11e2edd4d2	chr16	4174075	4207146	33059	0	32768	32768	True	60
345	27eafbf6-c87d-4c9f-8075-2f11e2edd4d2	chr16	4174075	4207146	33059	291	33059	32768	True	60
346	27eafbf6-c87d-4c9f-8075-2f11e2edd4d2	chr16	4174075	4207146	33059	16384	33059	16675	True	60
347	27eafbf6-c87d-4c9f-8075-2f11e2edd4d2	chr16	4174075	4207146	33059	32768	33059	291	True	60
348	95cb0fbf-5bf7-425a-bda0-11e3a2534f6f	chr16	4175028	4208756	32524	0	32524	32524	True	60
349	c0449515-9942-4ef3-8d9c-c32228ac61cd	chr16	4177553	4205185	27215	0	27215	27215	True	60
350	7b29c874-1a06-4756-9367-1d0f37c1ffff	chr16	89466595	89513099	46417	0	32768	32768	False	60
351	7b29c874-1a06-4756-9367-1d0f37c1ffff	chr16	89466595	89513099	46417	13649	46417	32768	False	60
352	7b29c874-1a06-4756-9367-1d0f37c1ffff	chr16	89466595	89513099	46417	16384	46417	30033	False	60
353	7b29c874-1a06-4756-9367-1d0f37c1ffff	chr16	89466595	89513099	46417	32768	46417	13649	False	60
354	dbfcf0bb-42d1-47bd-94ac-7ce08434486c	chr16	89466595	89513099	46483	0	32768	32768	True	60
355	dbfcf0bb-42d1-47bd-94ac-7ce08434486c	chr16	89466595	89513099	46483	13715	46483	32768	True	60
356	dbfcf0bb-42d1-47bd-94ac-7ce08434486c	chr16	89466595	89513099	46483	16384	46483	30099	True	60
357	dbfcf0bb-42d1-47bd-94ac-7ce08434486c	chr16	89466595	89513099	46483	32768	46483	13715	True	60
358	83f4392d-81ed-4b7e-bde7-865ebe0693b5	chr16	89467602	89500620	32999	0	32768	32768	False	60
359	83f4392d-81ed-4b7e-bde7-865ebe0693b5	chr16	89467602	89500620	32999	231	32999	32768	False	60
360	a03d35e1-13a8-4573-80c8-d4281f88d868	chr16	87752166	87837754	82542	0	32768	32768	True	60
361	a03d35e1-13a8-4573-80c8-d4281f88d868	chr16	87752166	87837754	82542	16384	49152	32768	True	60
362	a03d35e1-13a8-4573-80c8-d4281f88d868	chr16	87752166	87837754	82542	32768	65536	32768	True	60
363	a03d35e1-13a8-4573-80c8-d4281f88d868	chr16	87752166	87837754	82542	49152	81920	32768	True	60
364	a03d35e1-13a8-4573-80c8-d4281f88d868	chr16	87752166	87837754	82542	49774	82542	32768	True	60
365	a03d35e1-13a8-4573-80c8-d4281f88d868	chr16	87752166	87837754	82542	65536	82542	17006	True	60
366	a03d35e1-13a8-4573-80c8-d4281f88d868	chr16	87752166	87837754	82542	81920	82542	622	True	60
367	9254c11d-2dbb-456f-a385-96e5c1f39652	chr16	87767977	87819129	51184	0	32768	32768	True	60
368	9254c11d-2dbb-456f-a385-96e5c1f39652	chr16	87767977	87819129	51184	16384	49152	32768	True	60
369	9254c11d-2dbb-456f-a385-96e5c1f39652	chr16	87767977	87819129	51184	18416	51184	32768	True	60
370	22639ecd-5740-4a14-a120-2cdddfa76df3	chr16	30659954	30701093	41122	0	32768	32768	False	60
371	22639ecd-5740-4a14-a120-2cdddfa76df3	chr16	30659954	30701093	41122	8354	41122	32768	False	60
372	22639ecd-5740-4a14-a120-2cdddfa76df3	chr16	30659954	30701093	41122	16384	41122	24738	False	60
373	22639ecd-5740-4a14-a120-2cdddfa76df3	chr16	30659954	30701093	41122	32768	41122	8354	False	60
374	81c36e24-514a-4c1d-b83d-e251b419ab3a	chr16	30664503	30700507	35025	0	32768	32768	True	60
375	81c36e24-514a-4c1d-b83d-e251b419ab3a	chr16	30664503	30700507	35025	2257	35025	32768	True	60
376	81c36e24-514a-4c1d-b83d-e251b419ab3a	chr16	30664503	30700507	35025	16384	35025	18641	True	60
377	81c36e24-514a-4c1d-b83d-e251b419ab3a	chr16	30664503	30700507	35025	32768	35025	2257	True	60
378	79eba684-db35-4933-9a08-0eff55d7295b	chr16	30668427	30702977	34495	0	32768	32768	True	60
379	79eba684-db35-4933-9a08-0eff55d7295b	chr16	30668427	30702977	34495	1727	34495	32768	True	60
380	e5de186d-184c-4878-b55a-a41549fabfee	chr16	57629056	57707272	77737	0	32768	32768	True	60
381	e5de186d-184c-4878-b55a-a41549fabfee	chr16	57629056	57707272	77737	16384	49152	32768	True	60
382	e5de186d-184c-4878-b55a-a41549fabfee	chr16	57629056	57707272	77737	32768	65536	32768	True	60
383	e5de186d-184c-4878-b55a-a41549fabfee	chr16	57629056	57707272	77737	44969	77737	32768	True	60
384	e5de186d-184c-4878-b55a-a41549fabfee	chr16	57629056	57707272	77737	49152	77737	28585	True	60
385	e5de186d-184c-4878-b55a-a41549fabfee	chr16	57629056	57707272	77737	65536	77737	12201	True	60
386	cc5526d2-b658-47fe-bba2-131555f05f74	chr16	57659261	57700564	41212	0	32768	32768	True	60
387	cc5526d2-b658-47fe-bba2-131555f05f74	chr16	57659261	57700564	41212	8444	41212	32768	True	60
388	cc5526d2-b658-47fe-bba2-131555f05f74	chr16	57659261	57700564	41212	16384	41212	24828	True	60
389	cc5526d2-b658-47fe-bba2-131555f05f74	chr16	57659261	57700564	41212	32768	41212	8444	True	60
390	aa570f81-d007-4254-99b4-9b48717a868c	chr16	69271711	69300076	46387	0	32768	32768	False	60
391	aa570f81-d007-4254-99b4-9b48717a868c	chr16	69271711	69300076	46387	13619	46387	32768	False	60
392	aa570f81-d007-4254-99b4-9b48717a868c	chr16	69271711	69300076	46387	16384	46387	30003	False	60
393	aa570f81-d007-4254-99b4-9b48717a868c	chr16	69271711	69300076	46387	32768	46387	13619	False	60
394	a4312945-5916-4530-bdb5-2a1ee46227b0	chr16	69271733	69318236	46412	0	32768	32768	False	60
395	a4312945-5916-4530-bdb5-2a1ee46227b0	chr16	69271733	69318236	46412	13644	46412	32768	False	60
396	a4312945-5916-4530-bdb5-2a1ee46227b0	chr16	69271733	69318236	46412	16384	46412	30028	False	60
397	a4312945-5916-4530-bdb5-2a1ee46227b0	chr16	69271733	69318236	46412	32768	46412	13644	False	60
398	818fb5af-3d7f-4fee-a571-0034168e7667	chr16	69273190	69305055	31807	0	31807	31807	True	60
399	267d5211-a72c-447c-a509-d5c3f862707f	chr16	69274036	69307404	37193	0	32768	32768	True	60
400	6e1ede6b-5ecc-453e-86e2-9071e45b2ad2	chr16	2761622	2822623	60820	0	32768	32768	False	60
401	6e1ede6b-5ecc-453e-86e2-9071e45b2ad2	chr16	2761622	2822623	60820	16384	49152	32768	False	60
402	6e1ede6b-5ecc-453e-86e2-9071e45b2ad2	chr16	2761622	2822623	60820	28052	60820	32768	False	60
403	6e1ede6b-5ecc-453e-86e2-9071e45b2ad2	chr16	2761622	2822623	60820	32768	60820	28052	False	60
404	6e1ede6b-5ecc-453e-86e2-9071e45b2ad2	chr16	2761622	2822623	60820	49152	60820	11668	False	60
405	8d804172-c205-429c-8814-15f56c2be5f8	chr16	2768520	2805505	35955	0	32768	32768	True	60
406	8d804172-c205-429c-8814-15f56c2be5f8	chr16	2768520	2805505	35955	3187	35955	32768	True	60
407	8d804172-c205-429c-8814-15f56c2be5f8	chr16	2768520	2805505	35955	16384	35955	19571	True	60
408	8d804172-c205-429c-8814-15f56c2be5f8	chr16	2768520	2805505	35955	32768	35955	3187	True	60
409	c2ff32ce-9264-4c1e-b812-4f7505a89a5c	chr16	2772865	2803554	30669	0	30669	30669	True	60
410	aad94c14-ee39-4d6a-9074-e0b97839c1b4	chr16	85466177	85512251	45294	0	32768	32768	True	60
411	aad94c14-ee39-4d6a-9074-e0b97839c1b4	chr16	85466177	85512251	45294	12526	45294	32768	True	60
412	aad94c14-ee39-4d6a-9074-e0b97839c1b4	chr16	85466177	85512251	45294	16384	45294	28910	True	60
413	aad94c14-ee39-4d6a-9074-e0b97839c1b4	chr16	85466177	85512251	45294	32768	45294	12526	True	60
414	b50b2b23-43c6-4c04-aff9-b082be75a65e	chr16	85483105	85522695	39709	0	32768	32768	False	60
415	b50b2b23-43c6-4c04-aff9-b082be75a65e	chr16	85483105	85522695	39709	6941	39709	32768	False	60
416	b50b2b23-43c6-4c04-aff9-b082be75a65e	chr16	85483105	85522695	39709	16384	39709	23325	False	60
417	b50b2b23-43c6-4c04-aff9-b082be75a65e	chr16	85483105	85522695	39709	32768	39709	6941	False	60
418	ffcbbf33-c594-4914-95c9-c9302c8d4015	chr16	85483395	85515938	40664	0	32768	32768	True	60
419	ffcbbf33-c594-4914-95c9-c9302c8d4015	chr16	85483395	85515938	40664	7896	40664	32768	True	60
420	380fbec4-239b-4923-854c-946ce2de6702	chr16	4559635	4607797	48119	0	32768	32768	True	60
421	380fbec4-239b-4923-854c-946ce2de6702	chr16	4559635	4607797	48119	15351	48119	32768	True	60
422	380fbec4-239b-4923-854c-946ce2de6702	chr16	4559635	4607797	48119	16384	48119	31735	True	60
423	380fbec4-239b-4923-854c-946ce2de6702	chr16	4559635	4607797	48119	32768	48119	15351	True	60
424	5df2f326-0fa7-4058-aede-28e3b17a93a3	chr16	4563886	4616191	52154	0	32768	32768	False	60
425	5df2f326-0fa7-4058-aede-28e3b17a93a3	chr16	4563886	4616191	52154	16384	49152	32768	False	60
426	5df2f326-0fa7-4058-aede-28e3b17a93a3	chr16	4563886	4616191	52154	19386	52154	32768	False	60
427	5df2f326-0fa7-4058-aede-28e3b17a93a3	chr16	4563886	4616191	52154	32768	52154	19386	False	60
428	5df2f326-0fa7-4058-aede-28e3b17a93a3	chr16	4563886	4616191	52154	49152	52154	3002	False	60
429	f1d35983-8ca3-4851-9099-8502cae87e72	chr16	4573558	4611580	44821	0	32768	32768	False	60
430	978ce1de-c471-4952-9b5a-dbad19860570	chr16	31054976	31107845	53265	0	32768	32768	True	60
431	978ce1de-c471-4952-9b5a-dbad19860570	chr16	31054976	31107845	53265	16384	49152	32768	True	60
432	978ce1de-c471-4952-9b5a-dbad19860570	chr16	31054976	31107845	53265	20497	53265	32768	True	60
433	978ce1de-c471-4952-9b5a-dbad19860570	chr16	31054976	31107845	53265	32768	53265	20497	True	60
434	978ce1de-c471-4952-9b5a-dbad19860570	chr16	31054976	31107845	53265	49152	53265	4113	True	60
435	ac22b76f-e245-4de7-8b62-1ed8cc177cea	chr16	31056810	31103595	45595	0	32768	32768	True	60
436	ac22b76f-e245-4de7-8b62-1ed8cc177cea	chr16	31056810	31103595	45595	12827	45595	32768	True	60
437	ac22b76f-e245-4de7-8b62-1ed8cc177cea	chr16	31056810	31103595	45595	16384	45595	29211	True	60
438	ac22b76f-e245-4de7-8b62-1ed8cc177cea	chr16	31056810	31103595	45595	32768	45595	12827	True	60
439	08709b61-4e21-4854-8515-de2a189686dc	chr16	31073352	31100176	26639	0	26639	26639	False	60
440	5b25e6c4-db4e-45f3-bc82-f0e3811c0805	chr16	30460340	30508346	47957	0	32768	32768	True	60
441	5b25e6c4-db4e-45f3-bc82-f0e3811c0805	chr16	30460340	30508346	47957	15189	47957	32768	True	60
442	5b25e6c4-db4e-45f3-bc82-f0e3811c0805	chr16	30460340	30508346	47957	16384	47957	31573	True	60
443	5b25e6c4-db4e-45f3-bc82-f0e3811c0805	chr16	30460340	30508346	47957	32768	47957	15189	True	60
444	7a69e788-4313-4aa7-ae63-d8bfdeb82981	chr16	30460679	30530990	69921	0	32768	32768	True	60
445	7a69e788-4313-4aa7-ae63-d8bfdeb82981	chr16	30460679	30530990	69921	16384	49152	32768	True	60
446	7a69e788-4313-4aa7-ae63-d8bfdeb82981	chr16	30460679	30530990	69921	32768	65536	32768	True	60
447	7a69e788-4313-4aa7-ae63-d8bfdeb82981	chr16	30460679	30530990	69921	37153	69921	32768	True	60
448	7a69e788-4313-4aa7-ae63-d8bfdeb82981	chr16	30460679	30530990	69921	49152	69921	20769	True	60
449	7a69e788-4313-4aa7-ae63-d8bfdeb82981	chr16	30460679	30530990	69921	65536	69921	4385	True	60
450	c6948aaa-79d3-4949-8417-350260ca3d3a	chr16	57524796	57607336	82394	0	32768	32768	True	60
451	c6948aaa-79d3-4949-8417-350260ca3d3a	chr16	57524796	57607336	82394	16384	49152	32768	True	60
452	c6948aaa-79d3-4949-8417-350260ca3d3a	chr16	57524796	57607336	82394	32768	65536	32768	True	60
453	c6948aaa-79d3-4949-8417-350260ca3d3a	chr16	57524796	57607336	82394	49152	81920	32768	True	60
454	c6948aaa-79d3-4949-8417-350260ca3d3a	chr16	57524796	57607336	82394	49626	82394	32768	True	60
455	c6948aaa-79d3-4949-8417-350260ca3d3a	chr16	57524796	57607336	82394	65536	82394	16858	True	60
456	c6948aaa-79d3-4949-8417-350260ca3d3a	chr16	57524796	57607336	82394	81920	82394	474	True	60
457	cc19a1a3-2327-4bdb-8adb-69dc6fdede0f	chr16	57572929	57611054	38027	0	32768	32768	False	60
458	cc19a1a3-2327-4bdb-8adb-69dc6fdede0f	chr16	57572929	57611054	38027	5259	38027	32768	False	60
459	cc19a1a3-2327-4bdb-8adb-69dc6fdede0f	chr16	57572929	57611054	38027	16384	38027	21643	False	60
460	28d701f3-84fc-4d21-a7d1-2e7e24b28e44	chr16	2363899	2406451	41571	0	32768	32768	False	60
461	28d701f3-84fc-4d21-a7d1-2e7e24b28e44	chr16	2363899	2406451	41571	8803	41571	32768	False	60
462	28d701f3-84fc-4d21-a7d1-2e7e24b28e44	chr16	2363899	2406451	41571	16384	41571	25187	False	60
463	28d701f3-84fc-4d21-a7d1-2e7e24b28e44	chr16	2363899	2406451	41571	32768	41571	8803	False	60
464	0c1a449d-ea91-4b9e-b9bf-8d9acbc7bb7a	chr16	2369875	2426906	56831	0	32768	32768	False	60
465	0c1a449d-ea91-4b9e-b9bf-8d9acbc7bb7a	chr16	2369875	2426906	56831	16384	49152	32768	False	60
466	0c1a449d-ea91-4b9e-b9bf-8d9acbc7bb7a	chr16	2369875	2426906	56831	24063	56831	32768	False	60
467	0c1a449d-ea91-4b9e-b9bf-8d9acbc7bb7a	chr16	2369875	2426906	56831	32768	56831	24063	False	60
468	0c1a449d-ea91-4b9e-b9bf-8d9acbc7bb7a	chr16	2369875	2426906	56831	49152	56831	7679	False	60
469	0b2fc8a1-9eb4-4105-8db5-900541e9fb61	chr16	2372532	2414014	41449	0	32768	32768	True	60
470	6e848ae9-5126-4006-a90e-4562c3dc605f	chr16	10000	13126	5634	0	5634	5634	False	60
471	f7fb7c38-512c-4d12-9b92-5888f857a55b	chr16	10000	24442	16737	0	16737	16737	False	60
472	a3e4e5c9-6b52-47e3-a53b-ccdd577c0143	chr16	10000	20904	12841	0	12841	12841	False	60
473	b94faa9d-8e91-4709-950c-ba72384980f8	chr16	10000	38876	30994	0	30994	30994	False	60
474	fa2c18e5-681d-4e32-98bb-7d4368804873	chr16	10000	36313	30902	0	30902	30902	False	60
475	2df5391e-65d3-45bd-8fae-276db01a4ea8	chr16	10000	34853	27815	0	27815	27815	False	60
476	9ef481a7-6c9b-4442-b1aa-fe92659dcc1c	chr16	10000	23057	14801	0	14801	14801	False	60
477	f38c4856-ef03-4dc4-bb1f-e72c3c10b6f7	chr16	10000	36059	28845	0	28845	28845	False	60
478	e02ab815-198b-4ecb-a199-70a87dafd7d3	chr16	10000	24500	17363	0	17363	17363	False	60
479	73e9be51-0711-41a7-93de-4a5d750fd8fd	chr16	10000	17002	9786	0	9786	9786	False	60
480	254ba7f9-da8b-4557-8751-2b99cd24a0af	chr16	88368557	88407622	39476	0	32768	32768	True	60
481	254ba7f9-da8b-4557-8751-2b99cd24a0af	chr16	88368557	88407622	39476	6708	39476	32768	True	60
482	254ba7f9-da8b-4557-8751-2b99cd24a0af	chr16	88368557	88407622	39476	16384	39476	23092	True	60
483	254ba7f9-da8b-4557-8751-2b99cd24a0af	chr16	88368557	88407622	39476	32768	39476	6708	True	60
484	4b0f248b-de24-4d93-8b93-5677317c71d0	chr16	88368715	88401242	32853	0	32768	32768	True	60
485	4b0f248b-de24-4d93-8b93-5677317c71d0	chr16	88368715	88401242	32853	85	32853	32768	True	60
486	4b0f248b-de24-4d93-8b93-5677317c71d0	chr16	88368715	88401242	32853	16384	32853	16469	True	60
487	4b0f248b-de24-4d93-8b93-5677317c71d0	chr16	88368715	88401242	32853	32768	32853	85	True	60
488	7b1fb9ac-96bc-4c31-8ea7-45ea4c42b9e8	chr16	88375132	88402006	26997	0	26997	26997	False	60
489	8e6d8319-4b88-4708-b4e3-3ff9ecc69a81	chr16	88375141	88411660	36656	0	32768	32768	True	60
490	a2e773ef-bcb3-4b37-94d6-969afeff2cf4	chr16	85567889	85600890	32954	0	32768	32768	False	60
491	a2e773ef-bcb3-4b37-94d6-969afeff2cf4	chr16	85567889	85600890	32954	186	32954	32768	False	60
492	a2e773ef-bcb3-4b37-94d6-969afeff2cf4	chr16	85567889	85600890	32954	16384	32954	16570	False	60
493	a2e773ef-bcb3-4b37-94d6-969afeff2cf4	chr16	85567889	85600890	32954	32768	32954	186	False	60
494	4c7e51e3-30cc-4a40-ac81-205183fea355	chr16	85567936	85605610	37732	0	32768	32768	False	60
495	4c7e51e3-30cc-4a40-ac81-205183fea355	chr16	85567936	85605610	37732	4964	37732	32768	False	60
496	4c7e51e3-30cc-4a40-ac81-205183fea355	chr16	85567936	85605610	37732	16384	37732	21348	False	60
497	4c7e51e3-30cc-4a40-ac81-205183fea355	chr16	85567936	85605610	37732	32768	37732	4964	False	60
498	4e44bf1d-0080-4a57-97a8-5bc5b1740602	chr16	85570103	85600146	39271	0	32768	32768	False	60
499	4e44bf1d-0080-4a57-97a8-5bc5b1740602	chr16	85570103	85600146	39271	6503	39271	32768	False	60
500	6163cef7-77c5-4920-810e-13eb302a6969	chr16	29858310	29900780	42415	0	32768	32768	False	60
501	6163cef7-77c5-4920-810e-13eb302a6969	chr16	29858310	29900780	42415	9647	42415	32768	False	60
502	6163cef7-77c5-4920-810e-13eb302a6969	chr16	29858310	29900780	42415	16384	42415	26031	False	60
503	6163cef7-77c5-4920-810e-13eb302a6969	chr16	29858310	29900780	42415	32768	42415	9647	False	60
504	e4bf821c-b419-45b3-8f17-504e72e4bcf9	chr16	29868662	29906179	37384	0	32768	32768	False	60
505	e4bf821c-b419-45b3-8f17-504e72e4bcf9	chr16	29868662	29906179	37384	4616	37384	32768	False	60
506	e4bf821c-b419-45b3-8f17-504e72e4bcf9	chr16	29868662	29906179	37384	16384	37384	21000	False	60
507	e4bf821c-b419-45b3-8f17-504e72e4bcf9	chr16	29868662	29906179	37384	32768	37384	4616	False	60
508	ab340863-b151-46e2-9a64-a738c416704d	chr16	29868768	29904705	34947	0	32768	32768	True	60
509	ab340863-b151-46e2-9a64-a738c416704d	chr16	29868768	29904705	34947	2179	34947	32768	True	60
510	6ca13c1d-6eac-49fc-8e2f-c3c8e1acd114	chr16	88460955	88500065	38967	0	32768	32768	False	60
511	6ca13c1d-6eac-49fc-8e2f-c3c8e1acd114	chr16	88460955	88500065	38967	6199	38967	32768	False	60
512	6ca13c1d-6eac-49fc-8e2f-c3c8e1acd114	chr16	88460955	88500065	38967	16384	38967	22583	False	60
513	6ca13c1d-6eac-49fc-8e2f-c3c8e1acd114	chr16	88460955	88500065	38967	32768	38967	6199	False	60
514	940f1eb6-eb5d-4b9f-b514-3b14f3f31a22	chr16	88467312	88504346	36962	0	32768	32768	False	60
515	940f1eb6-eb5d-4b9f-b514-3b14f3f31a22	chr16	88467312	88504346	36962	4194	36962	32768	False	60
516	940f1eb6-eb5d-4b9f-b514-3b14f3f31a22	chr16	88467312	88504346	36962	16384	36962	20578	False	60
517	940f1eb6-eb5d-4b9f-b514-3b14f3f31a22	chr16	88467312	88504346	36962	32768	36962	4194	False	60
518	b4310f07-400f-49e3-9c45-d87342b56dcc	chr16	88471067	88511093	39972	0	32768	32768	True	60
519	b4310f07-400f-49e3-9c45-d87342b56dcc	chr16	88471067	88511093	39972	7204	39972	32768	True	60
520	361c3eb9-f665-4d6c-8767-487d7c46b1ad	chr16	67868222	67905733	37386	0	32768	32768	False	60
521	361c3eb9-f665-4d6c-8767-487d7c46b1ad	chr16	67868222	67905733	37386	4618	37386	32768	False	60
522	361c3eb9-f665-4d6c-8767-487d7c46b1ad	chr16	67868222	67905733	37386	16384	37386	21002	False	60
523	361c3eb9-f665-4d6c-8767-487d7c46b1ad	chr16	67868222	67905733	37386	32768	37386	4618	False	60
524	0ae5cbb4-2cf3-410a-b0b3-6cc1b6d4d344	chr16	67875145	67904724	28881	0	28881	28881	True	60
525	b80846b3-bb65-4bc3-8d8a-5ea032e72be0	chr16	67877500	67916671	39170	0	32768	32768	True	60
526	b80846b3-bb65-4bc3-8d8a-5ea032e72be0	chr16	67877500	67916671	39170	6402	39170	32768	True	60
527	b80846b3-bb65-4bc3-8d8a-5ea032e72be0	chr16	67877500	67916671	39170	16384	39170	22786	True	60
528	b80846b3-bb65-4bc3-8d8a-5ea032e72be0	chr16	67877500	67916671	39170	32768	39170	6402	True	60
529	e2149e40-a0c8-444a-8894-a1b58edff466	chr16	67881541	67903459	21896	0	21896	21896	True	60
530	cb6f5f34-226a-4249-a87f-a558423929fa	chr16	85651919	85705676	53855	0	32768	32768	False	60
531	cb6f5f34-226a-4249-a87f-a558423929fa	chr16	85651919	85705676	53855	16384	49152	32768	False	60
532	cb6f5f34-226a-4249-a87f-a558423929fa	chr16	85651919	85705676	53855	21087	53855	32768	False	60
533	cb6f5f34-226a-4249-a87f-a558423929fa	chr16	85651919	85705676	53855	32768	53855	21087	False	60
534	cb6f5f34-226a-4249-a87f-a558423929fa	chr16	85651919	85705676	53855	49152	53855	4703	False	60
535	f7825a6a-4578-4dd8-9e48-8963fa27ef5b	chr16	85651919	85705676	53868	0	32768	32768	True	60
536	f7825a6a-4578-4dd8-9e48-8963fa27ef5b	chr16	85651919	85705676	53868	16384	49152	32768	True	60
537	f7825a6a-4578-4dd8-9e48-8963fa27ef5b	chr16	85651919	85705676	53868	21100	53868	32768	True	60
538	f7825a6a-4578-4dd8-9e48-8963fa27ef5b	chr16	85651919	85705676	53868	32768	53868	21100	True	60
539	f7825a6a-4578-4dd8-9e48-8963fa27ef5b	chr16	85651919	85705676	53868	49152	53868	4716	True	60
540	0ec849b5-2c75-4aa9-a5e2-e62a030b1ed1	chr16	70368871	70409385	40400	0	32768	32768	False	60
541	0ec849b5-2c75-4aa9-a5e2-e62a030b1ed1	chr16	70368871	70409385	40400	7632	40400	32768	False	60
542	0ec849b5-2c75-4aa9-a5e2-e62a030b1ed1	chr16	70368871	70409385	40400	16384	40400	24016	False	60
543	0ec849b5-2c75-4aa9-a5e2-e62a030b1ed1	chr16	70368871	70409385	40400	32768	40400	7632	False	60
544	144f3c74-a2ca-43f0-89b2-8eb5a0726ed4	chr16	70374582	70405122	30535	0	30535	30535	True	60
545	c134373f-268e-4ea8-b489-ccb011b796ac	chr16	70375452	70400950	25421	0	25421	25421	False	60
546	22e8d3c9-4135-4e3b-801c-61b6c1380799	chr16	70376081	70402734	26641	0	26641	26641	False	60
547	73b09d65-334b-40a3-9314-1dbda79c2118	chr16	70376354	70415114	37627	0	32768	32768	False	60
548	73b09d65-334b-40a3-9314-1dbda79c2118	chr16	70376354	70415114	37627	4859	37627	32768	False	60
549	73b09d65-334b-40a3-9314-1dbda79c2118	chr16	70376354	70415114	37627	16384	37627	21243	False	60
550	e252b150-c015-46cc-955a-ef5f5330c4f8	chr16	4962135	5010572	48407	0	32768	32768	True	60
551	e252b150-c015-46cc-955a-ef5f5330c4f8	chr16	4962135	5010572	48407	15639	48407	32768	True	60
552	e252b150-c015-46cc-955a-ef5f5330c4f8	chr16	4962135	5010572	48407	16384	48407	32023	True	60
553	e252b150-c015-46cc-955a-ef5f5330c4f8	chr16	4962135	5010572	48407	32768	48407	15639	True	60
554	a3d50aba-d2e5-4f4e-b1d0-a621b368f87c	chr16	4970751	5025021	65588	0	32768	32768	False	60
555	a3d50aba-d2e5-4f4e-b1d0-a621b368f87c	chr16	4970751	5025021	65588	16384	49152	32768	False	60
556	a3d50aba-d2e5-4f4e-b1d0-a621b368f87c	chr16	4970751	5025021	65588	32768	65536	32768	False	60
557	a3d50aba-d2e5-4f4e-b1d0-a621b368f87c	chr16	4970751	5025021	65588	32820	65588	32768	False	60
558	a3d50aba-d2e5-4f4e-b1d0-a621b368f87c	chr16	4970751	5025021	65588	49152	65588	16436	False	60
559	a3d50aba-d2e5-4f4e-b1d0-a621b368f87c	chr16	4970751	5025021	65588	65536	65588	52	False	60
560	c1b78281-a23d-40b4-91d8-fba7e478972f	chr16	56570164	56609903	39131	0	32768	32768	False	60
561	c1b78281-a23d-40b4-91d8-fba7e478972f	chr16	56570164	56609903	39131	6363	39131	32768	False	60
562	c1b78281-a23d-40b4-91d8-fba7e478972f	chr16	56570164	56609903	39131	16384	39131	22747	False	60
563	c1b78281-a23d-40b4-91d8-fba7e478972f	chr16	56570164	56609903	39131	32768	39131	6363	False	60
564	eab3b2be-ef30-4a6b-ba40-b4de868943aa	chr16	56570249	56608695	38060	0	32768	32768	True	60
565	eab3b2be-ef30-4a6b-ba40-b4de868943aa	chr16	56570249	56608695	38060	5292	38060	32768	True	60
566	eab3b2be-ef30-4a6b-ba40-b4de868943aa	chr16	56570249	56608695	38060	16384	38060	21676	True	60
567	eab3b2be-ef30-4a6b-ba40-b4de868943aa	chr16	56570249	56608695	38060	32768	38060	5292	True	60
568	c0d9d351-b9f4-40ed-b86f-d753242ead4f	chr16	56571655	56600959	28934	0	28934	28934	True	60
569	f3e8aa75-1323-4147-b2e9-5a23cee2f196	chr16	56572088	56619279	46715	0	32768	32768	False	60
570	83a0c9b3-5c61-4f8a-a002-4712e60dfd55	chr16	89563353	89603790	40029	0	32768	32768	False	60
571	83a0c9b3-5c61-4f8a-a002-4712e60dfd55	chr16	89563353	89603790	40029	7261	40029	32768	False	60
572	83a0c9b3-5c61-4f8a-a002-4712e60dfd55	chr16	89563353	89603790	40029	16384	40029	23645	False	60
573	83a0c9b3-5c61-4f8a-a002-4712e60dfd55	chr16	89563353	89603790	40029	32768	40029	7261	False	60
574	a10fe038-bd6a-401b-97aa-73d5eff9b3e0	chr16	89574102	89604583	30739	0	30739	30739	False	60
575	db3a8213-06a2-4bf7-8894-3bfc7f13a6bd	chr16	89577606	89618552	42279	0	32768	32768	False	60
576	db3a8213-06a2-4bf7-8894-3bfc7f13a6bd	chr16	89577606	89618552	42279	9511	42279	32768	False	60
577	db3a8213-06a2-4bf7-8894-3bfc7f13a6bd	chr16	89577606	89618552	42279	16384	42279	25895	False	60
578	db3a8213-06a2-4bf7-8894-3bfc7f13a6bd	chr16	89577606	89618552	42279	32768	42279	9511	False	60
579	1b311f9c-5e5c-46a2-884b-30cd0c716cfb	chr16	89583772	89602359	19326	0	19326	19326	False	60
580	6dc4193a-b8de-474a-9582-8b1afdb0d21c	chr16	89664236	89727523	63021	0	32768	32768	True	60
581	6dc4193a-b8de-474a-9582-8b1afdb0d21c	chr16	89664236	89727523	63021	16384	49152	32768	True	60
582	6dc4193a-b8de-474a-9582-8b1afdb0d21c	chr16	89664236	89727523	63021	30253	63021	32768	True	60
583	6dc4193a-b8de-474a-9582-8b1afdb0d21c	chr16	89664236	89727523	63021	32768	63021	30253	True	60
584	6dc4193a-b8de-474a-9582-8b1afdb0d21c	chr16	89664236	89727523	63021	49152	63021	13869	True	60
585	2438b325-d482-4692-9fbf-bbf368df06ac	chr16	89665802	89700550	34644	0	32768	32768	True	60
586	2438b325-d482-4692-9fbf-bbf368df06ac	chr16	89665802	89700550	34644	1876	34644	32768	True	60
587	2438b325-d482-4692-9fbf-bbf368df06ac	chr16	89665802	89700550	34644	16384	34644	18260	True	60
588	2438b325-d482-4692-9fbf-bbf368df06ac	chr16	89665802	89700550	34644	32768	34644	1876	True	60
589	13af7780-8c78-4c05-a33e-28c6355049c6	chr16	89670916	89707554	36570	0	32768	32768	False	60
590	9f9b5fa5-da43-4207-af10-33ec77eba0dc	chr16	28862841	28910683	47692	0	32768	32768	False	60
591	9f9b5fa5-da43-4207-af10-33ec77eba0dc	chr16	28862841	28910683	47692	14924	47692	32768	False	60
592	9f9b5fa5-da43-4207-af10-33ec77eba0dc	chr16	28862841	28910683	47692	16384	47692	31308	False	60
593	9f9b5fa5-da43-4207-af10-33ec77eba0dc	chr16	28862841	28910683	47692	32768	47692	14924	False	60
594	0a74cbbf-d6d1-45f6-acae-7f7cdfc27d7a	chr16	28864513	28901393	36769	0	32768	32768	True	60
595	0a74cbbf-d6d1-45f6-acae-7f7cdfc27d7a	chr16	28864513	28901393	36769	4001	36769	32768	True	60
596	0a74cbbf-d6d1-45f6-acae-7f7cdfc27d7a	chr16	28864513	28901393	36769	16384	36769	20385	True	60
597	0a74cbbf-d6d1-45f6-acae-7f7cdfc27d7a	chr16	28864513	28901393	36769	32768	36769	4001	True	60
598	93c65b2f-c9d6-475b-8f78-83939d8da1ba	chr16	28866787	28934534	68245	0	32768	32768	True	60
599	93c65b2f-c9d6-475b-8f78-83939d8da1ba	chr16	28866787	28934534	68245	16384	49152	32768	True	60
600	0765d01e-fa39-4795-a896-67dccc98a102	chr16	1342386	1407578	63727	0	32768	32768	True	60
601	0765d01e-fa39-4795-a896-67dccc98a102	chr16	1342386	1407578	63727	16384	49152	32768	True	60
602	0765d01e-fa39-4795-a896-67dccc98a102	chr16	1342386	1407578	63727	30959	63727	32768	True	60
603	0765d01e-fa39-4795-a896-67dccc98a102	chr16	1342386	1407578	63727	32768	63727	30959	True	60
604	0765d01e-fa39-4795-a896-67dccc98a102	chr16	1342386	1407578	63727	49152	63727	14575	True	60
605	1a09cb4a-51dc-4a82-a054-5b512d7cf20f	chr16	1352944	1417733	62836	0	32768	32768	True	60
606	1a09cb4a-51dc-4a82-a054-5b512d7cf20f	chr16	1352944	1417733	62836	16384	49152	32768	True	60
607	1a09cb4a-51dc-4a82-a054-5b512d7cf20f	chr16	1352944	1417733	62836	30068	62836	32768	True	60
608	1a09cb4a-51dc-4a82-a054-5b512d7cf20f	chr16	1352944	1417733	62836	32768	62836	30068	True	60
609	1a09cb4a-51dc-4a82-a054-5b512d7cf20f	chr16	1352944	1417733	62836	49152	62836	13684	True	60
610	fe36bd1a-dc1b-499c-a24b-98c88d90fb17	chr16	69073962	69103767	29168	0	29168	29168	True	60
611	9c779bed-08da-4319-bafe-132ed9120672	chr16	69076428	69100078	23548	0	23548	23548	False	60
612	4771cc79-d6ef-42b9-b43d-99d79353b58e	chr16	69076523	69100400	23878	0	23878	23878	True	60
613	8728f604-5f67-4828-866e-1a302a736a49	chr16	69077011	69101360	24138	0	24138	24138	True	60
614	c47652d3-2b5a-4e15-b059-3be3392951c0	chr16	69077951	69118966	40985	0	32768	32768	False	60
615	c47652d3-2b5a-4e15-b059-3be3392951c0	chr16	69077951	69118966	40985	8217	40985	32768	False	60
616	c47652d3-2b5a-4e15-b059-3be3392951c0	chr16	69077951	69118966	40985	16384	40985	24601	False	60
617	c47652d3-2b5a-4e15-b059-3be3392951c0	chr16	69077951	69118966	40985	32768	40985	8217	False	60
618	6146f311-df71-489b-89ba-424c6c1b7589	chr16	69082131	69127041	44839	0	32768	32768	True	60
619	6146f311-df71-489b-89ba-424c6c1b7589	chr16	69082131	69127041	44839	12071	44839	32768	True	60
620	7ea93ddc-cf8b-44d0-936a-f5da21d55ee3	chr16	30361982	30410293	48208	0	32768	32768	False	60
621	7ea93ddc-cf8b-44d0-936a-f5da21d55ee3	chr16	30361982	30410293	48208	15440	48208	32768	False	60
622	7ea93ddc-cf8b-44d0-936a-f5da21d55ee3	chr16	30361982	30410293	48208	16384	48208	31824	False	60
623	7ea93ddc-cf8b-44d0-936a-f5da21d55ee3	chr16	30361982	30410293	48208	32768	48208	15440	False	60
624	5b75cb16-7237-4797-8080-b68b0a0109ee	chr16	30375005	30402202	27186	0	27186	27186	False	60
625	e6838325-e2ad-406e-8127-3b68286fa8be	chr16	30375341	30400962	36812	0	32768	32768	False	60
626	e6838325-e2ad-406e-8127-3b68286fa8be	chr16	30375341	30400962	36812	4044	36812	32768	False	60
627	e6838325-e2ad-406e-8127-3b68286fa8be	chr16	30375341	30400962	36812	16384	36812	20428	False	60
628	e6838325-e2ad-406e-8127-3b68286fa8be	chr16	30375341	30400962	36812	32768	36812	4044	False	60
629	28fdad53-6156-4c7a-b827-c740db7bd8d3	chr16	30379116	30405042	25987	0	25987	25987	False	60
630	ded09b50-958e-4966-918a-de9bc914acb7	chr16	81366161	81405876	39771	0	32768	32768	False	60
631	ded09b50-958e-4966-918a-de9bc914acb7	chr16	81366161	81405876	39771	7003	39771	32768	False	60
632	ded09b50-958e-4966-918a-de9bc914acb7	chr16	81366161	81405876	39771	16384	39771	23387	False	60
633	ded09b50-958e-4966-918a-de9bc914acb7	chr16	81366161	81405876	39771	32768	39771	7003	False	60
634	77bc3be1-1b05-4bd4-aa4c-3fc2960ed858	chr16	81370779	81408939	42491	0	32768	32768	False	60
635	77bc3be1-1b05-4bd4-aa4c-3fc2960ed858	chr16	81370779	81408939	42491	9723	42491	32768	False	60
636	77bc3be1-1b05-4bd4-aa4c-3fc2960ed858	chr16	81370779	81408939	42491	16384	42491	26107	False	60
637	77bc3be1-1b05-4bd4-aa4c-3fc2960ed858	chr16	81370779	81408939	42491	32768	42491	9723	False	60
638	bf833562-b4d9-4a74-ae48-f61583a83d4e	chr16	81373814	81404917	31112	0	31112	31112	True	60
639	1f231e25-ab6a-44c0-a4d1-41cf66857994	chr16	81376806	81401481	24604	0	24604	24604	True	60
640	df58d337-c51b-453e-a34f-fa77c9ae2aff	chr16	67361865	67405514	43184	0	32768	32768	True	60
641	df58d337-c51b-453e-a34f-fa77c9ae2aff	chr16	67361865	67405514	43184	10416	43184	32768	True	60
642	df58d337-c51b-453e-a34f-fa77c9ae2aff	chr16	67361865	67405514	43184	16384	43184	26800	True	60
643	df58d337-c51b-453e-a34f-fa77c9ae2aff	chr16	67361865	67405514	43184	32768	43184	10416	True	60
644	46881dfc-6fb1-454e-b869-fae6bc8a1266	chr16	67365947	67407207	39692	0	32768	32768	False	60
645	46881dfc-6fb1-454e-b869-fae6bc8a1266	chr16	67365947	67407207	39692	6924	39692	32768	False	60
646	46881dfc-6fb1-454e-b869-fae6bc8a1266	chr16	67365947	67407207	39692	16384	39692	23308	False	60
647	46881dfc-6fb1-454e-b869-fae6bc8a1266	chr16	67365947	67407207	39692	32768	39692	6924	False	60
648	f3e3011b-955a-4451-b16b-09d604108ac4	chr16	67367146	67404979	37823	0	32768	32768	False	60
649	f3e3011b-955a-4451-b16b-09d604108ac4	chr16	67367146	67404979	37823	5055	37823	32768	False	60
650	9531f801-adb8-4397-9d54-ce9d19aba6ff	chr16	70552304	70600151	47835	0	32768	32768	False	60
651	9531f801-adb8-4397-9d54-ce9d19aba6ff	chr16	70552304	70600151	47835	15067	47835	32768	False	60
652	9531f801-adb8-4397-9d54-ce9d19aba6ff	chr16	70552304	70600151	47835	16384	47835	31451	False	60
653	9531f801-adb8-4397-9d54-ce9d19aba6ff	chr16	70552304	70600151	47835	32768	47835	15067	False	60
654	877aed77-effb-4ab4-ab8e-64c16e579643	chr16	70553567	70605464	51755	0	32768	32768	False	60
655	877aed77-effb-4ab4-ab8e-64c16e579643	chr16	70553567	70605464	51755	16384	49152	32768	False	60
656	877aed77-effb-4ab4-ab8e-64c16e579643	chr16	70553567	70605464	51755	18987	51755	32768	False	60
657	877aed77-effb-4ab4-ab8e-64c16e579643	chr16	70553567	70605464	51755	32768	51755	18987	False	60
658	877aed77-effb-4ab4-ab8e-64c16e579643	chr16	70553567	70605464	51755	49152	51755	2603	False	60
659	210077db-1fc5-418a-8f02-57e9dbe9b03b	chr16	70558741	70609067	50296	0	32768	32768	True	60
660	8448e1a2-fb27-4e77-8508-82fe9093ef37	chr16	2463276	2509424	44808	0	32768	32768	False	60
661	8448e1a2-fb27-4e77-8508-82fe9093ef37	chr16	2463276	2509424	44808	12040	44808	32768	False	60
662	8448e1a2-fb27-4e77-8508-82fe9093ef37	chr16	2463276	2509424	44808	16384	44808	28424	False	60
663	8448e1a2-fb27-4e77-8508-82fe9093ef37	chr16	2463276	2509424	44808	32768	44808	12040	False	60
664	214e19e8-c1ba-4caf-b042-48b90cb66c38	chr16	2463602	2502663	38992	0	32768	32768	True	60
665	214e19e8-c1ba-4caf-b042-48b90cb66c38	chr16	2463602	2502663	38992	6224	38992	32768	True	60
666	214e19e8-c1ba-4caf-b042-48b90cb66c38	chr16	2463602	2502663	38992	16384	38992	22608	True	60
667	214e19e8-c1ba-4caf-b042-48b90cb66c38	chr16	2463602	2502663	38992	32768	38992	6224	True	60
668	6aa00979-83ba-4cf7-b8e4-82792e8d27d6	chr16	2468405	2517176	48346	0	32768	32768	True	60
669	6aa00979-83ba-4cf7-b8e4-82792e8d27d6	chr16	2468405	2517176	48346	15578	48346	32768	True	60
670	9baff1e1-a3e2-4e05-a73f-2865491b2596	chr16	1558810	1602754	44074	0	32768	32768	True	60
671	9baff1e1-a3e2-4e05-a73f-2865491b2596	chr16	1558810	1602754	44074	11306	44074	32768	True	60
672	9baff1e1-a3e2-4e05-a73f-2865491b2596	chr16	1558810	1602754	44074	16384	44074	27690	True	60
673	9baff1e1-a3e2-4e05-a73f-2865491b2596	chr16	1558810	1602754	44074	32768	44074	11306	True	60
674	d91e9a3e-8985-481d-84bf-e3eb318b7ba6	chr16	1567029	1609235	42479	0	32768	32768	False	60
675	d91e9a3e-8985-481d-84bf-e3eb318b7ba6	chr16	1567029	1609235	42479	9711	42479	32768	False	60
676	d91e9a3e-8985-481d-84bf-e3eb318b7ba6	chr16	1567029	1609235	42479	16384	42479	26095	False	60
677	d91e9a3e-8985-481d-84bf-e3eb318b7ba6	chr16	1567029	1609235	42479	32768	42479	9711	False	60
678	b88e37fb-4f6b-4dee-ba98-e6995ae1fd95	chr16	1569779	1603491	33358	0	32768	32768	False	60
679	b88e37fb-4f6b-4dee-ba98-e6995ae1fd95	chr16	1569779	1603491	33358	590	33358	32768	False	60
680	fd031206-aabb-4ebf-89ad-2ce149564848	chr16	4372890	4404870	31839	0	31839	31839	True	60
681	21217566-c269-438e-9811-94a383e772ed	chr16	4374958	4413864	38905	0	32768	32768	False	60
682	21217566-c269-438e-9811-94a383e772ed	chr16	4374958	4413864	38905	6137	38905	32768	False	60
683	21217566-c269-438e-9811-94a383e772ed	chr16	4374958	4413864	38905	16384	38905	22521	False	60
684	21217566-c269-438e-9811-94a383e772ed	chr16	4374958	4413864	38905	32768	38905	6137	False	60
685	47a95f02-50fe-45b4-b6b4-4c9a81e023b2	chr16	4375926	4428102	51965	0	32768	32768	True	60
686	47a95f02-50fe-45b4-b6b4-4c9a81e023b2	chr16	4375926	4428102	51965	16384	49152	32768	True	60
687	47a95f02-50fe-45b4-b6b4-4c9a81e023b2	chr16	4375926	4428102	51965	19197	51965	32768	True	60
688	47a95f02-50fe-45b4-b6b4-4c9a81e023b2	chr16	4375926	4428102	51965	32768	51965	19197	True	60
689	47a95f02-50fe-45b4-b6b4-4c9a81e023b2	chr16	4375926	4428102	51965	49152	51965	2813	True	60
690	78db23fb-d91b-498b-ba46-21020e344d6a	chr16	21463650	21505363	41592	0	32768	32768	False	60
691	78db23fb-d91b-498b-ba46-21020e344d6a	chr16	21463650	21505363	41592	8824	41592	32768	False	60
692	78db23fb-d91b-498b-ba46-21020e344d6a	chr16	21463650	21505363	41592	16384	41592	25208	False	60
693	78db23fb-d91b-498b-ba46-21020e344d6a	chr16	21463650	21505363	41592	32768	41592	8824	False	60
694	f9d6f4a5-56f6-4bd1-bd5a-c03319c4eae1	chr16	21469833	21501708	44887	0	32768	32768	False	31
695	f9d6f4a5-56f6-4bd1-bd5a-c03319c4eae1	chr16	21469833	21501708	44887	12119	44887	32768	False	31
696	f9d6f4a5-56f6-4bd1-bd5a-c03319c4eae1	chr16	21469833	21501708	44887	16384	44887	28503	False	31
697	f9d6f4a5-56f6-4bd1-bd5a-c03319c4eae1	chr16	21469833	21501708	44887	32768	44887	12119	False	31
698	5a1769b9-3258-49d6-b614-a51649441310	chr16	21481036	21518449	35974	0	32768	32768	True	60
699	5a1769b9-3258-49d6-b614-a51649441310	chr16	21481036	21518449	35974	3206	35974	32768	True	60
700	7067cbd8-cccf-4fa9-a947-04c9f2e13c24	chr16	72953810	73001402	45958	0	32768	32768	False	60
701	7067cbd8-cccf-4fa9-a947-04c9f2e13c24	chr16	72953810	73001402	45958	13190	45958	32768	False	60
702	7067cbd8-cccf-4fa9-a947-04c9f2e13c24	chr16	72953810	73001402	45958	16384	45958	29574	False	60
703	7067cbd8-cccf-4fa9-a947-04c9f2e13c24	chr16	72953810	73001402	45958	32768	45958	13190	False	60
704	f972d61f-5b46-449d-b093-327222b22df9	chr16	72964788	73009396	44590	0	32768	32768	False	60
705	f972d61f-5b46-449d-b093-327222b22df9	chr16	72964788	73009396	44590	11822	44590	32768	False	60
706	f972d61f-5b46-449d-b093-327222b22df9	chr16	72964788	73009396	44590	16384	44590	28206	False	60
707	f972d61f-5b46-449d-b093-327222b22df9	chr16	72964788	73009396	44590	32768	44590	11822	False	60
708	53f6c571-7126-4841-a6b8-3acdbd813725	chr16	72970270	73004554	32832	0	32768	32768	True	60
709	53f6c571-7126-4841-a6b8-3acdbd813725	chr16	72970270	73004554	32832	64	32832	32768	True	60
710	7574a2d8-4223-4dac-925b-48b7ffbbc840	chr16	66853974	66901091	47034	0	32768	32768	False	60
711	7574a2d8-4223-4dac-925b-48b7ffbbc840	chr16	66853974	66901091	47034	14266	47034	32768	False	60
712	7574a2d8-4223-4dac-925b-48b7ffbbc840	chr16	66853974	66901091	47034	16384	47034	30650	False	60
713	7574a2d8-4223-4dac-925b-48b7ffbbc840	chr16	66853974	66901091	47034	32768	47034	14266	False	60
714	270da000-ba7f-41e0-ab21-68971b07487a	chr16	66867191	66900476	33222	0	32768	32768	False	60
715	270da000-ba7f-41e0-ab21-68971b07487a	chr16	66867191	66900476	33222	454	33222	32768	False	60
716	270da000-ba7f-41e0-ab21-68971b07487a	chr16	66867191	66900476	33222	16384	33222	16838	False	60
717	270da000-ba7f-41e0-ab21-68971b07487a	chr16	66867191	66900476	33222	32768	33222	454	False	60
718	0a7f9174-bf5f-4c8c-b588-8ba6a2136eef	chr16	66868717	66905045	41161	0	32768	32768	False	60
719	0a7f9174-bf5f-4c8c-b588-8ba6a2136eef	chr16	66868717	66905045	41161	8393	41161	32768	False	60
720	ef435347-2964-4859-acae-e9d39b711e1f	chr16	57767593	57800655	32554	0	32554	32554	False	60
721	91e9f1b0-3667-46f5-bd2a-527c14f8a2d8	chr16	57769165	57804322	33964	0	32768	32768	True	60
722	91e9f1b0-3667-46f5-bd2a-527c14f8a2d8	chr16	57769165	57804322	33964	1196	33964	32768	True	60
723	91e9f1b0-3667-46f5-bd2a-527c14f8a2d8	chr16	57769165	57804322	33964	16384	33964	17580	True	60
724	91e9f1b0-3667-46f5-bd2a-527c14f8a2d8	chr16	57769165	57804322	33964	32768	33964	1196	True	60
725	024dda63-c022-4967-a7fe-e0cce15c8e32	chr16	57772253	57800275	27769	0	27769	27769	False	60
726	798e6c95-2855-4f33-8d16-025f15a77c9c	chr16	57773694	57800020	26288	0	26288	26288	True	60
727	91055423-48c1-4e8e-8337-bcaf8a828a92	chr16	57773772	57819404	45469	0	32768	32768	False	60
728	91055423-48c1-4e8e-8337-bcaf8a828a92	chr16	57773772	57819404	45469	12701	45469	32768	False	60
729	91055423-48c1-4e8e-8337-bcaf8a828a92	chr16	57773772	57819404	45469	16384	45469	29085	False	60
730	dce47006-b2dc-4cbd-8e29-91f5a0fbdd04	chr16	89765651	89801746	36086	0	32768	32768	True	60
731	dce47006-b2dc-4cbd-8e29-91f5a0fbdd04	chr16	89765651	89801746	36086	3318	36086	32768	True	60
732	dce47006-b2dc-4cbd-8e29-91f5a0fbdd04	chr16	89765651	89801746	36086	16384	36086	19702	True	60
733	dce47006-b2dc-4cbd-8e29-91f5a0fbdd04	chr16	89765651	89801746	36086	32768	36086	3318	True	60
734	ce31748c-5e99-4090-9445-949d32dfeba8	chr16	89773638	89802555	28405	0	28405	28405	False	60
735	64f9729d-0d27-45b4-8b63-a779651f2ca0	chr16	89774038	89819051	89636	0	32768	32768	False	60
736	64f9729d-0d27-45b4-8b63-a779651f2ca0	chr16	89774038	89819051	89636	16384	49152	32768	False	60
737	64f9729d-0d27-45b4-8b63-a779651f2ca0	chr16	89774038	89819051	89636	32768	65536	32768	False	60
738	64f9729d-0d27-45b4-8b63-a779651f2ca0	chr16	89774038	89819051	89636	49152	81920	32768	False	60
739	64f9729d-0d27-45b4-8b63-a779651f2ca0	chr16	89774038	89819051	89636	56868	89636	32768	False	60
740	36323f8c-1935-4035-9122-574d88b76dc9	chr16	71761582	71803539	41912	0	32768	32768	True	60
741	36323f8c-1935-4035-9122-574d88b76dc9	chr16	71761582	71803539	41912	9144	41912	32768	True	60
742	36323f8c-1935-4035-9122-574d88b76dc9	chr16	71761582	71803539	41912	16384	41912	25528	True	60
743	36323f8c-1935-4035-9122-574d88b76dc9	chr16	71761582	71803539	41912	32768	41912	9144	True	60
744	8cb01262-43ac-4a01-8aa1-dedeed2bc738	chr16	71763589	71800549	36846	0	32768	32768	False	60
745	8cb01262-43ac-4a01-8aa1-dedeed2bc738	chr16	71763589	71800549	36846	4078	36846	32768	False	60
746	8cb01262-43ac-4a01-8aa1-dedeed2bc738	chr16	71763589	71800549	36846	16384	36846	20462	False	60
747	8cb01262-43ac-4a01-8aa1-dedeed2bc738	chr16	71763589	71800549	36846	32768	36846	4078	False	60
748	7e8a51a4-7bc3-48dd-bdc8-4a9ec942e10d	chr16	71767123	71810320	43024	0	32768	32768	True	60
749	7e8a51a4-7bc3-48dd-bdc8-4a9ec942e10d	chr16	71767123	71810320	43024	10256	43024	32768	True	60
750	8bc48d5c-b389-4a15-957b-da3a8e005c82	chr16	87267686	87311489	43390	0	32768	32768	True	60
751	8bc48d5c-b389-4a15-957b-da3a8e005c82	chr16	87267686	87311489	43390	10622	43390	32768	True	60
752	8bc48d5c-b389-4a15-957b-da3a8e005c82	chr16	87267686	87311489	43390	16384	43390	27006	True	60
753	8bc48d5c-b389-4a15-957b-da3a8e005c82	chr16	87267686	87311489	43390	32768	43390	10622	True	60
754	7d035ba0-218e-44a8-b160-e35cf797f5ec	chr16	87276138	87332376	56163	0	32768	32768	False	60
755	7d035ba0-218e-44a8-b160-e35cf797f5ec	chr16	87276138	87332376	56163	16384	49152	32768	False	60
756	7d035ba0-218e-44a8-b160-e35cf797f5ec	chr16	87276138	87332376	56163	23395	56163	32768	False	60
757	7d035ba0-218e-44a8-b160-e35cf797f5ec	chr16	87276138	87332376	56163	32768	56163	23395	False	60
758	7d035ba0-218e-44a8-b160-e35cf797f5ec	chr16	87276138	87332376	56163	49152	56163	7011	False	60
759	b6283f92-67c6-447f-853e-c134d663ecbf	chr16	87279961	87300068	19623	0	19623	19623	False	60
760	8a7066fe-5cc4-400a-8727-555733a3e36d	chr16	84567543	84601309	33727	0	32768	32768	False	60
761	8a7066fe-5cc4-400a-8727-555733a3e36d	chr16	84567543	84601309	33727	959	33727	32768	False	60
762	8a7066fe-5cc4-400a-8727-555733a3e36d	chr16	84567543	84601309	33727	16384	33727	17343	False	60
763	8a7066fe-5cc4-400a-8727-555733a3e36d	chr16	84567543	84601309	33727	32768	33727	959	False	60
764	050040d6-d84d-40ee-bc4a-ac2fb5257eb3	chr16	84567591	84605348	35799	0	32768	32768	True	60
765	050040d6-d84d-40ee-bc4a-ac2fb5257eb3	chr16	84567591	84605348	35799	3031	35799	32768	True	60
766	050040d6-d84d-40ee-bc4a-ac2fb5257eb3	chr16	84567591	84605348	35799	16384	35799	19415	True	60
767	050040d6-d84d-40ee-bc4a-ac2fb5257eb3	chr16	84567591	84605348	35799	32768	35799	3031	True	60
768	4bd61f58-9705-4a73-8af7-aab1ca105a78	chr16	84574816	84608567	32803	0	32768	32768	True	60
769	4bd61f58-9705-4a73-8af7-aab1ca105a78	chr16	84574816	84608567	32803	35	32803	32768	True	60
770	a6599430-9035-4464-beaf-ace9bd71716e	chr16	86476757	86520591	43497	0	32768	32768	True	60
771	a6599430-9035-4464-beaf-ace9bd71716e	chr16	86476757	86520591	43497	10729	43497	32768	True	60
772	a6599430-9035-4464-beaf-ace9bd71716e	chr16	86476757	86520591	43497	16384	43497	27113	True	60
773	a6599430-9035-4464-beaf-ace9bd71716e	chr16	86476757	86520591	43497	32768	43497	10729	True	60
774	5ac0397d-dc5b-4325-8716-8df742a1d8cb	chr16	86481037	86524234	42086	0	32768	32768	False	60
775	5ac0397d-dc5b-4325-8716-8df742a1d8cb	chr16	86481037	86524234	42086	9318	42086	32768	False	60
776	5ac0397d-dc5b-4325-8716-8df742a1d8cb	chr16	86481037	86524234	42086	16384	42086	25702	False	60
777	5ac0397d-dc5b-4325-8716-8df742a1d8cb	chr16	86481037	86524234	42086	32768	42086	9318	False	60
778	904305c4-5b01-47ff-b0b0-234d8ca3f95b	chr16	86483999	86504222	20201	0	20201	20201	False	60
779	b3c1d802-880e-4478-9b3d-ed39ae2735ba	chr16	86484079	86521383	37114	0	32768	32768	False	60
780	62ae6381-2c8d-412f-ac9e-b53e997cf301	chr16	89166234	89207017	39284	0	32768	32768	False	60
781	62ae6381-2c8d-412f-ac9e-b53e997cf301	chr16	89166234	89207017	39284	6516	39284	32768	False	60
782	62ae6381-2c8d-412f-ac9e-b53e997cf301	chr16	89166234	89207017	39284	16384	39284	22900	False	60
783	62ae6381-2c8d-412f-ac9e-b53e997cf301	chr16	89166234	89207017	39284	32768	39284	6516	False	60
784	67bf6a6d-ff10-441a-8106-877cfebed62d	chr16	89168397	89209665	40708	0	32768	32768	True	60
785	67bf6a6d-ff10-441a-8106-877cfebed62d	chr16	89168397	89209665	40708	7940	40708	32768	True	60
786	67bf6a6d-ff10-441a-8106-877cfebed62d	chr16	89168397	89209665	40708	16384	40708	24324	True	60
787	67bf6a6d-ff10-441a-8106-877cfebed62d	chr16	89168397	89209665	40708	32768	40708	7940	True	60
788	c47a7a12-51a8-4632-a843-39bbd31702f9	chr16	89170057	89206506	36429	0	32768	32768	False	60
789	c47a7a12-51a8-4632-a843-39bbd31702f9	chr16	89170057	89206506	36429	3661	36429	32768	False	60
790	66537930-5a79-41c1-8914-29698ecefd70	chr16	4663365	4716356	52374	0	32768	32768	False	60
791	66537930-5a79-41c1-8914-29698ecefd70	chr16	4663365	4716356	52374	16384	49152	32768	False	60
792	66537930-5a79-41c1-8914-29698ecefd70	chr16	4663365	4716356	52374	19606	52374	32768	False	60
793	66537930-5a79-41c1-8914-29698ecefd70	chr16	4663365	4716356	52374	32768	52374	19606	False	60
794	66537930-5a79-41c1-8914-29698ecefd70	chr16	4663365	4716356	52374	49152	52374	3222	False	60
795	b3195b41-7827-4ee4-9928-cff4870fdc40	chr16	4663365	4716356	52094	0	32768	32768	True	60
796	b3195b41-7827-4ee4-9928-cff4870fdc40	chr16	4663365	4716356	52094	16384	49152	32768	True	60
797	b3195b41-7827-4ee4-9928-cff4870fdc40	chr16	4663365	4716356	52094	19326	52094	32768	True	60
798	b3195b41-7827-4ee4-9928-cff4870fdc40	chr16	4663365	4716356	52094	32768	52094	19326	True	60
799	b3195b41-7827-4ee4-9928-cff4870fdc40	chr16	4663365	4716356	52094	49152	52094	2942	True	60
800	fc1afebd-9a03-46d9-af1d-d730d8a39e1a	chr16	88968601	89000049	31444	0	31444	31444	True	60
801	9e8eb84b-eebf-4c35-8cf6-71f231abedab	chr16	88974064	89002268	37516	0	32768	32768	False	60
802	9e8eb84b-eebf-4c35-8cf6-71f231abedab	chr16	88974064	89002268	37516	4748	37516	32768	False	60
803	9e8eb84b-eebf-4c35-8cf6-71f231abedab	chr16	88974064	89002268	37516	16384	37516	21132	False	60
804	9e8eb84b-eebf-4c35-8cf6-71f231abedab	chr16	88974064	89002268	37516	32768	37516	4748	False	60
805	97606817-3bdf-4d84-8ff6-7faf8f2ef562	chr16	88975407	89007294	31105	0	31105	31105	True	60
806	8bd554f4-fe2c-4283-9344-a46526f22183	chr16	88979157	89006224	27602	0	27602	27602	False	60
807	3ec1ba83-5d4f-42fd-92b4-2cec214d89a5	chr16	88981482	89007294	26885	0	26885	26885	False	60
808	0e120088-3c7a-40c8-aa2d-7514c20c3ca8	chr16	88981902	89030181	49882	0	32768	32768	True	60
809	0e120088-3c7a-40c8-aa2d-7514c20c3ca8	chr16	88981902	89030181	49882	16384	49152	32768	True	60
810	be3de86b-d543-4442-acce-344fb05f35ca	chr16	56959271	57007482	47974	0	32768	32768	False	60
811	be3de86b-d543-4442-acce-344fb05f35ca	chr16	56959271	57007482	47974	15206	47974	32768	False	60
812	be3de86b-d543-4442-acce-344fb05f35ca	chr16	56959271	57007482	47974	16384	47974	31590	False	60
813	be3de86b-d543-4442-acce-344fb05f35ca	chr16	56959271	57007482	47974	32768	47974	15206	False	60
814	83a6a66a-dc9a-4a9c-8281-e22bbd14479c	chr16	56959271	57007484	48078	0	32768	32768	True	60
815	83a6a66a-dc9a-4a9c-8281-e22bbd14479c	chr16	56959271	57007484	48078	15310	48078	32768	True	60
816	83a6a66a-dc9a-4a9c-8281-e22bbd14479c	chr16	56959271	57007484	48078	16384	48078	31694	True	60
817	83a6a66a-dc9a-4a9c-8281-e22bbd14479c	chr16	56959271	57007484	48078	32768	48078	15310	True	60
818	62f02b6f-077e-41d5-a260-7036bb2744b1	chr16	56960016	57002785	42764	0	32768	32768	False	60
819	62f02b6f-077e-41d5-a260-7036bb2744b1	chr16	56960016	57002785	42764	9996	42764	32768	False	60
820	a3da2617-9849-431d-8eb7-56b3d152bd63	chr16	88866993	88928902	62444	0	32768	32768	True	60
821	a3da2617-9849-431d-8eb7-56b3d152bd63	chr16	88866993	88928902	62444	16384	49152	32768	True	60
822	a3da2617-9849-431d-8eb7-56b3d152bd63	chr16	88866993	88928902	62444	29676	62444	32768	True	60
823	a3da2617-9849-431d-8eb7-56b3d152bd63	chr16	88866993	88928902	62444	32768	62444	29676	True	60
824	a3da2617-9849-431d-8eb7-56b3d152bd63	chr16	88866993	88928902	62444	49152	62444	13292	True	60
825	02af141e-6145-4d33-a174-8866a1bfebb6	chr16	88870754	88902993	33308	0	32768	32768	False	60
826	02af141e-6145-4d33-a174-8866a1bfebb6	chr16	88870754	88902993	33308	540	33308	32768	False	60
827	02af141e-6145-4d33-a174-8866a1bfebb6	chr16	88870754	88902993	33308	16384	33308	16924	False	60
828	02af141e-6145-4d33-a174-8866a1bfebb6	chr16	88870754	88902993	33308	32768	33308	540	False	60
829	e80698dc-3b19-4875-8693-5db98670e1ff	chr16	88876643	88901329	24315	0	24315	24315	False	60
830	35619906-ca05-43b1-af3a-760a7c346f95	chr16	67428618	67510747	81924	0	32768	32768	False	60
831	35619906-ca05-43b1-af3a-760a7c346f95	chr16	67428618	67510747	81924	16384	49152	32768	False	60
832	35619906-ca05-43b1-af3a-760a7c346f95	chr16	67428618	67510747	81924	32768	65536	32768	False	60
833	35619906-ca05-43b1-af3a-760a7c346f95	chr16	67428618	67510747	81924	49152	81920	32768	False	60
834	35619906-ca05-43b1-af3a-760a7c346f95	chr16	67428618	67510747	81924	49156	81924	32768	False	60
835	35619906-ca05-43b1-af3a-760a7c346f95	chr16	67428618	67510747	81924	65536	81924	16388	False	60
836	35619906-ca05-43b1-af3a-760a7c346f95	chr16	67428618	67510747	81924	81920	81924	4	False	60
837	44d8b86a-f7fd-4c43-b562-f348b1d34868	chr16	67450166	67506731	56506	0	32768	32768	True	60
838	44d8b86a-f7fd-4c43-b562-f348b1d34868	chr16	67450166	67506731	56506	16384	49152	32768	True	60
839	44d8b86a-f7fd-4c43-b562-f348b1d34868	chr16	67450166	67506731	56506	23738	56506	32768	True	60
840	4b96d81b-b9a0-4048-b7e8-432950acec5c	chr16	51071	102350	51544	0	32768	32768	True	60
841	4b96d81b-b9a0-4048-b7e8-432950acec5c	chr16	51071	102350	51544	16384	49152	32768	True	60
842	4b96d81b-b9a0-4048-b7e8-432950acec5c	chr16	51071	102350	51544	18776	51544	32768	True	60
843	4b96d81b-b9a0-4048-b7e8-432950acec5c	chr16	51071	102350	51544	32768	51544	18776	True	60
844	4b96d81b-b9a0-4048-b7e8-432950acec5c	chr16	51071	102350	51544	49152	51544	2392	True	60
845	f67562fa-0496-41dd-a7f9-769045e76451	chr16	65933	101183	35784	0	32768	32768	True	60
846	f67562fa-0496-41dd-a7f9-769045e76451	chr16	65933	101183	35784	3016	35784	32768	True	60
847	f67562fa-0496-41dd-a7f9-769045e76451	chr16	65933	101183	35784	16384	35784	19400	True	60
848	f67562fa-0496-41dd-a7f9-769045e76451	chr16	65933	101183	35784	32768	35784	3016	True	60
849	c1bbffe9-8690-4dc8-bafb-ac79f463b7e2	chr16	72274	103642	31954	0	31954	31954	True	60
850	817e62c9-c822-447c-8593-caf37e9eb817	chr16	57057476	57108770	52767	0	32768	32768	False	60
851	817e62c9-c822-447c-8593-caf37e9eb817	chr16	57057476	57108770	52767	16384	49152	32768	False	60
852	817e62c9-c822-447c-8593-caf37e9eb817	chr16	57057476	57108770	52767	19999	52767	32768	False	60
853	817e62c9-c822-447c-8593-caf37e9eb817	chr16	57057476	57108770	52767	32768	52767	19999	False	60
854	817e62c9-c822-447c-8593-caf37e9eb817	chr16	57057476	57108770	52767	49152	52767	3615	False	60
855	23a499c5-4d79-465d-b54a-8354d881da8c	chr16	57068945	57106502	37542	0	32768	32768	True	60
856	23a499c5-4d79-465d-b54a-8354d881da8c	chr16	57068945	57106502	37542	4774	37542	32768	True	60
857	23a499c5-4d79-465d-b54a-8354d881da8c	chr16	57068945	57106502	37542	16384	37542	21158	True	60
858	23a499c5-4d79-465d-b54a-8354d881da8c	chr16	57068945	57106502	37542	32768	37542	4774	True	60
859	a863f65f-cff8-435c-a780-ae6d578ae41c	chr16	57075525	57103122	27560	0	27560	27560	False	60
860	0e15e113-dfe1-4143-8fdc-9d9c32b2a96e	chr16	23468943	23505982	37012	0	32768	32768	False	60
861	0e15e113-dfe1-4143-8fdc-9d9c32b2a96e	chr16	23468943	23505982	37012	4244	37012	32768	False	60
862	0e15e113-dfe1-4143-8fdc-9d9c32b2a96e	chr16	23468943	23505982	37012	16384	37012	20628	False	60
863	0e15e113-dfe1-4143-8fdc-9d9c32b2a96e	chr16	23468943	23505982	37012	32768	37012	4244	False	60
864	2d1a2ec0-9329-4725-bf4e-182b229489ef	chr16	23472528	23512560	39925	0	32768	32768	False	60
865	2d1a2ec0-9329-4725-bf4e-182b229489ef	chr16	23472528	23512560	39925	7157	39925	32768	False	60
866	2d1a2ec0-9329-4725-bf4e-182b229489ef	chr16	23472528	23512560	39925	16384	39925	23541	False	60
867	2d1a2ec0-9329-4725-bf4e-182b229489ef	chr16	23472528	23512560	39925	32768	39925	7157	False	60
868	5a49e9e7-e045-459f-9122-7bc2c33c7b4e	chr16	23476687	23502888	25714	0	25714	25714	True	60
869	85da4252-f1fb-4907-8fa2-62153ee9f263	chr16	23476926	23505502	28502	0	28502	28502	False	60
870	a5020f44-dd55-47ff-b26e-e1ce8fdcd020	chr16	857421	903879	47758	0	32768	32768	True	60
871	a5020f44-dd55-47ff-b26e-e1ce8fdcd020	chr16	857421	903879	47758	14990	47758	32768	True	60
872	a5020f44-dd55-47ff-b26e-e1ce8fdcd020	chr16	857421	903879	47758	16384	47758	31374	True	60
873	a5020f44-dd55-47ff-b26e-e1ce8fdcd020	chr16	857421	903879	47758	32768	47758	14990	True	60
874	35c59867-c8d7-40dd-b009-a3f9a72f5c32	chr16	857844	902558	46995	0	32768	32768	False	60
875	35c59867-c8d7-40dd-b009-a3f9a72f5c32	chr16	857844	902558	46995	14227	46995	32768	False	60
876	35c59867-c8d7-40dd-b009-a3f9a72f5c32	chr16	857844	902558	46995	16384	46995	30611	False	60
877	35c59867-c8d7-40dd-b009-a3f9a72f5c32	chr16	857844	902558	46995	32768	46995	14227	False	60
878	dc27a2eb-d722-48fa-b907-c9ed25230028	chr16	857891	902556	48319	0	32768	32768	True	60
879	dc27a2eb-d722-48fa-b907-c9ed25230028	chr16	857891	902556	48319	15551	48319	32768	True	60
880	9f8fd7bd-0029-4dc7-a699-de2f3d1aacb9	chr16	88242935	88306106	59843	0	32768	32768	True	60
881	9f8fd7bd-0029-4dc7-a699-de2f3d1aacb9	chr16	88242935	88306106	59843	16384	49152	32768	True	60
882	9f8fd7bd-0029-4dc7-a699-de2f3d1aacb9	chr16	88242935	88306106	59843	27075	59843	32768	True	60
883	9f8fd7bd-0029-4dc7-a699-de2f3d1aacb9	chr16	88242935	88306106	59843	32768	59843	27075	True	60
884	9f8fd7bd-0029-4dc7-a699-de2f3d1aacb9	chr16	88242935	88306106	59843	49152	59843	10691	True	60
885	80f46c23-d6a0-4bd6-8535-72cd59fd6f01	chr16	88262514	88300816	37139	0	32768	32768	False	60
886	80f46c23-d6a0-4bd6-8535-72cd59fd6f01	chr16	88262514	88300816	37139	4371	37139	32768	False	60
887	80f46c23-d6a0-4bd6-8535-72cd59fd6f01	chr16	88262514	88300816	37139	16384	37139	20755	False	60
888	80f46c23-d6a0-4bd6-8535-72cd59fd6f01	chr16	88262514	88300816	37139	32768	37139	4371	False	60
889	a03be1ec-5439-4934-abd3-2f3c7316fa7b	chr16	88269368	88353754	84129	0	32768	32768	False	60
890	902260a5-aa8c-450b-a386-a2231c0e4e9d	chr16	14270906	14308156	37168	0	32768	32768	True	60
891	902260a5-aa8c-450b-a386-a2231c0e4e9d	chr16	14270906	14308156	37168	4400	37168	32768	True	60
892	902260a5-aa8c-450b-a386-a2231c0e4e9d	chr16	14270906	14308156	37168	16384	37168	20784	True	60
893	902260a5-aa8c-450b-a386-a2231c0e4e9d	chr16	14270906	14308156	37168	32768	37168	4400	True	60
894	5cda0f77-4a05-4298-af27-0fbf5907442f	chr16	14271779	14308624	35980	0	32768	32768	True	60
895	5cda0f77-4a05-4298-af27-0fbf5907442f	chr16	14271779	14308624	35980	3212	35980	32768	True	60
896	5cda0f77-4a05-4298-af27-0fbf5907442f	chr16	14271779	14308624	35980	16384	35980	19596	True	60
897	5cda0f77-4a05-4298-af27-0fbf5907442f	chr16	14271779	14308624	35980	32768	35980	3212	True	60
898	fdab549c-480b-4ee2-a4ea-f794febcfe4e	chr16	14271799	14308624	35967	0	32768	32768	False	60
899	fdab549c-480b-4ee2-a4ea-f794febcfe4e	chr16	14271799	14308624	35967	3199	35967	32768	False	60
900	bb8c44ac-8671-4bd6-9d95-2644c580cf8e	chr16	89059363	89117869	69343	0	32768	32768	False	60
901	bb8c44ac-8671-4bd6-9d95-2644c580cf8e	chr16	89059363	89117869	69343	16384	49152	32768	False	60
902	bb8c44ac-8671-4bd6-9d95-2644c580cf8e	chr16	89059363	89117869	69343	32768	65536	32768	False	60
903	bb8c44ac-8671-4bd6-9d95-2644c580cf8e	chr16	89059363	89117869	69343	36575	69343	32768	False	60
904	bb8c44ac-8671-4bd6-9d95-2644c580cf8e	chr16	89059363	89117869	69343	49152	69343	20191	False	60
905	bb8c44ac-8671-4bd6-9d95-2644c580cf8e	chr16	89059363	89117869	69343	65536	69343	3807	False	60
906	c1d21d84-13a6-4720-975d-0cf97e243908	chr16	89060193	89105027	44418	0	32768	32768	True	60
907	c1d21d84-13a6-4720-975d-0cf97e243908	chr16	89060193	89105027	44418	11650	44418	32768	True	60
908	c1d21d84-13a6-4720-975d-0cf97e243908	chr16	89060193	89105027	44418	16384	44418	28034	True	60
909	c1d21d84-13a6-4720-975d-0cf97e243908	chr16	89060193	89105027	44418	32768	44418	11650	True	60
910	e941577f-f270-4307-973f-2e0f2c83841b	chr16	15844164	15907511	63054	0	32768	32768	True	60
911	e941577f-f270-4307-973f-2e0f2c83841b	chr16	15844164	15907511	63054	16384	49152	32768	True	60
912	e941577f-f270-4307-973f-2e0f2c83841b	chr16	15844164	15907511	63054	30286	63054	32768	True	60
913	e941577f-f270-4307-973f-2e0f2c83841b	chr16	15844164	15907511	63054	32768	63054	30286	True	60
914	e941577f-f270-4307-973f-2e0f2c83841b	chr16	15844164	15907511	63054	49152	63054	13902	True	60
915	08106c98-4b36-4cbb-90de-5126356c559a	chr16	15858235	15907424	49108	0	32768	32768	False	60
916	08106c98-4b36-4cbb-90de-5126356c559a	chr16	15858235	15907424	49108	16340	49108	32768	False	60
917	08106c98-4b36-4cbb-90de-5126356c559a	chr16	15858235	15907424	49108	16384	49108	32724	False	60
918	08106c98-4b36-4cbb-90de-5126356c559a	chr16	15858235	15907424	49108	32768	49108	16340	False	60
919	3f697cda-1e4d-4fa6-a170-29c4c8e4f5bc	chr16	15862426	15900109	36179	0	32768	32768	True	60
920	e618beaf-b00d-4ae8-b22e-712732a7b67a	chr16	2569462	2605884	36132	0	32768	32768	False	60
921	e618beaf-b00d-4ae8-b22e-712732a7b67a	chr16	2569462	2605884	36132	3364	36132	32768	False	60
922	e618beaf-b00d-4ae8-b22e-712732a7b67a	chr16	2569462	2605884	36132	16384	36132	19748	False	60
923	e618beaf-b00d-4ae8-b22e-712732a7b67a	chr16	2569462	2605884	36132	32768	36132	3364	False	60
924	7a0dd9b7-b370-4aab-823b-ce91292ce906	chr16	2576661	2604387	48227	0	32768	32768	True	54
925	7a0dd9b7-b370-4aab-823b-ce91292ce906	chr16	2576661	2604387	48227	15459	48227	32768	True	54
926	7a0dd9b7-b370-4aab-823b-ce91292ce906	chr16	2576661	2604387	48227	16384	48227	31843	True	54
927	7a0dd9b7-b370-4aab-823b-ce91292ce906	chr16	2576661	2604387	48227	32768	48227	15459	True	54
928	5fee59a1-d68f-444a-8eb0-e2ca18696017	chr16	2576663	2602926	25671	0	25671	25671	False	34
929	4a216758-4464-474c-9e8e-9aba7e75cc42	chr16	2578899	2604844	23374	0	23374	23374	False	38
930	f3a1f20b-3aa0-4a89-aa03-9c8cc0d5ecc9	chr16	67558296	67604250	45625	0	32768	32768	True	60
931	f3a1f20b-3aa0-4a89-aa03-9c8cc0d5ecc9	chr16	67558296	67604250	45625	12857	45625	32768	True	60
932	f3a1f20b-3aa0-4a89-aa03-9c8cc0d5ecc9	chr16	67558296	67604250	45625	16384	45625	29241	True	60
933	f3a1f20b-3aa0-4a89-aa03-9c8cc0d5ecc9	chr16	67558296	67604250	45625	32768	45625	12857	True	60
934	1ffca67b-bdff-46a3-b911-a0e08a42c984	chr16	67565526	67618492	51064	0	32768	32768	True	29
935	1ffca67b-bdff-46a3-b911-a0e08a42c984	chr16	67565526	67618492	51064	16384	49152	32768	True	29
936	1ffca67b-bdff-46a3-b911-a0e08a42c984	chr16	67565526	67618492	51064	18296	51064	32768	True	29
937	1ffca67b-bdff-46a3-b911-a0e08a42c984	chr16	67565526	67618492	51064	32768	51064	18296	True	29
938	1ffca67b-bdff-46a3-b911-a0e08a42c984	chr16	67565526	67618492	51064	49152	51064	1912	True	29
939	73a046c7-ac1d-46f0-8c80-ff9dcebdae49	chr16	67571116	67610035	42608	0	32768	32768	False	60
940	70bf692f-2658-4d9e-82f7-e918bde9bb34	chr16	353688	412656	60245	0	32768	32768	True	60
941	70bf692f-2658-4d9e-82f7-e918bde9bb34	chr16	353688	412656	60245	16384	49152	32768	True	60
942	70bf692f-2658-4d9e-82f7-e918bde9bb34	chr16	353688	412656	60245	27477	60245	32768	True	60
943	70bf692f-2658-4d9e-82f7-e918bde9bb34	chr16	353688	412656	60245	32768	60245	27477	True	60
944	70bf692f-2658-4d9e-82f7-e918bde9bb34	chr16	353688	412656	60245	49152	60245	11093	True	60
945	8989067d-386f-4ac2-a64f-cb9c222cdadc	chr16	376487	404274	27635	0	27635	27635	True	60
946	88ab9d69-cc23-4963-897e-406941c46cec	chr16	378261	400546	22586	0	22586	22586	False	60
947	25164a52-0a22-4c07-909e-7054616f6836	chr16	382736	403468	21020	0	21020	21020	False	60
948	3bdd6ad3-49cd-4aab-825e-205763590ac1	chr16	385523	420390	35146	0	32768	32768	False	60
949	3bdd6ad3-49cd-4aab-825e-205763590ac1	chr16	385523	420390	35146	2378	35146	32768	False	60
950	248d17aa-c300-4867-81e8-5fbbdab62c4e	chr16	70250052	70303791	53846	0	32768	32768	True	60
951	248d17aa-c300-4867-81e8-5fbbdab62c4e	chr16	70250052	70303791	53846	16384	49152	32768	True	60
952	248d17aa-c300-4867-81e8-5fbbdab62c4e	chr16	70250052	70303791	53846	21078	53846	32768	True	60
953	248d17aa-c300-4867-81e8-5fbbdab62c4e	chr16	70250052	70303791	53846	32768	53846	21078	True	60
954	248d17aa-c300-4867-81e8-5fbbdab62c4e	chr16	70250052	70303791	53846	49152	53846	4694	True	60
955	21af9307-6c3a-4e8a-bdc5-2b33a720ffeb	chr16	70250059	70303791	53674	0	32768	32768	False	60
956	21af9307-6c3a-4e8a-bdc5-2b33a720ffeb	chr16	70250059	70303791	53674	16384	49152	32768	False	60
957	21af9307-6c3a-4e8a-bdc5-2b33a720ffeb	chr16	70250059	70303791	53674	20906	53674	32768	False	60
958	21af9307-6c3a-4e8a-bdc5-2b33a720ffeb	chr16	70250059	70303791	53674	32768	53674	20906	False	60
959	21af9307-6c3a-4e8a-bdc5-2b33a720ffeb	chr16	70250059	70303791	53674	49152	53674	4522	False	60
960	c9beb706-d625-49e0-b3c4-de1e7c64800f	chr16	68167368	68203098	35271	0	32768	32768	True	60
961	c9beb706-d625-49e0-b3c4-de1e7c64800f	chr16	68167368	68203098	35271	2503	35271	32768	True	60
962	c9beb706-d625-49e0-b3c4-de1e7c64800f	chr16	68167368	68203098	35271	16384	35271	18887	True	60
963	c9beb706-d625-49e0-b3c4-de1e7c64800f	chr16	68167368	68203098	35271	32768	35271	2503	True	60
964	024e82c1-df1c-4959-be6f-80280356ef8b	chr16	68167919	68206802	38587	0	32768	32768	False	60
965	024e82c1-df1c-4959-be6f-80280356ef8b	chr16	68167919	68206802	38587	5819	38587	32768	False	60
966	024e82c1-df1c-4959-be6f-80280356ef8b	chr16	68167919	68206802	38587	16384	38587	22203	False	60
967	024e82c1-df1c-4959-be6f-80280356ef8b	chr16	68167919	68206802	38587	32768	38587	5819	False	60
968	cc18c13f-c9bd-4c8d-a3cb-a2decf0f3989	chr16	68175999	68203710	33506	0	32768	32768	False	60
969	cc18c13f-c9bd-4c8d-a3cb-a2decf0f3989	chr16	68175999	68203710	33506	738	33506	32768	False	60
970	9915f12f-df06-479f-af2c-938e49c7b15a	chr16	87570187	87605531	43628	0	32768	32768	True	60
971	9915f12f-df06-479f-af2c-938e49c7b15a	chr16	87570187	87605531	43628	10860	43628	32768	True	60
972	9915f12f-df06-479f-af2c-938e49c7b15a	chr16	87570187	87605531	43628	16384	43628	27244	True	60
973	9915f12f-df06-479f-af2c-938e49c7b15a	chr16	87570187	87605531	43628	32768	43628	10860	True	60
974	e051e0e6-210e-426d-97c3-9bf0f1c124d6	chr16	87573411	87619291	45992	0	32768	32768	False	60
975	e051e0e6-210e-426d-97c3-9bf0f1c124d6	chr16	87573411	87619291	45992	13224	45992	32768	False	60
976	e051e0e6-210e-426d-97c3-9bf0f1c124d6	chr16	87573411	87619291	45992	16384	45992	29608	False	60
977	e051e0e6-210e-426d-97c3-9bf0f1c124d6	chr16	87573411	87619291	45992	32768	45992	13224	False	60
978	026d4a73-4e3c-4617-9b3a-6206dc6986a4	chr16	87577174	87601283	24069	0	24069	24069	True	60
979	97a14d2f-c0e8-454d-8eae-4f16093620fb	chr16	87578492	87645671	67144	0	32768	32768	True	60
980	e82af088-bce6-483b-acaa-1cee7ba62f8e	chr16	66453892	66521691	71617	0	32768	32768	False	60
981	e82af088-bce6-483b-acaa-1cee7ba62f8e	chr16	66453892	66521691	71617	16384	49152	32768	False	60
982	e82af088-bce6-483b-acaa-1cee7ba62f8e	chr16	66453892	66521691	71617	32768	65536	32768	False	60
983	e82af088-bce6-483b-acaa-1cee7ba62f8e	chr16	66453892	66521691	71617	38849	71617	32768	False	60
984	e82af088-bce6-483b-acaa-1cee7ba62f8e	chr16	66453892	66521691	71617	49152	71617	22465	False	60
985	e82af088-bce6-483b-acaa-1cee7ba62f8e	chr16	66453892	66521691	71617	65536	71617	6081	False	60
986	fa35aaab-7c88-4d16-869b-42e92305fc87	chr16	66458618	66501138	42717	0	32768	32768	True	60
987	fa35aaab-7c88-4d16-869b-42e92305fc87	chr16	66458618	66501138	42717	9949	42717	32768	True	60
988	fa35aaab-7c88-4d16-869b-42e92305fc87	chr16	66458618	66501138	42717	16384	42717	26333	True	60
989	fa35aaab-7c88-4d16-869b-42e92305fc87	chr16	66458618	66501138	42717	32768	42717	9949	True	60
990	978a69dc-b6e2-4ed9-b6dd-649b3b52647c	chr16	30047492	30103215	55465	0	32768	32768	True	60
991	978a69dc-b6e2-4ed9-b6dd-649b3b52647c	chr16	30047492	30103215	55465	16384	49152	32768	True	60
992	978a69dc-b6e2-4ed9-b6dd-649b3b52647c	chr16	30047492	30103215	55465	22697	55465	32768	True	60
993	978a69dc-b6e2-4ed9-b6dd-649b3b52647c	chr16	30047492	30103215	55465	32768	55465	22697	True	60
994	978a69dc-b6e2-4ed9-b6dd-649b3b52647c	chr16	30047492	30103215	55465	49152	55465	6313	True	60
995	ceb83981-f917-4d61-a97b-eb1d0d8afa0d	chr16	30059344	30101230	41667	0	32768	32768	True	60
996	ceb83981-f917-4d61-a97b-eb1d0d8afa0d	chr16	30059344	30101230	41667	8899	41667	32768	True	60
997	ceb83981-f917-4d61-a97b-eb1d0d8afa0d	chr16	30059344	30101230	41667	16384	41667	25283	True	60
998	ceb83981-f917-4d61-a97b-eb1d0d8afa0d	chr16	30059344	30101230	41667	32768	41667	8899	True	60
999	8ff8ff4a-3449-45e8-8962-8b698fdf7d3a	chr16	30067564	30104263	36612	0	32768	32768	False	60
